<?xml version="1.0"?>
<measure>
  <schema_version>3.0</schema_version>
  <error>cannot load such file -- rdf/rdfxml</error>
  <name>create_doe_prototype_building</name>
  <uid>be90fd0b-a651-467a-bc8d-29d310b0f937</uid>
  <version_id>3feef6dc-fb16-4107-a7d9-7b4b6e9611fd</version_id>
  <version_modified>20221129T021120Z</version_modified>
  <xml_checksum>057E8D9D</xml_checksum>
  <class_name>CreateDOEPrototypeBuilding</class_name>
  <display_name>Create DOE Prototype Building</display_name>
  <description>Creates the DOE Reference Building Models as starting points for other analyses.</description>
  <modeler_description></modeler_description>
  <arguments>
    <argument>
      <name>building_type</name>
      <display_name>Building Type.</display_name>
      <description></description>
      <type>Choice</type>
      <units></units>
      <required>true</required>
      <model_dependent>false</model_dependent>
      <default_value>SmallOffice</default_value>
      <choices>
        <choice>
          <value>SecondarySchool</value>
          <display_name>SecondarySchool</display_name>
        </choice>
        <choice>
          <value>PrimarySchool</value>
          <display_name>PrimarySchool</display_name>
        </choice>
        <choice>
          <value>SmallOffice</value>
          <display_name>SmallOffice</display_name>
        </choice>
        <choice>
          <value>MediumOffice</value>
          <display_name>MediumOffice</display_name>
        </choice>
        <choice>
          <value>LargeOffice</value>
          <display_name>LargeOffice</display_name>
        </choice>
        <choice>
          <value>SmallHotel</value>
          <display_name>SmallHotel</display_name>
        </choice>
        <choice>
          <value>LargeHotel</value>
          <display_name>LargeHotel</display_name>
        </choice>
        <choice>
          <value>Warehouse</value>
          <display_name>Warehouse</display_name>
        </choice>
        <choice>
          <value>RetailStandalone</value>
          <display_name>RetailStandalone</display_name>
        </choice>
        <choice>
          <value>RetailStripmall</value>
          <display_name>RetailStripmall</display_name>
        </choice>
        <choice>
          <value>QuickServiceRestaurant</value>
          <display_name>QuickServiceRestaurant</display_name>
        </choice>
        <choice>
          <value>FullServiceRestaurant</value>
          <display_name>FullServiceRestaurant</display_name>
        </choice>
        <choice>
          <value>MidriseApartment</value>
          <display_name>MidriseApartment</display_name>
        </choice>
        <choice>
          <value>HighriseApartment</value>
          <display_name>HighriseApartment</display_name>
        </choice>
        <choice>
          <value>Hospital</value>
          <display_name>Hospital</display_name>
        </choice>
        <choice>
          <value>Outpatient</value>
          <display_name>Outpatient</display_name>
        </choice>
        <choice>
          <value>Laboratory</value>
          <display_name>Laboratory</display_name>
        </choice>
        <choice>
          <value>LargeDataCenterHighITE</value>
          <display_name>LargeDataCenterHighITE</display_name>
        </choice>
        <choice>
          <value>LargeDataCenterLowITE</value>
          <display_name>LargeDataCenterLowITE</display_name>
        </choice>
        <choice>
          <value>SmallDataCenterHighITE</value>
          <display_name>SmallDataCenterHighITE</display_name>
        </choice>
        <choice>
          <value>SmallDataCenterLowITE</value>
          <display_name>SmallDataCenterLowITE</display_name>
        </choice>
      </choices>
      <min_value></min_value>
      <max_value></max_value>
    </argument>
    <argument>
      <name>template</name>
      <display_name>Template.</display_name>
      <description></description>
      <type>Choice</type>
      <units></units>
      <required>true</required>
      <model_dependent>false</model_dependent>
      <default_value>90.1-2010</default_value>
      <choices>
        <choice>
          <value>DOE Ref Pre-1980</value>
          <display_name>DOE Ref Pre-1980</display_name>
        </choice>
        <choice>
          <value>DOE Ref 1980-2004</value>
          <display_name>DOE Ref 1980-2004</display_name>
        </choice>
        <choice>
          <value>90.1-2004</value>
          <display_name>90.1-2004</display_name>
        </choice>
        <choice>
          <value>90.1-2007</value>
          <display_name>90.1-2007</display_name>
        </choice>
        <choice>
          <value>90.1-2010</value>
          <display_name>90.1-2010</display_name>
        </choice>
        <choice>
          <value>90.1-2013</value>
          <display_name>90.1-2013</display_name>
        </choice>
        <choice>
          <value>90.1-2016</value>
          <display_name>90.1-2016</display_name>
        </choice>
        <choice>
          <value>NECB 2011</value>
          <display_name>NECB 2011</display_name>
        </choice>
      </choices>
      <min_value></min_value>
      <max_value></max_value>
    </argument>
    <argument>
      <name>climate_zone</name>
      <display_name>Climate Zone.</display_name>
      <description></description>
      <type>Choice</type>
      <units></units>
      <required>true</required>
      <model_dependent>false</model_dependent>
      <default_value>ASHRAE 169-2013-2A</default_value>
      <choices>
        <choice>
          <value>ASHRAE 169-2013-1A</value>
          <display_name>ASHRAE 169-2013-1A</display_name>
        </choice>
        <choice>
          <value>ASHRAE 169-2013-2A</value>
          <display_name>ASHRAE 169-2013-2A</display_name>
        </choice>
        <choice>
          <value>ASHRAE 169-2013-2B</value>
          <display_name>ASHRAE 169-2013-2B</display_name>
        </choice>
        <choice>
          <value>ASHRAE 169-2013-3A</value>
          <display_name>ASHRAE 169-2013-3A</display_name>
        </choice>
        <choice>
          <value>ASHRAE 169-2013-3B</value>
          <display_name>ASHRAE 169-2013-3B</display_name>
        </choice>
        <choice>
          <value>ASHRAE 169-2013-3C</value>
          <display_name>ASHRAE 169-2013-3C</display_name>
        </choice>
        <choice>
          <value>ASHRAE 169-2013-4A</value>
          <display_name>ASHRAE 169-2013-4A</display_name>
        </choice>
        <choice>
          <value>ASHRAE 169-2013-4B</value>
          <display_name>ASHRAE 169-2013-4B</display_name>
        </choice>
        <choice>
          <value>ASHRAE 169-2013-4C</value>
          <display_name>ASHRAE 169-2013-4C</display_name>
        </choice>
        <choice>
          <value>ASHRAE 169-2013-5A</value>
          <display_name>ASHRAE 169-2013-5A</display_name>
        </choice>
        <choice>
          <value>ASHRAE 169-2013-5B</value>
          <display_name>ASHRAE 169-2013-5B</display_name>
        </choice>
        <choice>
          <value>ASHRAE 169-2013-6A</value>
          <display_name>ASHRAE 169-2013-6A</display_name>
        </choice>
        <choice>
          <value>ASHRAE 169-2013-6B</value>
          <display_name>ASHRAE 169-2013-6B</display_name>
        </choice>
        <choice>
          <value>ASHRAE 169-2013-7A</value>
          <display_name>ASHRAE 169-2013-7A</display_name>
        </choice>
        <choice>
          <value>ASHRAE 169-2013-8A</value>
          <display_name>ASHRAE 169-2013-8A</display_name>
        </choice>
        <choice>
          <value>NECB HDD Method</value>
          <display_name>NECB HDD Method</display_name>
        </choice>
      </choices>
      <min_value></min_value>
      <max_value></max_value>
    </argument>
    <argument>
      <name>epw_file</name>
      <display_name>Climate File (NECB only)</display_name>
      <description></description>
      <type>Choice</type>
      <units></units>
      <required>true</required>
      <model_dependent>false</model_dependent>
      <default_value>Not Applicable</default_value>
      <choices>
        <choice>
          <value>Not Applicable</value>
          <display_name>Not Applicable</display_name>
        </choice>
        <choice>
          <value>ALTURAS_725958_CZ2010.epw</value>
          <display_name>ALTURAS_725958_CZ2010.epw</display_name>
        </choice>
        <choice>
          <value>ARCATA_725945_CZ2010.epw</value>
          <display_name>ARCATA_725945_CZ2010.epw</display_name>
        </choice>
        <choice>
          <value>ARE_DU_Dubai.Intl.AP.411940_TMYx.epw</value>
          <display_name>ARE_DU_Dubai.Intl.AP.411940_TMYx.epw</display_name>
        </choice>
        <choice>
          <value>BAKERSFIELD_723840_CZ2010.epw</value>
          <display_name>BAKERSFIELD_723840_CZ2010.epw</display_name>
        </choice>
        <choice>
          <value>BISHOP_724800_CZ2010.epw</value>
          <display_name>BISHOP_724800_CZ2010.epw</display_name>
        </choice>
        <choice>
          <value>BLUE-CANYON_725845_CZ2010.epw</value>
          <display_name>BLUE-CANYON_725845_CZ2010.epw</display_name>
        </choice>
        <choice>
          <value>BLYTHE-RIVERSIDE-CO_747188_CZ2010.epw</value>
          <display_name>BLYTHE-RIVERSIDE-CO_747188_CZ2010.epw</display_name>
        </choice>
        <choice>
          <value>BURBANK-GLENDALE_722880_CZ2010.epw</value>
          <display_name>BURBANK-GLENDALE_722880_CZ2010.epw</display_name>
        </choice>
        <choice>
          <value>CAMARILLO_723926_CZ2010.epw</value>
          <display_name>CAMARILLO_723926_CZ2010.epw</display_name>
        </choice>
        <choice>
          <value>CAMP-PENDLETON_722926_CZ2010.epw</value>
          <display_name>CAMP-PENDLETON_722926_CZ2010.epw</display_name>
        </choice>
        <choice>
          <value>CARLSBAD_722927_CZ2010.epw</value>
          <display_name>CARLSBAD_722927_CZ2010.epw</display_name>
        </choice>
        <choice>
          <value>CHINA-LAKE_746120_CZ2010.epw</value>
          <display_name>CHINA-LAKE_746120_CZ2010.epw</display_name>
        </choice>
        <choice>
          <value>CHINO_722899_CZ2010.epw</value>
          <display_name>CHINO_722899_CZ2010.epw</display_name>
        </choice>
        <choice>
          <value>CONCORD_724936_CZ2010.epw</value>
          <display_name>CONCORD_724936_CZ2010.epw</display_name>
        </choice>
        <choice>
          <value>CRESCENT-CITY_725946_CZ2010.epw</value>
          <display_name>CRESCENT-CITY_725946_CZ2010.epw</display_name>
        </choice>
        <choice>
          <value>DAGGETT-BARSTOW_723815_CZ2010.epw</value>
          <display_name>DAGGETT-BARSTOW_723815_CZ2010.epw</display_name>
        </choice>
        <choice>
          <value>EDWARDS-AFB_723810_CZ2010.epw</value>
          <display_name>EDWARDS-AFB_723810_CZ2010.epw</display_name>
        </choice>
        <choice>
          <value>EL-CENTRO_722810_CZ2010.epw</value>
          <display_name>EL-CENTRO_722810_CZ2010.epw</display_name>
        </choice>
        <choice>
          <value>EUREKA_725940_CZ2010.epw</value>
          <display_name>EUREKA_725940_CZ2010.epw</display_name>
        </choice>
        <choice>
          <value>FAIRFLD-TRAVIS-AFB_745160_CZ2010.epw</value>
          <display_name>FAIRFLD-TRAVIS-AFB_745160_CZ2010.epw</display_name>
        </choice>
        <choice>
          <value>FRESNO_723890_CZ2010.epw</value>
          <display_name>FRESNO_723890_CZ2010.epw</display_name>
        </choice>
        <choice>
          <value>FULLERTON_722976_CZ2010.epw</value>
          <display_name>FULLERTON_722976_CZ2010.epw</display_name>
        </choice>
        <choice>
          <value>HAWTHORNE-NORTHROP-FLD_722956_CZ2010.epw</value>
          <display_name>HAWTHORNE-NORTHROP-FLD_722956_CZ2010.epw</display_name>
        </choice>
        <choice>
          <value>HAYWARD_724935_CZ2010.epw</value>
          <display_name>HAYWARD_724935_CZ2010.epw</display_name>
        </choice>
        <choice>
          <value>IMPERIAL-BEACH_722909_CZ2010.epw</value>
          <display_name>IMPERIAL-BEACH_722909_CZ2010.epw</display_name>
        </choice>
        <choice>
          <value>IMPERIAL_747185_CZ2010.epw</value>
          <display_name>IMPERIAL_747185_CZ2010.epw</display_name>
        </choice>
        <choice>
          <value>IND_DL_New.Delhi-Safdarjung.AP.421820_TMYx.epw</value>
          <display_name>IND_DL_New.Delhi-Safdarjung.AP.421820_TMYx.epw</display_name>
        </choice>
        <choice>
          <value>INYOKERN_723826_CZ2010.epw</value>
          <display_name>INYOKERN_723826_CZ2010.epw</display_name>
        </choice>
        <choice>
          <value>LANCASTER_723816_CZ2010.epw</value>
          <display_name>LANCASTER_723816_CZ2010.epw</display_name>
        </choice>
        <choice>
          <value>LEMOORE_747020_CZ2010.epw</value>
          <display_name>LEMOORE_747020_CZ2010.epw</display_name>
        </choice>
        <choice>
          <value>LIVERMORE_724927_CZ2010.epw</value>
          <display_name>LIVERMORE_724927_CZ2010.epw</display_name>
        </choice>
        <choice>
          <value>LOMPOC_722895_CZ2010.epw</value>
          <display_name>LOMPOC_722895_CZ2010.epw</display_name>
        </choice>
        <choice>
          <value>LONG-BEACH_722970_CZ2010.epw</value>
          <display_name>LONG-BEACH_722970_CZ2010.epw</display_name>
        </choice>
        <choice>
          <value>LOS-ALAMITOS_722975_CZ2010.epw</value>
          <display_name>LOS-ALAMITOS_722975_CZ2010.epw</display_name>
        </choice>
        <choice>
          <value>LOS-ANGELES-DOWNTOWN_722874_CZ2010.epw</value>
          <display_name>LOS-ANGELES-DOWNTOWN_722874_CZ2010.epw</display_name>
        </choice>
        <choice>
          <value>LOS-ANGELES-INTL_722950_CZ2010.epw</value>
          <display_name>LOS-ANGELES-INTL_722950_CZ2010.epw</display_name>
        </choice>
        <choice>
          <value>MARYSVILLE-BEALE-AFB_724837_CZ2010.epw</value>
          <display_name>MARYSVILLE-BEALE-AFB_724837_CZ2010.epw</display_name>
        </choice>
        <choice>
          <value>MERCED_724815_CZ2010.epw</value>
          <display_name>MERCED_724815_CZ2010.epw</display_name>
        </choice>
        <choice>
          <value>MODESTO_724926_CZ2010.epw</value>
          <display_name>MODESTO_724926_CZ2010.epw</display_name>
        </choice>
        <choice>
          <value>MOJAVE_722953_CZ2010.epw</value>
          <display_name>MOJAVE_722953_CZ2010.epw</display_name>
        </choice>
        <choice>
          <value>MONTAGUE-SISKIYOU-CO_725955_CZ2010.epw</value>
          <display_name>MONTAGUE-SISKIYOU-CO_725955_CZ2010.epw</display_name>
        </choice>
        <choice>
          <value>MONTEREY_724915_CZ2010.epw</value>
          <display_name>MONTEREY_724915_CZ2010.epw</display_name>
        </choice>
        <choice>
          <value>MOUNT-SHASTA_725957_CZ2010.epw</value>
          <display_name>MOUNT-SHASTA_725957_CZ2010.epw</display_name>
        </choice>
        <choice>
          <value>NAPA-CO_724955_CZ2010.epw</value>
          <display_name>NAPA-CO_724955_CZ2010.epw</display_name>
        </choice>
        <choice>
          <value>NEEDLES_723805_CZ2010.epw</value>
          <display_name>NEEDLES_723805_CZ2010.epw</display_name>
        </choice>
        <choice>
          <value>OAKLAND_724930_CZ2010.epw</value>
          <display_name>OAKLAND_724930_CZ2010.epw</display_name>
        </choice>
        <choice>
          <value>OXNARD_723927_CZ2010.epw</value>
          <display_name>OXNARD_723927_CZ2010.epw</display_name>
        </choice>
        <choice>
          <value>PALM-SPRINGS-INTL_722868_CZ2010.epw</value>
          <display_name>PALM-SPRINGS-INTL_722868_CZ2010.epw</display_name>
        </choice>
        <choice>
          <value>PALM-SPRINGS-THERMAL_747187_CZ2010.epw</value>
          <display_name>PALM-SPRINGS-THERMAL_747187_CZ2010.epw</display_name>
        </choice>
        <choice>
          <value>PALMDALE_723820_CZ2010.epw</value>
          <display_name>PALMDALE_723820_CZ2010.epw</display_name>
        </choice>
        <choice>
          <value>PALO-ALTO_724937_CZ2010.epw</value>
          <display_name>PALO-ALTO_724937_CZ2010.epw</display_name>
        </choice>
        <choice>
          <value>PASO-ROBLES_723965_CZ2010.epw</value>
          <display_name>PASO-ROBLES_723965_CZ2010.epw</display_name>
        </choice>
        <choice>
          <value>POINT-MUGU_723910_CZ2010.epw</value>
          <display_name>POINT-MUGU_723910_CZ2010.epw</display_name>
        </choice>
        <choice>
          <value>PORTERVILLE_723895_CZ2010.epw</value>
          <display_name>PORTERVILLE_723895_CZ2010.epw</display_name>
        </choice>
        <choice>
          <value>RED-BLUFF_725910_CZ2010.epw</value>
          <display_name>RED-BLUFF_725910_CZ2010.epw</display_name>
        </choice>
        <choice>
          <value>REDDING_725920_CZ2010.epw</value>
          <display_name>REDDING_725920_CZ2010.epw</display_name>
        </choice>
        <choice>
          <value>RIVERSIDE-MARCH-AFB_722860_CZ2010.epw</value>
          <display_name>RIVERSIDE-MARCH-AFB_722860_CZ2010.epw</display_name>
        </choice>
        <choice>
          <value>RIVERSIDE_722869_CZ2010.epw</value>
          <display_name>RIVERSIDE_722869_CZ2010.epw</display_name>
        </choice>
        <choice>
          <value>SACRAMENTO-EXECUTIVE_724830_CZ2010.epw</value>
          <display_name>SACRAMENTO-EXECUTIVE_724830_CZ2010.epw</display_name>
        </choice>
        <choice>
          <value>SACRAMENTO-METRO_724839_CZ2010.epw</value>
          <display_name>SACRAMENTO-METRO_724839_CZ2010.epw</display_name>
        </choice>
        <choice>
          <value>SALINAS_724917_CZ2010.epw</value>
          <display_name>SALINAS_724917_CZ2010.epw</display_name>
        </choice>
        <choice>
          <value>SAN-CARLOS_724938_CZ2010.epw</value>
          <display_name>SAN-CARLOS_724938_CZ2010.epw</display_name>
        </choice>
        <choice>
          <value>SAN-CLEMENTE-IS_722925_CZ2010.epw</value>
          <display_name>SAN-CLEMENTE-IS_722925_CZ2010.epw</display_name>
        </choice>
        <choice>
          <value>SAN-DIEGO-GILLESPIE_722907_CZ2010.epw</value>
          <display_name>SAN-DIEGO-GILLESPIE_722907_CZ2010.epw</display_name>
        </choice>
        <choice>
          <value>SAN-DIEGO-LINDBERGH_722900_CZ2010.epw</value>
          <display_name>SAN-DIEGO-LINDBERGH_722900_CZ2010.epw</display_name>
        </choice>
        <choice>
          <value>SAN-DIEGO-MONTGOMER_722903_CZ2010.epw</value>
          <display_name>SAN-DIEGO-MONTGOMER_722903_CZ2010.epw</display_name>
        </choice>
        <choice>
          <value>SAN-DIEGO-NORTH-IS_722906_CZ2010.epw</value>
          <display_name>SAN-DIEGO-NORTH-IS_722906_CZ2010.epw</display_name>
        </choice>
        <choice>
          <value>SAN-FRANCISCO-INTL_724940_CZ2010.epw</value>
          <display_name>SAN-FRANCISCO-INTL_724940_CZ2010.epw</display_name>
        </choice>
        <choice>
          <value>SAN-JOSE-INTL_724945_CZ2010.epw</value>
          <display_name>SAN-JOSE-INTL_724945_CZ2010.epw</display_name>
        </choice>
        <choice>
          <value>SAN-JOSE-REID_724946_CZ2010.epw</value>
          <display_name>SAN-JOSE-REID_724946_CZ2010.epw</display_name>
        </choice>
        <choice>
          <value>SAN-LUIS-CO_722897_CZ2010.epw</value>
          <display_name>SAN-LUIS-CO_722897_CZ2010.epw</display_name>
        </choice>
        <choice>
          <value>SAN-NICHOLAS-IS_722910_CZ2010.epw</value>
          <display_name>SAN-NICHOLAS-IS_722910_CZ2010.epw</display_name>
        </choice>
        <choice>
          <value>SANDBERG_723830_CZ2010.epw</value>
          <display_name>SANDBERG_723830_CZ2010.epw</display_name>
        </choice>
        <choice>
          <value>SANTA-ANA_722977_CZ2010.epw</value>
          <display_name>SANTA-ANA_722977_CZ2010.epw</display_name>
        </choice>
        <choice>
          <value>SANTA-BARBARA_723925_CZ2010.epw</value>
          <display_name>SANTA-BARBARA_723925_CZ2010.epw</display_name>
        </choice>
        <choice>
          <value>SANTA-MARIA_723940_CZ2010.epw</value>
          <display_name>SANTA-MARIA_723940_CZ2010.epw</display_name>
        </choice>
        <choice>
          <value>SANTA-MONICA_722885_CZ2010.epw</value>
          <display_name>SANTA-MONICA_722885_CZ2010.epw</display_name>
        </choice>
        <choice>
          <value>SANTA-ROSA_724957_CZ2010.epw</value>
          <display_name>SANTA-ROSA_724957_CZ2010.epw</display_name>
        </choice>
        <choice>
          <value>SAU_RI_Riyadh.AB.404380_TMYx.epw</value>
          <display_name>SAU_RI_Riyadh.AB.404380_TMYx.epw</display_name>
        </choice>
        <choice>
          <value>SOUTH-LAKE-TAHOE_725847_CZ2010.epw</value>
          <display_name>SOUTH-LAKE-TAHOE_725847_CZ2010.epw</display_name>
        </choice>
        <choice>
          <value>STOCKTON_724920_CZ2010.epw</value>
          <display_name>STOCKTON_724920_CZ2010.epw</display_name>
        </choice>
        <choice>
          <value>TORRANCE_722955_CZ2010.epw</value>
          <display_name>TORRANCE_722955_CZ2010.epw</display_name>
        </choice>
        <choice>
          <value>TRUCKEE-TAHOE_725846_CZ2010.epw</value>
          <display_name>TRUCKEE-TAHOE_725846_CZ2010.epw</display_name>
        </choice>
        <choice>
          <value>TWENTYNINE-PALMS_690150_CZ2010.epw</value>
          <display_name>TWENTYNINE-PALMS_690150_CZ2010.epw</display_name>
        </choice>
        <choice>
          <value>UKIAH_725905_CZ2010.epw</value>
          <display_name>UKIAH_725905_CZ2010.epw</display_name>
        </choice>
        <choice>
          <value>USA_AK_Fairbanks.Intl.AP.702610_TMY3.epw</value>
          <display_name>USA_AK_Fairbanks.Intl.AP.702610_TMY3.epw</display_name>
        </choice>
        <choice>
          <value>USA_AZ_Phoenix-Sky.Harbor.Intl.AP.722780_TMY3.epw</value>
          <display_name>USA_AZ_Phoenix-Sky.Harbor.Intl.AP.722780_TMY3.epw</display_name>
        </choice>
        <choice>
          <value>USA_AZ_Tucson-Davis-Monthan.AFB.722745_TMY3.epw</value>
          <display_name>USA_AZ_Tucson-Davis-Monthan.AFB.722745_TMY3.epw</display_name>
        </choice>
        <choice>
          <value>USA_CA_San.Deigo-Brown.Field.Muni.AP.722904_TMY3.epw</value>
          <display_name>USA_CA_San.Deigo-Brown.Field.Muni.AP.722904_TMY3.epw</display_name>
        </choice>
        <choice>
          <value>USA_CA_San.Francisco.Intl.AP.724940_TMY3.epw</value>
          <display_name>USA_CA_San.Francisco.Intl.AP.724940_TMY3.epw</display_name>
        </choice>
        <choice>
          <value>USA_CO_Boulder-Broomfield-Jefferson.County.AP.724699_TMY3.epw</value>
          <display_name>USA_CO_Boulder-Broomfield-Jefferson.County.AP.724699_TMY3.epw</display_name>
        </choice>
        <choice>
          <value>USA_CO_Denver-Aurora-Buckley.AFB.724695_TMY3.epw</value>
          <display_name>USA_CO_Denver-Aurora-Buckley.AFB.724695_TMY3.epw</display_name>
        </choice>
        <choice>
          <value>USA_CO_Denver.Intl.AP.725650_TMY3.epw</value>
          <display_name>USA_CO_Denver.Intl.AP.725650_TMY3.epw</display_name>
        </choice>
        <choice>
          <value>USA_CO_Fort.Collins.AWOS.724769_TMY3.epw</value>
          <display_name>USA_CO_Fort.Collins.AWOS.724769_TMY3.epw</display_name>
        </choice>
        <choice>
          <value>USA_FL_Miami.Intl.AP.722020_TMY3.epw</value>
          <display_name>USA_FL_Miami.Intl.AP.722020_TMY3.epw</display_name>
        </choice>
        <choice>
          <value>USA_FL_Tampa-MacDill.AFB.747880_TMY3.epw</value>
          <display_name>USA_FL_Tampa-MacDill.AFB.747880_TMY3.epw</display_name>
        </choice>
        <choice>
          <value>USA_GA_Atlanta-Hartsfield.Jackson.Intl.AP.722190_TMY3.epw</value>
          <display_name>USA_GA_Atlanta-Hartsfield.Jackson.Intl.AP.722190_TMY3.epw</display_name>
        </choice>
        <choice>
          <value>USA_HI_Honolulu.Intl.AP.911820_TMY3.epw</value>
          <display_name>USA_HI_Honolulu.Intl.AP.911820_TMY3.epw</display_name>
        </choice>
        <choice>
          <value>USA_ID_Boise.Air.Terminal.726810_TMY3.epw</value>
          <display_name>USA_ID_Boise.Air.Terminal.726810_TMY3.epw</display_name>
        </choice>
        <choice>
          <value>USA_IL_Chicago-OHare.Intl.AP.725300_TMY3.epw</value>
          <display_name>USA_IL_Chicago-OHare.Intl.AP.725300_TMY3.epw</display_name>
        </choice>
        <choice>
          <value>USA_MD_Baltimore-Washington.Intl.AP.724060_TMY3.epw</value>
          <display_name>USA_MD_Baltimore-Washington.Intl.AP.724060_TMY3.epw</display_name>
        </choice>
        <choice>
          <value>USA_MN_Duluth.Intl.AP.727450_TMY3.epw</value>
          <display_name>USA_MN_Duluth.Intl.AP.727450_TMY3.epw</display_name>
        </choice>
        <choice>
          <value>USA_MN_International.Falls.Intl.AP.727470_TMY3.epw</value>
          <display_name>USA_MN_International.Falls.Intl.AP.727470_TMY3.epw</display_name>
        </choice>
        <choice>
          <value>USA_MN_Rochester.Intl.AP.726440_TMY3.epw</value>
          <display_name>USA_MN_Rochester.Intl.AP.726440_TMY3.epw</display_name>
        </choice>
        <choice>
          <value>USA_MT_Great.Falls.Intl.AP.727750_TMY3.epw</value>
          <display_name>USA_MT_Great.Falls.Intl.AP.727750_TMY3.epw</display_name>
        </choice>
        <choice>
          <value>USA_MT_Helena.Rgnl.AP.727720_TMY3.epw</value>
          <display_name>USA_MT_Helena.Rgnl.AP.727720_TMY3.epw</display_name>
        </choice>
        <choice>
          <value>USA_NM_Albuquerque.Intl.AP.723650_TMY3.epw</value>
          <display_name>USA_NM_Albuquerque.Intl.AP.723650_TMY3.epw</display_name>
        </choice>
        <choice>
          <value>USA_NM_Albuquerque.Intl.Sunport.723650_TMY3.epw</value>
          <display_name>USA_NM_Albuquerque.Intl.Sunport.723650_TMY3.epw</display_name>
        </choice>
        <choice>
          <value>USA_NY_Buffalo.Niagara.Intl.AP.725280_TMY3.epw</value>
          <display_name>USA_NY_Buffalo.Niagara.Intl.AP.725280_TMY3.epw</display_name>
        </choice>
        <choice>
          <value>USA_NY_New.York-John.F.Kennedy.Intl.AP.744860_TMY3.epw</value>
          <display_name>USA_NY_New.York-John.F.Kennedy.Intl.AP.744860_TMY3.epw</display_name>
        </choice>
        <choice>
          <value>USA_OR_Salem-McNary.Field.726940_TMY3.epw</value>
          <display_name>USA_OR_Salem-McNary.Field.726940_TMY3.epw</display_name>
        </choice>
        <choice>
          <value>USA_TN_Memphis.Intl.AP.723340_TMY3.epw</value>
          <display_name>USA_TN_Memphis.Intl.AP.723340_TMY3.epw</display_name>
        </choice>
        <choice>
          <value>USA_TX_El.Paso.Intl.AP.722700_TMY3.epw</value>
          <display_name>USA_TX_El.Paso.Intl.AP.722700_TMY3.epw</display_name>
        </choice>
        <choice>
          <value>USA_TX_Houston-Bush.Intercontinental.AP.722430_TMY3.epw</value>
          <display_name>USA_TX_Houston-Bush.Intercontinental.AP.722430_TMY3.epw</display_name>
        </choice>
        <choice>
          <value>USA_VT_Burlington.Intl.AP.726170_TMY3.epw</value>
          <display_name>USA_VT_Burlington.Intl.AP.726170_TMY3.epw</display_name>
        </choice>
        <choice>
          <value>USA_WA_Port.Angeles-William.R.Fairchild.Intl.AP.727885_TMY3.epw</value>
          <display_name>USA_WA_Port.Angeles-William.R.Fairchild.Intl.AP.727885_TMY3.epw</display_name>
        </choice>
        <choice>
          <value>USA_WA_Seattle-Tacoma.Intl.AP.727930_TMY3.epw</value>
          <display_name>USA_WA_Seattle-Tacoma.Intl.AP.727930_TMY3.epw</display_name>
        </choice>
        <choice>
          <value>VAN-NUYS_722886_CZ2010.epw</value>
          <display_name>VAN-NUYS_722886_CZ2010.epw</display_name>
        </choice>
        <choice>
          <value>VANDENBERG-AFB_723930_CZ2010.epw</value>
          <display_name>VANDENBERG-AFB_723930_CZ2010.epw</display_name>
        </choice>
        <choice>
          <value>VISALIA_723896_CZ2010.epw</value>
          <display_name>VISALIA_723896_CZ2010.epw</display_name>
        </choice>
        <choice>
          <value>VNM_SVN_Ho.Chi.Minh-Tan.Son.Nhat.Intl.AP.489000_TMYx.epw</value>
          <display_name>VNM_SVN_Ho.Chi.Minh-Tan.Son.Nhat.Intl.AP.489000_TMYx.epw</display_name>
        </choice>
        <choice>
          <value>YUBA-CO_724838_CZ2010.epw</value>
          <display_name>YUBA-CO_724838_CZ2010.epw</display_name>
        </choice>
      </choices>
      <min_value></min_value>
      <max_value></max_value>
    </argument>
  </arguments>
  <outputs />
  <provenances />
  <tags>
    <tag>Whole Building.Space Types</tag>
  </tags>
  <attributes>
    <attribute>
      <name>Measure Type</name>
      <value>ModelMeasure</value>
      <datatype>string</datatype>
    </attribute>
    <attribute>
      <name>Uses SketchUp API</name>
      <value>false</value>
      <datatype>boolean</datatype>
    </attribute>
  </attributes>
  <files>
    <file>
      <filename>README.md</filename>
      <filetype>md</filetype>
      <usage_type>readme</usage_type>
      <checksum>587A6F81</checksum>
    </file>
    <file>
      <filename>temp/initial.ttl</filename>
      <filetype>ttl</filetype>
      <usage_type>test</usage_type>
      <checksum>7D3F8B4B</checksum>
    </file>
    <file>
      <filename>temp/initial.idf</filename>
      <filetype>idf</filetype>
      <usage_type>test</usage_type>
      <checksum>86A0FAE9</checksum>
    </file>
    <file>
      <filename>temp/final.idf</filename>
      <filetype>idf</filetype>
      <usage_type>test</usage_type>
      <checksum>9CFCD5B3</checksum>
    </file>
    <file>
      <filename>input/in.osm</filename>
      <filetype>osm</filetype>
      <usage_type>test</usage_type>
      <checksum>451C49EF</checksum>
    </file>
    <file>
      <filename>input/in.ttl</filename>
      <filetype>ttl</filetype>
      <usage_type>test</usage_type>
      <checksum>C3D86B22</checksum>
    </file>
    <file>
      <filename>input/smalloffice.idf</filename>
      <filetype>idf</filetype>
      <usage_type>test</usage_type>
      <checksum>8C42F30D</checksum>
    </file>
    <file>
      <filename>input/in.idf</filename>
      <filetype>idf</filetype>
      <usage_type>test</usage_type>
      <checksum>2A6998D8</checksum>
    </file>
    <file>
      <filename>input/primarySchool.ttl</filename>
      <filetype>ttl</filetype>
      <usage_type>test</usage_type>
      <checksum>C3D86B22</checksum>
    </file>
    <file>
      <filename>input/smalloffice.ttl</filename>
      <filetype>ttl</filetype>
      <usage_type>test</usage_type>
      <checksum>7D3F8B4B</checksum>
    </file>
    <file>
      <filename>alfalfa_measure_test.rb</filename>
      <filetype>rb</filetype>
      <usage_type>test</usage_type>
      <checksum>F4C6A971</checksum>
    </file>
    <file>
      <filename>runparser.py</filename>
      <filetype>py</filetype>
      <usage_type>resource</usage_type>
      <checksum>A104D12C</checksum>
    </file>
    <file>
      <filename>eptobrick/runparser.py</filename>
      <filetype>py</filetype>
      <usage_type>resource</usage_type>
      <checksum>0E41A610</checksum>
    </file>
    <file>
      <filename>eptobrick/interface/__init__.py</filename>
      <filetype>py</filetype>
      <usage_type>resource</usage_type>
      <checksum>00000000</checksum>
    </file>
    <file>
      <filename>eptobrick/interface/actb.py</filename>
      <filetype>py</filetype>
      <usage_type>resource</usage_type>
      <checksum>00000000</checksum>
    </file>
    <file>
      <filename>eptobrick/interface/pythonapi.py</filename>
      <filetype>py</filetype>
      <usage_type>resource</usage_type>
      <checksum>00000000</checksum>
    </file>
    <file>
      <filename>eptobrick/__init__.py</filename>
      <filetype>py</filetype>
      <usage_type>resource</usage_type>
      <checksum>00000000</checksum>
    </file>
    <file>
      <filename>eptobrick/extractor/Energy+.idd</filename>
      <filetype>idd</filetype>
      <usage_type>resource</usage_type>
      <checksum>395094B6</checksum>
    </file>
    <file>
      <filename>eptobrick/extractor/Untitled.ipynb</filename>
      <filetype>ipynb</filetype>
      <usage_type>resource</usage_type>
      <checksum>45B5138A</checksum>
    </file>
    <file>
      <filename>eptobrick/extractor/dictmap.json</filename>
      <filetype>json</filetype>
      <usage_type>resource</usage_type>
      <checksum>5F184904</checksum>
    </file>
    <file>
      <filename>eptobrick/extractor/__init__.py</filename>
      <filetype>py</filetype>
      <usage_type>resource</usage_type>
      <checksum>00000000</checksum>
    </file>
    <file>
      <filename>eptobrick/extractor/objects/__init__.py</filename>
      <filetype>py</filetype>
      <usage_type>resource</usage_type>
      <checksum>00000000</checksum>
    </file>
    <file>
      <filename>eptobrick/extractor/objects/__pycache__/__init__.cpython-39.pyc</filename>
      <filetype>pyc</filetype>
      <usage_type>resource</usage_type>
      <checksum>45BD656B</checksum>
    </file>
    <file>
      <filename>eptobrick/extractor/objects/__pycache__/eplusbindings.cpython-39.pyc</filename>
      <filetype>pyc</filetype>
      <usage_type>resource</usage_type>
      <checksum>54B24823</checksum>
    </file>
    <file>
      <filename>eptobrick/extractor/objects/__pycache__/ahus.cpython-39.pyc</filename>
      <filetype>pyc</filetype>
      <usage_type>resource</usage_type>
      <checksum>5153D9A3</checksum>
    </file>
    <file>
      <filename>eptobrick/extractor/objects/__pycache__/__init__.cpython-310.pyc</filename>
      <filetype>pyc</filetype>
      <usage_type>resource</usage_type>
      <checksum>8598C979</checksum>
    </file>
    <file>
      <filename>eptobrick/extractor/objects/__pycache__/sensors.cpython-39.pyc</filename>
      <filetype>pyc</filetype>
      <usage_type>resource</usage_type>
      <checksum>0FC8F519</checksum>
    </file>
    <file>
      <filename>eptobrick/extractor/utils/__init__.py</filename>
      <filetype>py</filetype>
      <usage_type>resource</usage_type>
      <checksum>00000000</checksum>
    </file>
    <file>
      <filename>eptobrick/extractor/utils/__pycache__/__init__.cpython-39.pyc</filename>
      <filetype>pyc</filetype>
      <usage_type>resource</usage_type>
      <checksum>D3A9339A</checksum>
    </file>
    <file>
      <filename>eptobrick/extractor/utils/__pycache__/utils.cpython-39.pyc</filename>
      <filetype>pyc</filetype>
      <usage_type>resource</usage_type>
      <checksum>F37543D4</checksum>
    </file>
    <file>
      <filename>eptobrick/extractor/utils/__pycache__/utils.cpython-310.pyc</filename>
      <filetype>pyc</filetype>
      <usage_type>resource</usage_type>
      <checksum>09476441</checksum>
    </file>
    <file>
      <filename>eptobrick/extractor/utils/__pycache__/__init__.cpython-310.pyc</filename>
      <filetype>pyc</filetype>
      <usage_type>resource</usage_type>
      <checksum>30ED0787</checksum>
    </file>
    <file>
      <filename>eptobrick/extractor/utils/utils.py</filename>
      <filetype>py</filetype>
      <usage_type>resource</usage_type>
      <checksum>92977E89</checksum>
    </file>
    <file>
      <filename>eptobrick/extractor/utils/bricktypes.py</filename>
      <filetype>py</filetype>
      <usage_type>resource</usage_type>
      <checksum>F2E6D2BB</checksum>
    </file>
    <file>
      <filename>eptobrick/extractor/utils/brick_eraseme.py</filename>
      <filetype>py</filetype>
      <usage_type>resource</usage_type>
      <checksum>FA3FA8C7</checksum>
    </file>
    <file>
      <filename>eptobrick/extractor/__pycache__/__init__.cpython-39.pyc</filename>
      <filetype>pyc</filetype>
      <usage_type>resource</usage_type>
      <checksum>3D9CED32</checksum>
    </file>
    <file>
      <filename>eptobrick/extractor/__pycache__/epparser.cpython-39.pyc</filename>
      <filetype>pyc</filetype>
      <usage_type>resource</usage_type>
      <checksum>3D1C1786</checksum>
    </file>
    <file>
      <filename>eptobrick/extractor/__pycache__/epparser.cpython-310.pyc</filename>
      <filetype>pyc</filetype>
      <usage_type>resource</usage_type>
      <checksum>F1034B94</checksum>
    </file>
    <file>
      <filename>eptobrick/extractor/__pycache__/__init__.cpython-310.pyc</filename>
      <filetype>pyc</filetype>
      <usage_type>resource</usage_type>
      <checksum>11BE4CA0</checksum>
    </file>
    <file>
      <filename>eptobrick/extractor/Energy+_.idd</filename>
      <filetype>idd</filetype>
      <usage_type>resource</usage_type>
      <checksum>8E83CFC4</checksum>
    </file>
    <file>
      <filename>eptobrick/extractor/epparser.py</filename>
      <filetype>py</filetype>
      <usage_type>resource</usage_type>
      <checksum>14050590</checksum>
    </file>
    <file>
      <filename>eptobrick/extractor/Brick.ttl</filename>
      <filetype>ttl</filetype>
      <usage_type>resource</usage_type>
      <checksum>57FB55E6</checksum>
    </file>
    <file>
      <filename>eptobrick/extractor/.ipynb_checkpoints/Untitled-checkpoint.ipynb</filename>
      <filetype>ipynb</filetype>
      <usage_type>resource</usage_type>
      <checksum>5B0755A4</checksum>
    </file>
    <file>
      <filename>eptobrick/extractor/dictmap_.json</filename>
      <filetype>json</filetype>
      <usage_type>resource</usage_type>
      <checksum>F37EA770</checksum>
    </file>
    <file>
      <filename>eptobrick/extractor/Energy+.schema.epJSON</filename>
      <filetype>epJSON</filetype>
      <usage_type>resource</usage_type>
      <checksum>15A2347C</checksum>
    </file>
    <file>
      <filename>eptobrick/__pycache__/__init__.cpython-39.pyc</filename>
      <filetype>pyc</filetype>
      <usage_type>resource</usage_type>
      <checksum>B6698D6E</checksum>
    </file>
    <file>
      <filename>eptobrick/__pycache__/__init__.cpython-310.pyc</filename>
      <filetype>pyc</filetype>
      <usage_type>resource</usage_type>
      <checksum>66B22D41</checksum>
    </file>
    <file>
      <version>
        <software_program>OpenStudio</software_program>
        <identifier>2.0.0</identifier>
        <min_compatible>2.0.0</min_compatible>
      </version>
      <filename>measure.rb</filename>
      <filetype>rb</filetype>
      <usage_type>script</usage_type>
      <checksum>3149F299</checksum>
    </file>
  </files>
</measure>
