<?xml version="1.0"?>
<measure>
  <schema_version>3.0</schema_version>
  <name>alfalfa_brick</name>
  <uid>be90fd0b-a651-467a-bc8d-29d310b0f937</uid>
  <version_id>cd3a6dbf-e4e3-4ee9-a762-fc87bc47889a</version_id>
  <version_modified>20221129T145252Z</version_modified>
  <xml_checksum>057E8D9D</xml_checksum>
  <class_name>AlfalfaBRICK</class_name>
  <display_name>Add I/O for alfalfa from BRICK</display_name>
  <description>This method adds inputs and outputs for Alfalfa and generates a metadata model that follows the BRICK ontology.</description>
  <modeler_description>The OpenStudio workspace is saved to an IDF in a temporary folder. The measure calls a Python library that parses the IDF and infers the type of components and their parents/children. This information is recorded in a Turtle file using the BRICK ontology. This measure reads the Turtle file and assigns all the necessary input/output bindings for Alfalfa and the BCVTB and saves the new workspace.</modeler_description>
  <arguments />
  <outputs />
  <provenances />
  <tags>
    <tag>Whole Building.Space Types</tag>
  </tags>
  <attributes>
    <attribute>
      <name>Measure Type</name>
      <value>ModelMeasure</value>
      <datatype>string</datatype>
    </attribute>
    <attribute>
      <name>Uses SketchUp API</name>
      <value>false</value>
      <datatype>boolean</datatype>
    </attribute>
  </attributes>
  <files>
    <file>
      <filename>README.md</filename>
      <filetype>md</filetype>
      <usage_type>readme</usage_type>
      <checksum>587A6F81</checksum>
    </file>
    <file>
      <filename>temp/initial.ttl</filename>
      <filetype>ttl</filetype>
      <usage_type>test</usage_type>
      <checksum>7D3F8B4B</checksum>
    </file>
    <file>
      <filename>temp/initial.idf</filename>
      <filetype>idf</filetype>
      <usage_type>test</usage_type>
      <checksum>86A0FAE9</checksum>
    </file>
    <file>
      <filename>input/in.osm</filename>
      <filetype>osm</filetype>
      <usage_type>test</usage_type>
      <checksum>451C49EF</checksum>
    </file>
    <file>
      <filename>input/in.ttl</filename>
      <filetype>ttl</filetype>
      <usage_type>test</usage_type>
      <checksum>C3D86B22</checksum>
    </file>
    <file>
      <filename>input/smalloffice.idf</filename>
      <filetype>idf</filetype>
      <usage_type>test</usage_type>
      <checksum>8C42F30D</checksum>
    </file>
    <file>
      <filename>input/in.idf</filename>
      <filetype>idf</filetype>
      <usage_type>test</usage_type>
      <checksum>2A6998D8</checksum>
    </file>
    <file>
      <filename>input/primarySchool.ttl</filename>
      <filetype>ttl</filetype>
      <usage_type>test</usage_type>
      <checksum>C3D86B22</checksum>
    </file>
    <file>
      <filename>input/smalloffice.ttl</filename>
      <filetype>ttl</filetype>
      <usage_type>test</usage_type>
      <checksum>7D3F8B4B</checksum>
    </file>
    <file>
      <filename>alfalfa_measure_test.rb</filename>
      <filetype>rb</filetype>
      <usage_type>test</usage_type>
      <checksum>F4C6A971</checksum>
    </file>
    <file>
      <filename>runparser.py</filename>
      <filetype>py</filetype>
      <usage_type>resource</usage_type>
      <checksum>A104D12C</checksum>
    </file>
    <file>
      <filename>eptobrick/runparser.py</filename>
      <filetype>py</filetype>
      <usage_type>resource</usage_type>
      <checksum>0E41A610</checksum>
    </file>
    <file>
      <filename>eptobrick/interface/__init__.py</filename>
      <filetype>py</filetype>
      <usage_type>resource</usage_type>
      <checksum>00000000</checksum>
    </file>
    <file>
      <filename>eptobrick/interface/actb.py</filename>
      <filetype>py</filetype>
      <usage_type>resource</usage_type>
      <checksum>00000000</checksum>
    </file>
    <file>
      <filename>eptobrick/interface/pythonapi.py</filename>
      <filetype>py</filetype>
      <usage_type>resource</usage_type>
      <checksum>00000000</checksum>
    </file>
    <file>
      <filename>eptobrick/__init__.py</filename>
      <filetype>py</filetype>
      <usage_type>resource</usage_type>
      <checksum>00000000</checksum>
    </file>
    <file>
      <filename>eptobrick/extractor/Energy+.idd</filename>
      <filetype>idd</filetype>
      <usage_type>resource</usage_type>
      <checksum>395094B6</checksum>
    </file>
    <file>
      <filename>eptobrick/extractor/Untitled.ipynb</filename>
      <filetype>ipynb</filetype>
      <usage_type>resource</usage_type>
      <checksum>45B5138A</checksum>
    </file>
    <file>
      <filename>eptobrick/extractor/dictmap.json</filename>
      <filetype>json</filetype>
      <usage_type>resource</usage_type>
      <checksum>5F184904</checksum>
    </file>
    <file>
      <filename>eptobrick/extractor/__init__.py</filename>
      <filetype>py</filetype>
      <usage_type>resource</usage_type>
      <checksum>00000000</checksum>
    </file>
    <file>
      <filename>eptobrick/extractor/objects/__init__.py</filename>
      <filetype>py</filetype>
      <usage_type>resource</usage_type>
      <checksum>00000000</checksum>
    </file>
    <file>
      <filename>eptobrick/extractor/objects/__pycache__/__init__.cpython-39.pyc</filename>
      <filetype>pyc</filetype>
      <usage_type>resource</usage_type>
      <checksum>45BD656B</checksum>
    </file>
    <file>
      <filename>eptobrick/extractor/objects/__pycache__/eplusbindings.cpython-39.pyc</filename>
      <filetype>pyc</filetype>
      <usage_type>resource</usage_type>
      <checksum>54B24823</checksum>
    </file>
    <file>
      <filename>eptobrick/extractor/objects/__pycache__/ahus.cpython-39.pyc</filename>
      <filetype>pyc</filetype>
      <usage_type>resource</usage_type>
      <checksum>5153D9A3</checksum>
    </file>
    <file>
      <filename>eptobrick/extractor/objects/__pycache__/__init__.cpython-310.pyc</filename>
      <filetype>pyc</filetype>
      <usage_type>resource</usage_type>
      <checksum>8598C979</checksum>
    </file>
    <file>
      <filename>eptobrick/extractor/objects/__pycache__/sensors.cpython-39.pyc</filename>
      <filetype>pyc</filetype>
      <usage_type>resource</usage_type>
      <checksum>0FC8F519</checksum>
    </file>
    <file>
      <filename>eptobrick/extractor/utils/__init__.py</filename>
      <filetype>py</filetype>
      <usage_type>resource</usage_type>
      <checksum>00000000</checksum>
    </file>
    <file>
      <filename>eptobrick/extractor/utils/__pycache__/__init__.cpython-39.pyc</filename>
      <filetype>pyc</filetype>
      <usage_type>resource</usage_type>
      <checksum>D3A9339A</checksum>
    </file>
    <file>
      <filename>eptobrick/extractor/utils/__pycache__/utils.cpython-39.pyc</filename>
      <filetype>pyc</filetype>
      <usage_type>resource</usage_type>
      <checksum>F37543D4</checksum>
    </file>
    <file>
      <filename>eptobrick/extractor/utils/__pycache__/utils.cpython-310.pyc</filename>
      <filetype>pyc</filetype>
      <usage_type>resource</usage_type>
      <checksum>09476441</checksum>
    </file>
    <file>
      <filename>eptobrick/extractor/utils/__pycache__/__init__.cpython-310.pyc</filename>
      <filetype>pyc</filetype>
      <usage_type>resource</usage_type>
      <checksum>30ED0787</checksum>
    </file>
    <file>
      <filename>eptobrick/extractor/utils/utils.py</filename>
      <filetype>py</filetype>
      <usage_type>resource</usage_type>
      <checksum>92977E89</checksum>
    </file>
    <file>
      <filename>eptobrick/extractor/utils/bricktypes.py</filename>
      <filetype>py</filetype>
      <usage_type>resource</usage_type>
      <checksum>F2E6D2BB</checksum>
    </file>
    <file>
      <filename>eptobrick/extractor/utils/brick_eraseme.py</filename>
      <filetype>py</filetype>
      <usage_type>resource</usage_type>
      <checksum>FA3FA8C7</checksum>
    </file>
    <file>
      <filename>eptobrick/extractor/__pycache__/__init__.cpython-39.pyc</filename>
      <filetype>pyc</filetype>
      <usage_type>resource</usage_type>
      <checksum>3D9CED32</checksum>
    </file>
    <file>
      <filename>eptobrick/extractor/__pycache__/epparser.cpython-39.pyc</filename>
      <filetype>pyc</filetype>
      <usage_type>resource</usage_type>
      <checksum>3D1C1786</checksum>
    </file>
    <file>
      <filename>eptobrick/extractor/__pycache__/epparser.cpython-310.pyc</filename>
      <filetype>pyc</filetype>
      <usage_type>resource</usage_type>
      <checksum>F1034B94</checksum>
    </file>
    <file>
      <filename>eptobrick/extractor/__pycache__/__init__.cpython-310.pyc</filename>
      <filetype>pyc</filetype>
      <usage_type>resource</usage_type>
      <checksum>11BE4CA0</checksum>
    </file>
    <file>
      <filename>eptobrick/extractor/Energy+_.idd</filename>
      <filetype>idd</filetype>
      <usage_type>resource</usage_type>
      <checksum>8E83CFC4</checksum>
    </file>
    <file>
      <filename>eptobrick/extractor/epparser.py</filename>
      <filetype>py</filetype>
      <usage_type>resource</usage_type>
      <checksum>14050590</checksum>
    </file>
    <file>
      <filename>eptobrick/extractor/Brick.ttl</filename>
      <filetype>ttl</filetype>
      <usage_type>resource</usage_type>
      <checksum>57FB55E6</checksum>
    </file>
    <file>
      <filename>eptobrick/extractor/.ipynb_checkpoints/Untitled-checkpoint.ipynb</filename>
      <filetype>ipynb</filetype>
      <usage_type>resource</usage_type>
      <checksum>5B0755A4</checksum>
    </file>
    <file>
      <filename>eptobrick/extractor/dictmap_.json</filename>
      <filetype>json</filetype>
      <usage_type>resource</usage_type>
      <checksum>F37EA770</checksum>
    </file>
    <file>
      <filename>eptobrick/extractor/Energy+.schema.epJSON</filename>
      <filetype>epJSON</filetype>
      <usage_type>resource</usage_type>
      <checksum>15A2347C</checksum>
    </file>
    <file>
      <filename>eptobrick/__pycache__/__init__.cpython-39.pyc</filename>
      <filetype>pyc</filetype>
      <usage_type>resource</usage_type>
      <checksum>B6698D6E</checksum>
    </file>
    <file>
      <filename>eptobrick/__pycache__/__init__.cpython-310.pyc</filename>
      <filetype>pyc</filetype>
      <usage_type>resource</usage_type>
      <checksum>66B22D41</checksum>
    </file>
    <file>
      <filename>temp/final.idf</filename>
      <filetype>idf</filetype>
      <usage_type>test</usage_type>
      <checksum>87E806A3</checksum>
    </file>
    <file>
      <filename>getpoints.py</filename>
      <filetype>py</filetype>
      <usage_type>resource</usage_type>
      <checksum>E1067687</checksum>
    </file>
    <file>
      <version>
        <software_program>OpenStudio</software_program>
        <identifier>2.0.0</identifier>
        <min_compatible>2.0.0</min_compatible>
      </version>
      <filename>measure.rb</filename>
      <filetype>rb</filetype>
      <usage_type>script</usage_type>
      <checksum>73C4D6E6</checksum>
    </file>
    <file>
      <filename>temp/initial.idf</filename>
      <filetype>idf</filetype>
      <usage_type>resource</usage_type>
      <checksum>0DD55894</checksum>
    </file>
  </files>
</measure>
