Time,CORE_ZN ZN PSZ-AC-1:DesPer 1:Des Heat Mass Flow [kg/s],CORE_ZN ZN PSZ-AC-1:DesPer 1:Des Heat Cap [W],CORE_ZN ZN PSZ-AC-1:DesPer 1:Des Cool Mass Flow [kg/s],CORE_ZN ZN PSZ-AC-1:DesPer 1:Des Sens Cool Cap [W],CORE_ZN ZN PSZ-AC-1:DesPer 1:Des Tot Cool Cap [W],CORE_ZN ZN PSZ-AC-1:DesPer 2:Des Heat Mass Flow [kg/s],CORE_ZN ZN PSZ-AC-1:DesPer 2:Des Heat Cap [W],CORE_ZN ZN PSZ-AC-1:DesPer 2:Des Cool Mass Flow [kg/s],CORE_ZN ZN PSZ-AC-1:DesPer 2:Des Sens Cool Cap [W],CORE_ZN ZN PSZ-AC-1:DesPer 2:Des Tot Cool Cap [W],PERIMETER_ZN_1 ZN PSZ-AC-2:DesPer 1:Des Heat Mass Flow [kg/s],PERIMETER_ZN_1 ZN PSZ-AC-2:DesPer 1:Des Heat Cap [W],PERIMETER_ZN_1 ZN PSZ-AC-2:DesPer 1:Des Cool Mass Flow [kg/s],PERIMETER_ZN_1 ZN PSZ-AC-2:DesPer 1:Des Sens Cool Cap [W],PERIMETER_ZN_1 ZN PSZ-AC-2:DesPer 1:Des Tot Cool Cap [W],PERIMETER_ZN_1 ZN PSZ-AC-2:DesPer 2:Des Heat Mass Flow [kg/s],PERIMETER_ZN_1 ZN PSZ-AC-2:DesPer 2:Des Heat Cap [W],PERIMETER_ZN_1 ZN PSZ-AC-2:DesPer 2:Des Cool Mass Flow [kg/s],PERIMETER_ZN_1 ZN PSZ-AC-2:DesPer 2:Des Sens Cool Cap [W],PERIMETER_ZN_1 ZN PSZ-AC-2:DesPer 2:Des Tot Cool Cap [W],PERIMETER_ZN_2 ZN PSZ-AC-3:DesPer 1:Des Heat Mass Flow [kg/s],PERIMETER_ZN_2 ZN PSZ-AC-3:DesPer 1:Des Heat Cap [W],PERIMETER_ZN_2 ZN PSZ-AC-3:DesPer 1:Des Cool Mass Flow [kg/s],PERIMETER_ZN_2 ZN PSZ-AC-3:DesPer 1:Des Sens Cool Cap [W],PERIMETER_ZN_2 ZN PSZ-AC-3:DesPer 1:Des Tot Cool Cap [W],PERIMETER_ZN_2 ZN PSZ-AC-3:DesPer 2:Des Heat Mass Flow [kg/s],PERIMETER_ZN_2 ZN PSZ-AC-3:DesPer 2:Des Heat Cap [W],PERIMETER_ZN_2 ZN PSZ-AC-3:DesPer 2:Des Cool Mass Flow [kg/s],PERIMETER_ZN_2 ZN PSZ-AC-3:DesPer 2:Des Sens Cool Cap [W],PERIMETER_ZN_2 ZN PSZ-AC-3:DesPer 2:Des Tot Cool Cap [W],PERIMETER_ZN_3 ZN PSZ-AC-4:DesPer 1:Des Heat Mass Flow [kg/s],PERIMETER_ZN_3 ZN PSZ-AC-4:DesPer 1:Des Heat Cap [W],PERIMETER_ZN_3 ZN PSZ-AC-4:DesPer 1:Des Cool Mass Flow [kg/s],PERIMETER_ZN_3 ZN PSZ-AC-4:DesPer 1:Des Sens Cool Cap [W],PERIMETER_ZN_3 ZN PSZ-AC-4:DesPer 1:Des Tot Cool Cap [W],PERIMETER_ZN_3 ZN PSZ-AC-4:DesPer 2:Des Heat Mass Flow [kg/s],PERIMETER_ZN_3 ZN PSZ-AC-4:DesPer 2:Des Heat Cap [W],PERIMETER_ZN_3 ZN PSZ-AC-4:DesPer 2:Des Cool Mass Flow [kg/s],PERIMETER_ZN_3 ZN PSZ-AC-4:DesPer 2:Des Sens Cool Cap [W],PERIMETER_ZN_3 ZN PSZ-AC-4:DesPer 2:Des Tot Cool Cap [W],PERIMETER_ZN_4 ZN PSZ-AC-5:DesPer 1:Des Heat Mass Flow [kg/s],PERIMETER_ZN_4 ZN PSZ-AC-5:DesPer 1:Des Heat Cap [W],PERIMETER_ZN_4 ZN PSZ-AC-5:DesPer 1:Des Cool Mass Flow [kg/s],PERIMETER_ZN_4 ZN PSZ-AC-5:DesPer 1:Des Sens Cool Cap [W],PERIMETER_ZN_4 ZN PSZ-AC-5:DesPer 1:Des Tot Cool Cap [W],PERIMETER_ZN_4 ZN PSZ-AC-5:DesPer 2:Des Heat Mass Flow [kg/s],PERIMETER_ZN_4 ZN PSZ-AC-5:DesPer 2:Des Heat Cap [W],PERIMETER_ZN_4 ZN PSZ-AC-5:DesPer 2:Des Cool Mass Flow [kg/s],PERIMETER_ZN_4 ZN PSZ-AC-5:DesPer 2:Des Sens Cool Cap [W],PERIMETER_ZN_4 ZN PSZ-AC-5:DesPer 2:Des Tot Cool Cap [W]
00:10:00,7.502470E-02,1.770516E+03,3.415365E-01,4.011204E+03,5.633890E+03,7.502470E-02,4.244413E+03,7.502470E-02,0.000000E+00,0.000000E+00,5.687358E-02,1.342166E+03,2.629290E-01,3.085558E+03,4.455557E+03,1.226788E-01,5.128021E+03,5.687358E-02,0.000000E+00,0.000000E+00,3.373814E-02,7.961899E+02,1.656399E-01,1.938317E+03,2.767843E+03,7.662319E-02,3.153749E+03,3.373814E-02,0.000000E+00,0.000000E+00,5.687358E-02,1.342166E+03,2.649409E-01,3.108016E+03,4.485574E+03,1.235440E-01,5.153145E+03,5.687358E-02,0.000000E+00,0.000000E+00,3.373814E-02,7.961899E+02,1.758253E-01,2.052034E+03,2.888169E+03,7.715924E-02,3.169312E+03,3.373814E-02,0.000000E+00,0.000000E+00
00:20:00,7.502470E-02,1.777678E+03,3.410579E-01,3.998698E+03,5.620957E+03,7.502470E-02,4.244413E+03,7.502470E-02,0.000000E+00,0.000000E+00,5.687358E-02,1.347595E+03,2.616415E-01,3.065754E+03,4.434718E+03,1.226679E-01,5.127705E+03,5.687358E-02,0.000000E+00,0.000000E+00,3.373814E-02,7.994106E+02,1.647103E-01,1.924717E+03,2.753537E+03,7.661748E-02,3.153583E+03,3.373814E-02,0.000000E+00,0.000000E+00,5.687358E-02,1.347595E+03,2.636049E-01,3.087670E+03,4.464163E+03,1.235331E-01,5.152829E+03,5.687358E-02,0.000000E+00,0.000000E+00,3.373814E-02,7.994106E+02,1.745430E-01,2.034497E+03,2.869770E+03,7.715355E-02,3.169147E+03,3.373814E-02,0.000000E+00,0.000000E+00
00:30:00,7.502470E-02,1.784840E+03,3.405856E-01,3.986262E+03,5.608096E+03,7.502470E-02,4.244413E+03,7.502470E-02,0.000000E+00,0.000000E+00,5.687358E-02,1.353024E+03,2.603821E-01,3.046264E+03,4.414200E+03,1.226571E-01,5.127391E+03,5.687358E-02,0.000000E+00,0.000000E+00,3.373814E-02,8.026313E+02,1.638005E-01,1.911340E+03,2.739456E+03,7.661181E-02,3.153419E+03,3.373814E-02,0.000000E+00,0.000000E+00,5.687358E-02,1.353024E+03,2.623012E-01,3.067686E+03,4.443121E+03,1.235223E-01,5.152516E+03,5.687358E-02,0.000000E+00,0.000000E+00,3.373814E-02,8.026313E+02,1.733066E-01,2.017473E+03,2.851899E+03,7.714789E-02,3.168982E+03,3.373814E-02,0.000000E+00,0.000000E+00
00:40:00,7.502470E-02,1.792002E+03,3.401191E-01,3.973892E+03,5.595302E+03,7.502470E-02,4.244413E+03,7.502470E-02,0.000000E+00,0.000000E+00,5.687358E-02,1.358453E+03,2.591496E-01,3.027075E+03,4.393991E+03,1.226463E-01,5.127079E+03,5.687358E-02,0.000000E+00,0.000000E+00,3.373814E-02,8.058520E+02,1.629098E-01,1.898175E+03,2.725595E+03,7.660617E-02,3.153255E+03,3.373814E-02,0.000000E+00,0.000000E+00,5.687358E-02,1.358453E+03,2.610284E-01,3.048046E+03,4.422435E+03,1.235115E-01,5.152204E+03,5.687358E-02,0.000000E+00,0.000000E+00,3.373814E-02,8.058520E+02,1.721127E-01,2.000923E+03,2.834519E+03,7.714227E-02,3.168819E+03,3.373814E-02,0.000000E+00,0.000000E+00
00:50:00,7.502470E-02,1.799164E+03,3.396580E-01,3.961582E+03,5.582569E+03,7.502470E-02,4.244413E+03,7.502470E-02,0.000000E+00,0.000000E+00,5.687358E-02,1.363883E+03,2.579430E-01,3.008175E+03,4.374085E+03,1.226356E-01,5.126769E+03,5.687358E-02,0.000000E+00,0.000000E+00,3.373814E-02,8.090727E+02,1.620376E-01,1.885216E+03,2.711948E+03,7.660057E-02,3.153092E+03,3.373814E-02,0.000000E+00,0.000000E+00,5.687358E-02,1.363883E+03,2.597850E-01,3.028735E+03,4.402092E+03,1.235009E-01,5.151895E+03,5.687358E-02,0.000000E+00,0.000000E+00,3.373814E-02,8.090727E+02,1.709583E-01,1.984813E+03,2.817596E+03,7.713669E-02,3.168657E+03,3.373814E-02,0.000000E+00,0.000000E+00
01:00:00,7.502470E-02,1.806326E+03,3.392019E-01,3.949328E+03,5.569893E+03,7.502470E-02,4.244413E+03,7.502470E-02,0.000000E+00,0.000000E+00,5.687358E-02,1.369312E+03,2.567615E-01,2.989554E+03,4.354474E+03,1.226250E-01,5.126461E+03,5.687358E-02,0.000000E+00,0.000000E+00,3.373814E-02,8.122934E+02,1.611831E-01,1.872455E+03,2.698509E+03,7.659501E-02,3.152931E+03,3.373814E-02,0.000000E+00,0.000000E+00,5.687358E-02,1.369312E+03,2.585699E-01,3.009739E+03,4.382084E+03,1.234903E-01,5.151587E+03,5.687358E-02,0.000000E+00,0.000000E+00,3.373814E-02,8.122934E+02,1.698406E-01,1.969114E+03,2.801102E+03,7.713114E-02,3.168496E+03,3.373814E-02,0.000000E+00,0.000000E+00
01:10:00,7.502470E-02,1.811100E+03,3.387670E-01,3.939697E+03,5.559928E+03,7.502470E-02,4.244413E+03,7.502470E-02,0.000000E+00,0.000000E+00,5.687358E-02,1.372931E+03,2.556187E-01,2.973176E+03,4.337205E+03,1.226261E-01,5.126491E+03,5.687358E-02,0.000000E+00,0.000000E+00,3.373814E-02,8.144405E+02,1.603537E-01,1.861048E+03,2.686481E+03,7.659559E-02,3.152948E+03,3.373814E-02,0.000000E+00,0.000000E+00,5.687358E-02,1.372931E+03,2.573964E-01,2.993019E+03,4.364451E+03,1.234913E-01,5.151617E+03,5.687358E-02,0.000000E+00,0.000000E+00,3.373814E-02,8.144405E+02,1.687654E-01,1.954963E+03,2.786221E+03,7.713172E-02,3.168513E+03,3.373814E-02,0.000000E+00,0.000000E+00
01:20:00,7.502470E-02,1.815875E+03,3.383364E-01,3.930115E+03,5.550014E+03,7.502470E-02,4.244413E+03,7.502470E-02,0.000000E+00,0.000000E+00,5.687358E-02,1.376551E+03,2.545066E-01,2.957139E+03,4.320290E+03,1.226271E-01,5.126521E+03,5.687358E-02,0.000000E+00,0.000000E+00,3.373814E-02,8.165876E+02,1.595453E-01,1.849875E+03,2.674695E+03,7.659616E-02,3.152964E+03,3.373814E-02,0.000000E+00,0.000000E+00,5.687358E-02,1.376551E+03,2.562565E-01,2.976672E+03,4.347207E+03,1.234923E-01,5.151647E+03,5.687358E-02,0.000000E+00,0.000000E+00,3.373814E-02,8.165876E+02,1.677269E-01,1.941220E+03,2.771763E+03,7.713229E-02,3.168529E+03,3.373814E-02,0.000000E+00,0.000000E+00
01:30:00,7.502470E-02,1.820650E+03,3.379100E-01,3.920580E+03,5.540146E+03,7.502470E-02,4.244413E+03,7.502470E-02,0.000000E+00,0.000000E+00,5.687358E-02,1.380170E+03,2.534246E-01,2.941440E+03,4.303718E+03,1.226281E-01,5.126550E+03,5.687358E-02,0.000000E+00,0.000000E+00,3.373814E-02,8.187348E+02,1.587576E-01,1.838934E+03,2.663143E+03,7.659672E-02,3.152981E+03,3.373814E-02,0.000000E+00,0.000000E+00,5.687358E-02,1.380170E+03,2.551493E-01,2.960691E+03,4.330336E+03,1.234933E-01,5.151676E+03,5.687358E-02,0.000000E+00,0.000000E+00,3.373814E-02,8.187348E+02,1.667232E-01,1.927868E+03,2.757702E+03,7.713285E-02,3.168546E+03,3.373814E-02,0.000000E+00,0.000000E+00
01:40:00,7.502470E-02,1.825424E+03,3.374877E-01,3.911089E+03,5.530325E+03,7.502470E-02,4.244413E+03,7.502470E-02,0.000000E+00,0.000000E+00,5.687358E-02,1.383790E+03,2.523724E-01,2.926073E+03,4.287490E+03,1.226291E-01,5.126578E+03,5.687358E-02,0.000000E+00,0.000000E+00,3.373814E-02,8.208819E+02,1.579903E-01,1.828220E+03,2.651826E+03,7.659727E-02,3.152997E+03,3.373814E-02,0.000000E+00,0.000000E+00,5.687358E-02,1.383790E+03,2.540746E-01,2.945072E+03,4.313839E+03,1.234943E-01,5.151705E+03,5.687358E-02,0.000000E+00,0.000000E+00,3.373814E-02,8.208819E+02,1.657530E-01,1.914888E+03,2.744026E+03,7.713340E-02,3.168562E+03,3.373814E-02,0.000000E+00,0.000000E+00
01:50:00,7.502470E-02,1.830199E+03,3.370693E-01,3.901643E+03,5.520551E+03,7.502470E-02,4.244413E+03,7.502470E-02,0.000000E+00,0.000000E+00,5.687358E-02,1.387409E+03,2.513499E-01,2.911038E+03,4.271614E+03,1.226300E-01,5.126606E+03,5.687358E-02,0.000000E+00,0.000000E+00,3.373814E-02,8.230290E+02,1.572433E-01,1.817733E+03,2.640749E+03,7.659782E-02,3.153012E+03,3.373814E-02,0.000000E+00,0.000000E+00,5.687358E-02,1.387409E+03,2.530317E-01,2.929810E+03,4.297720E+03,1.234953E-01,5.151733E+03,5.687358E-02,0.000000E+00,0.000000E+00,3.373814E-02,8.230290E+02,1.648149E-01,1.902268E+03,2.730727E+03,7.713394E-02,3.168578E+03,3.373814E-02,0.000000E+00,0.000000E+00
02:00:00,7.502470E-02,1.834974E+03,3.366549E-01,3.892242E+03,5.510821E+03,7.502470E-02,4.244413E+03,7.502470E-02,0.000000E+00,0.000000E+00,5.687358E-02,1.391029E+03,2.503569E-01,2.896332E+03,4.256095E+03,1.226310E-01,5.126634E+03,5.687358E-02,0.000000E+00,0.000000E+00,3.373814E-02,8.251762E+02,1.565165E-01,1.807471E+03,2.629913E+03,7.659836E-02,3.153028E+03,3.373814E-02,0.000000E+00,0.000000E+00,5.687358E-02,1.391029E+03,2.520205E-01,2.914901E+03,4.281984E+03,1.234963E-01,5.151761E+03,5.687358E-02,0.000000E+00,0.000000E+00,3.373814E-02,8.251762E+02,1.639079E-01,1.889994E+03,2.717797E+03,7.713448E-02,3.168593E+03,3.373814E-02,0.000000E+00,0.000000E+00
02:10:00,7.502470E-02,1.838555E+03,3.362444E-01,3.884078E+03,5.502359E+03,7.502470E-02,4.244413E+03,7.502470E-02,0.000000E+00,0.000000E+00,5.687358E-02,1.393743E+03,2.493858E-01,2.882775E+03,4.241763E+03,1.226319E-01,5.126662E+03,5.687358E-02,0.000000E+00,0.000000E+00,3.373814E-02,8.267865E+02,1.558052E-01,1.797919E+03,2.619811E+03,7.659889E-02,3.153043E+03,3.373814E-02,0.000000E+00,0.000000E+00,5.687358E-02,1.393743E+03,2.510333E-01,2.901164E+03,4.267459E+03,1.234972E-01,5.151789E+03,5.687358E-02,0.000000E+00,0.000000E+00,3.373814E-02,8.267865E+02,1.630264E-01,1.878542E+03,2.705716E+03,7.713501E-02,3.168608E+03,3.373814E-02,0.000000E+00,0.000000E+00
02:20:00,7.502470E-02,1.842135E+03,3.358378E-01,3.875957E+03,5.493942E+03,7.502470E-02,4.244413E+03,7.502470E-02,0.000000E+00,0.000000E+00,5.687358E-02,1.396458E+03,2.484366E-01,2.869463E+03,4.227682E+03,1.226329E-01,5.126689E+03,5.687358E-02,0.000000E+00,0.000000E+00,3.373814E-02,8.283969E+02,1.551093E-01,1.788540E+03,2.609887E+03,7.659941E-02,3.153059E+03,3.373814E-02,0.000000E+00,0.000000E+00,5.687358E-02,1.396458E+03,2.500696E-01,2.887690E+03,4.253206E+03,1.234982E-01,5.151816E+03,5.687358E-02,0.000000E+00,0.000000E+00,3.373814E-02,8.283969E+02,1.621696E-01,1.867365E+03,2.693919E+03,7.713553E-02,3.168624E+03,3.373814E-02,0.000000E+00,0.000000E+00
02:30:00,7.502470E-02,1.845716E+03,3.354350E-01,3.867878E+03,5.485568E+03,7.502470E-02,4.244413E+03,7.502470E-02,0.000000E+00,0.000000E+00,5.687358E-02,1.399173E+03,2.475091E-01,2.856393E+03,4.213847E+03,1.226338E-01,5.126716E+03,5.687358E-02,0.000000E+00,0.000000E+00,3.373814E-02,8.300072E+02,1.544288E-01,1.779332E+03,2.600136E+03,7.659993E-02,3.153074E+03,3.373814E-02,0.000000E+00,0.000000E+00,5.687358E-02,1.399173E+03,2.491291E-01,2.874475E+03,4.239215E+03,1.234991E-01,5.151843E+03,5.687358E-02,0.000000E+00,0.000000E+00,3.373814E-02,8.300072E+02,1.613365E-01,1.856454E+03,2.682394E+03,7.713604E-02,3.168639E+03,3.373814E-02,0.000000E+00,0.000000E+00
02:40:00,7.502470E-02,1.849297E+03,3.350359E-01,3.859842E+03,5.477238E+03,7.502470E-02,4.244413E+03,7.502470E-02,0.000000E+00,0.000000E+00,5.687358E-02,1.401887E+03,2.466029E-01,2.843561E+03,4.200258E+03,1.226347E-01,5.126742E+03,5.687358E-02,0.000000E+00,0.000000E+00,3.373814E-02,8.316175E+02,1.537634E-01,1.770293E+03,2.590559E+03,7.660044E-02,3.153088E+03,3.373814E-02,0.000000E+00,0.000000E+00,5.687358E-02,1.401887E+03,2.482113E-01,2.861514E+03,4.225487E+03,1.235000E-01,5.151870E+03,5.687358E-02,0.000000E+00,0.000000E+00,3.373814E-02,8.316175E+02,1.605264E-01,1.845799E+03,2.671134E+03,7.713655E-02,3.168653E+03,3.373814E-02,0.000000E+00,0.000000E+00
02:50:00,7.502470E-02,1.852878E+03,3.346405E-01,3.851846E+03,5.468951E+03,7.502470E-02,4.244413E+03,7.502470E-02,0.000000E+00,0.000000E+00,5.687358E-02,1.404602E+03,2.457178E-01,2.830964E+03,4.186917E+03,1.226356E-01,5.126769E+03,5.687358E-02,0.000000E+00,0.000000E+00,3.373814E-02,8.332279E+02,1.531129E-01,1.761419E+03,2.581156E+03,7.660094E-02,3.153103E+03,3.373814E-02,0.000000E+00,0.000000E+00,5.687358E-02,1.404602E+03,2.473159E-01,2.848802E+03,4.212022E+03,1.235009E-01,5.151896E+03,5.687358E-02,0.000000E+00,0.000000E+00,3.373814E-02,8.332279E+02,1.597384E-01,1.835391E+03,2.660132E+03,7.713706E-02,3.168668E+03,3.373814E-02,0.000000E+00,0.000000E+00
03:00:00,7.502470E-02,1.856459E+03,3.342487E-01,3.843891E+03,5.460707E+03,7.502470E-02,4.244413E+03,7.502470E-02,0.000000E+00,0.000000E+00,5.687358E-02,1.407316E+03,2.448535E-01,2.818600E+03,4.173826E+03,1.226365E-01,5.126794E+03,5.687358E-02,0.000000E+00,0.000000E+00,3.373814E-02,8.348382E+02,1.524770E-01,1.752710E+03,2.571929E+03,7.660144E-02,3.153118E+03,3.373814E-02,0.000000E+00,0.000000E+00,5.687358E-02,1.407316E+03,2.464425E-01,2.836336E+03,4.198821E+03,1.235018E-01,5.151922E+03,5.687358E-02,0.000000E+00,0.000000E+00,3.373814E-02,8.348382E+02,1.589719E-01,1.825222E+03,2.649384E+03,7.713755E-02,3.168682E+03,3.373814E-02,0.000000E+00,0.000000E+00
03:10:00,7.502470E-02,1.860040E+03,3.338605E-01,3.835975E+03,5.452503E+03,7.502470E-02,4.244413E+03,7.502470E-02,0.000000E+00,0.000000E+00,5.687358E-02,1.410031E+03,2.440025E-01,2.806384E+03,4.160884E+03,1.226374E-01,5.126820E+03,5.687358E-02,0.000000E+00,0.000000E+00,3.373814E-02,8.364486E+02,1.518513E-01,1.744114E+03,2.562817E+03,7.660193E-02,3.153132E+03,3.373814E-02,0.000000E+00,0.000000E+00,5.687358E-02,1.410031E+03,2.455834E-01,2.824030E+03,4.185782E+03,1.235027E-01,5.151948E+03,5.687358E-02,0.000000E+00,0.000000E+00,3.373814E-02,8.364486E+02,1.582215E-01,1.815235E+03,2.638821E+03,7.713804E-02,3.168697E+03,3.373814E-02,0.000000E+00,0.000000E+00
03:20:00,7.502470E-02,1.863621E+03,3.334757E-01,3.828099E+03,5.444338E+03,7.502470E-02,4.244413E+03,7.502470E-02,0.000000E+00,0.000000E+00,5.687358E-02,1.412746E+03,2.431645E-01,2.794314E+03,4.148091E+03,1.226383E-01,5.126846E+03,5.687358E-02,0.000000E+00,0.000000E+00,3.373814E-02,8.380589E+02,1.512355E-01,1.735628E+03,2.553817E+03,7.660242E-02,3.153146E+03,3.373814E-02,0.000000E+00,0.000000E+00,5.687358E-02,1.412746E+03,2.447382E-01,2.811880E+03,4.172901E+03,1.235036E-01,5.151974E+03,5.687358E-02,0.000000E+00,0.000000E+00,3.373814E-02,8.380589E+02,1.574868E-01,1.805421E+03,2.628438E+03,7.713853E-02,3.168711E+03,3.373814E-02,0.000000E+00,0.000000E+00
03:30:00,7.502470E-02,1.867202E+03,3.330943E-01,3.820259E+03,5.436213E+03,7.502470E-02,4.244413E+03,7.502470E-02,0.000000E+00,0.000000E+00,5.687358E-02,1.415460E+03,2.423391E-01,2.782384E+03,4.135442E+03,1.226391E-01,5.126871E+03,5.687358E-02,0.000000E+00,0.000000E+00,3.373814E-02,8.396693E+02,1.506293E-01,1.727250E+03,2.544929E+03,7.660290E-02,3.153160E+03,3.373814E-02,0.000000E+00,0.000000E+00,5.687358E-02,1.415460E+03,2.439063E-01,2.799877E+03,4.160172E+03,1.235045E-01,5.151999E+03,5.687358E-02,0.000000E+00,0.000000E+00,3.373814E-02,8.396693E+02,1.567668E-01,1.795773E+03,2.618226E+03,7.713901E-02,3.168725E+03,3.373814E-02,0.000000E+00,0.000000E+00
03:40:00,7.502470E-02,1.870783E+03,3.327161E-01,3.812455E+03,5.428124E+03,7.502470E-02,4.244413E+03,7.502470E-02,0.000000E+00,0.000000E+00,5.687358E-02,1.418175E+03,2.415258E-01,2.770589E+03,4.122931E+03,1.226400E-01,5.126896E+03,5.687358E-02,0.000000E+00,0.000000E+00,3.373814E-02,8.412796E+02,1.500323E-01,1.718975E+03,2.536146E+03,7.660338E-02,3.153174E+03,3.373814E-02,0.000000E+00,0.000000E+00,5.687358E-02,1.418175E+03,2.430870E-01,2.788015E+03,4.147588E+03,1.235053E-01,5.152024E+03,5.687358E-02,0.000000E+00,0.000000E+00,3.373814E-02,8.412796E+02,1.560610E-01,1.786282E+03,2.608176E+03,7.713949E-02,3.168739E+03,3.373814E-02,0.000000E+00,0.000000E+00
03:50:00,7.502470E-02,1.874364E+03,3.323410E-01,3.804686E+03,5.420071E+03,7.502470E-02,4.244413E+03,7.502470E-02,0.000000E+00,0.000000E+00,5.687358E-02,1.420890E+03,2.407239E-01,2.758922E+03,4.110553E+03,1.226408E-01,5.126920E+03,5.687358E-02,0.000000E+00,0.000000E+00,3.373814E-02,8.428900E+02,1.494442E-01,1.710798E+03,2.527466E+03,7.660385E-02,3.153188E+03,3.373814E-02,0.000000E+00,0.000000E+00,5.687358E-02,1.420890E+03,2.422797E-01,2.776287E+03,4.135142E+03,1.235062E-01,5.152049E+03,5.687358E-02,0.000000E+00,0.000000E+00,3.373814E-02,8.428900E+02,1.553685E-01,1.776941E+03,2.598282E+03,7.713996E-02,3.168752E+03,3.373814E-02,0.000000E+00,0.000000E+00
04:00:00,7.502470E-02,1.877945E+03,3.319688E-01,3.796949E+03,5.412052E+03,7.502470E-02,4.244413E+03,7.502470E-02,0.000000E+00,0.000000E+00,5.687358E-02,1.423604E+03,2.399331E-01,2.747378E+03,4.098302E+03,1.226417E-01,5.126945E+03,5.687358E-02,0.000000E+00,0.000000E+00,3.373814E-02,8.445003E+02,1.488646E-01,1.702717E+03,2.518884E+03,7.660432E-02,3.153201E+03,3.373814E-02,0.000000E+00,0.000000E+00,5.687358E-02,1.423604E+03,2.414838E-01,2.764686E+03,4.122829E+03,1.235070E-01,5.152073E+03,5.687358E-02,0.000000E+00,0.000000E+00,3.373814E-02,8.445003E+02,1.546887E-01,1.767740E+03,2.588534E+03,7.714042E-02,3.168766E+03,3.373814E-02,0.000000E+00,0.000000E+00
04:10:00,7.502470E-02,1.880333E+03,3.315994E-01,3.790438E+03,5.405287E+03,7.502470E-02,4.244413E+03,7.502470E-02,0.000000E+00,0.000000E+00,5.687358E-02,1.425414E+03,2.391597E-01,2.736933E+03,4.087194E+03,1.226425E-01,5.126969E+03,5.687358E-02,0.000000E+00,0.000000E+00,3.373814E-02,8.455739E+02,1.482974E-01,1.695310E+03,2.511004E+03,7.660478E-02,3.153214E+03,3.373814E-02,0.000000E+00,0.000000E+00,5.687358E-02,1.425414E+03,2.407054E-01,2.754187E+03,4.111659E+03,1.235079E-01,5.152098E+03,5.687358E-02,0.000000E+00,0.000000E+00,3.373814E-02,8.455739E+02,1.540253E-01,1.759260E+03,2.579534E+03,7.714088E-02,3.168779E+03,3.373814E-02,0.000000E+00,0.000000E+00
04:20:00,7.502470E-02,1.882720E+03,3.312328E-01,3.783958E+03,5.398555E+03,7.502470E-02,4.244413E+03,7.502470E-02,0.000000E+00,0.000000E+00,5.687358E-02,1.427224E+03,2.384032E-01,2.726678E+03,4.076288E+03,1.226433E-01,5.126993E+03,5.687358E-02,0.000000E+00,0.000000E+00,3.373814E-02,8.466475E+02,1.477421E-01,1.688037E+03,2.503265E+03,7.660524E-02,3.153228E+03,3.373814E-02,0.000000E+00,0.000000E+00,5.687358E-02,1.427224E+03,2.399439E-01,2.743874E+03,4.100688E+03,1.235087E-01,5.152122E+03,5.687358E-02,0.000000E+00,0.000000E+00,3.373814E-02,8.466475E+02,1.533776E-01,1.750955E+03,2.570719E+03,7.714134E-02,3.168792E+03,3.373814E-02,0.000000E+00,0.000000E+00
04:30:00,7.502470E-02,1.885107E+03,3.308690E-01,3.777508E+03,5.391854E+03,7.502470E-02,4.244413E+03,7.502470E-02,0.000000E+00,0.000000E+00,5.687358E-02,1.429033E+03,2.376636E-01,2.716610E+03,4.065575E+03,1.226441E-01,5.127016E+03,5.687358E-02,0.000000E+00,0.000000E+00,3.373814E-02,8.477210E+02,1.471987E-01,1.680897E+03,2.495662E+03,7.660569E-02,3.153241E+03,3.373814E-02,0.000000E+00,0.000000E+00,5.687358E-02,1.429033E+03,2.391992E-01,2.733751E+03,4.089912E+03,1.235095E-01,5.152146E+03,5.687358E-02,0.000000E+00,0.000000E+00,3.373814E-02,8.477210E+02,1.527452E-01,1.742822E+03,2.562079E+03,7.714179E-02,3.168805E+03,3.373814E-02,0.000000E+00,0.000000E+00
04:40:00,7.502470E-02,1.887495E+03,3.305079E-01,3.771089E+03,5.385186E+03,7.502470E-02,4.244413E+03,7.502470E-02,0.000000E+00,0.000000E+00,5.687358E-02,1.430843E+03,2.369405E-01,2.706728E+03,4.055056E+03,1.226450E-01,5.127040E+03,5.687358E-02,0.000000E+00,0.000000E+00,3.373814E-02,8.487946E+02,1.466670E-01,1.673887E+03,2.488196E+03,7.660614E-02,3.153254E+03,3.373814E-02,0.000000E+00,0.000000E+00,5.687358E-02,1.430843E+03,2.384714E-01,2.723815E+03,4.079334E+03,1.235103E-01,5.152169E+03,5.687358E-02,0.000000E+00,0.000000E+00,3.373814E-02,8.487946E+02,1.521279E-01,1.734855E+03,2.553614E+03,7.714224E-02,3.168818E+03,3.373814E-02,0.000000E+00,0.000000E+00
04:50:00,7.502470E-02,1.889882E+03,3.301496E-01,3.764701E+03,5.378548E+03,7.502470E-02,4.244413E+03,7.502470E-02,0.000000E+00,0.000000E+00,5.687358E-02,1.432653E+03,2.362340E-01,2.697030E+03,4.044733E+03,1.226458E-01,5.127063E+03,5.687358E-02,0.000000E+00,0.000000E+00,3.373814E-02,8.498682E+02,1.461469E-01,1.667007E+03,2.480866E+03,7.660658E-02,3.153267E+03,3.373814E-02,0.000000E+00,0.000000E+00,5.687358E-02,1.432653E+03,2.377604E-01,2.714067E+03,4.068955E+03,1.235111E-01,5.152193E+03,5.687358E-02,0.000000E+00,0.000000E+00,3.373814E-02,8.498682E+02,1.515251E-01,1.727052E+03,2.545321E+03,7.714268E-02,3.168831E+03,3.373814E-02,0.000000E+00,0.000000E+00
05:00:00,7.502470E-02,1.892269E+03,3.297940E-01,3.758344E+03,5.371943E+03,7.502470E-02,4.244413E+03,7.502470E-02,0.000000E+00,0.000000E+00,5.687358E-02,1.434463E+03,2.355438E-01,2.687514E+03,4.034610E+03,1.226465E-01,5.127086E+03,5.687358E-02,0.000000E+00,0.000000E+00,3.373814E-02,8.509417E+02,1.456383E-01,1.660255E+03,2.473676E+03,7.660702E-02,3.153280E+03,3.373814E-02,0.000000E+00,0.000000E+00,5.687358E-02,1.434463E+03,2.370660E-01,2.704505E+03,4.058779E+03,1.235119E-01,5.152216E+03,5.687358E-02,0.000000E+00,0.000000E+00,3.373814E-02,8.509417E+02,1.509367E-01,1.719409E+03,2.537200E+03,7.714312E-02,3.168844E+03,3.373814E-02,0.000000E+00,0.000000E+00
05:10:00,7.502470E-02,1.889882E+03,3.294413E-01,3.756793E+03,5.370260E+03,7.502470E-02,4.244413E+03,7.502470E-02,0.000000E+00,0.000000E+00,5.687358E-02,1.432653E+03,2.348915E-01,2.682042E+03,4.028694E+03,1.226473E-01,5.127109E+03,5.687358E-02,0.000000E+00,0.000000E+00,3.373814E-02,8.498682E+02,1.451542E-01,1.655923E+03,2.469005E+03,7.660745E-02,3.153292E+03,3.373814E-02,0.000000E+00,0.000000E+00,5.687358E-02,1.432653E+03,2.364099E-01,2.698990E+03,4.052813E+03,1.235127E-01,5.152239E+03,5.687358E-02,0.000000E+00,0.000000E+00,3.373814E-02,8.498682E+02,1.503756E-01,1.714218E+03,2.531630E+03,7.714355E-02,3.168857E+03,3.373814E-02,0.000000E+00,0.000000E+00
05:20:00,7.502470E-02,1.887495E+03,3.290917E-01,3.755277E+03,5.368614E+03,7.502470E-02,4.244413E+03,7.502470E-02,0.000000E+00,0.000000E+00,5.687358E-02,1.430843E+03,2.342776E-01,2.676997E+03,4.023237E+03,1.226481E-01,5.127131E+03,5.687358E-02,0.000000E+00,0.000000E+00,3.373814E-02,8.487946E+02,1.446947E-01,1.651867E+03,2.464627E+03,7.660788E-02,3.153305E+03,3.373814E-02,0.000000E+00,0.000000E+00,5.687358E-02,1.430843E+03,2.357945E-01,2.693929E+03,4.047340E+03,1.235135E-01,5.152261E+03,5.687358E-02,0.000000E+00,0.000000E+00,3.373814E-02,8.487946E+02,1.498422E-01,1.709337E+03,2.526389E+03,7.714398E-02,3.168869E+03,3.373814E-02,0.000000E+00,0.000000E+00
05:30:00,7.502470E-02,1.885107E+03,3.287457E-01,3.753801E+03,5.367008E+03,7.502470E-02,4.244413E+03,7.502470E-02,0.000000E+00,0.000000E+00,5.687358E-02,1.429033E+03,2.337021E-01,2.672382E+03,4.018224E+03,1.226489E-01,5.127154E+03,5.687358E-02,0.000000E+00,0.000000E+00,3.373814E-02,8.477210E+02,1.442600E-01,1.648087E+03,2.460533E+03,7.660831E-02,3.153317E+03,3.373814E-02,0.000000E+00,0.000000E+00,5.687358E-02,1.429033E+03,2.352193E-01,2.689316E+03,4.042330E+03,1.235143E-01,5.152284E+03,5.687358E-02,0.000000E+00,0.000000E+00,3.373814E-02,8.477210E+02,1.493365E-01,1.704764E+03,2.521462E+03,7.714441E-02,3.168881E+03,3.373814E-02,0.000000E+00,0.000000E+00
05:40:00,7.502470E-02,1.882720E+03,3.284034E-01,3.752367E+03,5.365447E+03,7.502470E-02,4.244413E+03,7.502470E-02,0.000000E+00,0.000000E+00,5.687358E-02,1.427224E+03,2.331659E-01,2.668205E+03,4.013672E+03,1.226496E-01,5.127176E+03,5.687358E-02,0.000000E+00,0.000000E+00,3.373814E-02,8.466475E+02,1.438506E-01,1.644590E+03,2.456736E+03,7.660873E-02,3.153329E+03,3.373814E-02,0.000000E+00,0.000000E+00,5.687358E-02,1.427224E+03,2.346849E-01,2.685160E+03,4.037800E+03,1.235150E-01,5.152306E+03,5.687358E-02,0.000000E+00,0.000000E+00,3.373814E-02,8.466475E+02,1.488587E-01,1.700504E+03,2.516863E+03,7.714483E-02,3.168894E+03,3.373814E-02,0.000000E+00,0.000000E+00
05:50:00,7.502470E-02,1.880333E+03,3.280662E-01,3.750989E+03,5.363945E+03,7.502470E-02,4.244413E+03,7.502470E-02,0.000000E+00,0.000000E+00,5.687358E-02,1.425414E+03,2.327297E-01,2.665144E+03,4.010440E+03,1.226504E-01,5.127198E+03,5.687358E-02,0.000000E+00,0.000000E+00,3.373814E-02,8.455739E+02,1.435181E-01,1.641951E+03,2.453960E+03,7.660915E-02,3.153341E+03,3.373814E-02,0.000000E+00,0.000000E+00,5.687358E-02,1.425414E+03,2.342611E-01,2.682238E+03,4.034734E+03,1.235158E-01,5.152328E+03,5.687358E-02,0.000000E+00,0.000000E+00,3.373814E-02,8.455739E+02,1.484423E-01,1.696928E+03,2.513059E+03,7.714525E-02,3.168906E+03,3.373814E-02,0.000000E+00,0.000000E+00
06:00:00,7.502470E-02,1.877945E+03,3.277386E-01,3.749719E+03,5.362565E+03,7.502470E-02,4.244413E+03,7.502470E-02,0.000000E+00,0.000000E+00,5.687358E-02,1.423604E+03,2.324334E-01,2.663646E+03,4.009000E+03,1.226511E-01,5.127220E+03,5.687358E-02,0.000000E+00,0.000000E+00,3.373814E-02,8.445003E+02,1.435057E-01,1.642886E+03,2.455497E+03,7.660957E-02,3.153353E+03,3.373814E-02,0.000000E+00,0.000000E+00,5.687358E-02,1.423604E+03,2.341338E-01,2.682626E+03,4.035615E+03,1.235166E-01,5.152350E+03,5.687358E-02,0.000000E+00,0.000000E+00,3.373814E-02,8.445003E+02,1.481087E-01,1.694277E+03,2.510303E+03,7.714566E-02,3.168918E+03,3.373814E-02,0.000000E+00,0.000000E+00
06:10:00,7.502470E-02,1.869590E+03,3.274332E-01,3.754664E+03,5.367568E+03,7.502470E-02,4.244413E+03,7.502470E-02,0.000000E+00,0.000000E+00,5.687358E-02,1.417270E+03,2.323293E-01,2.668817E+03,4.014620E+03,1.226519E-01,5.127241E+03,5.687358E-02,0.000000E+00,0.000000E+00,3.373814E-02,8.407429E+02,1.442779E-01,1.655264E+03,2.470104E+03,7.660998E-02,3.153365E+03,3.373814E-02,0.000000E+00,0.000000E+00,5.687358E-02,1.417270E+03,2.345935E-01,2.694091E+03,4.048777E+03,1.235173E-01,5.152372E+03,5.687358E-02,0.000000E+00,0.000000E+00,3.373814E-02,8.407429E+02,1.478890E-01,1.695581E+03,2.511722E+03,7.714607E-02,3.168930E+03,3.373814E-02,0.000000E+00,0.000000E+00
06:20:00,7.502470E-02,1.861234E+03,3.271701E-01,3.760083E+03,5.373096E+03,7.502470E-02,4.244413E+03,7.502470E-02,0.000000E+00,0.000000E+00,5.687358E-02,1.410936E+03,2.324679E-01,2.676699E+03,4.023232E+03,1.226526E-01,5.127263E+03,5.687358E-02,0.000000E+00,0.000000E+00,3.373814E-02,8.369854E+02,1.459942E-01,1.678181E+03,2.496278E+03,7.661038E-02,3.153377E+03,3.373814E-02,0.000000E+00,0.000000E+00,5.687358E-02,1.410936E+03,2.357762E-01,2.713628E+03,4.070858E+03,1.235180E-01,5.152393E+03,5.687358E-02,0.000000E+00,0.000000E+00,3.373814E-02,8.369854E+02,1.478089E-01,1.698444E+03,2.514841E+03,7.714648E-02,3.168941E+03,3.373814E-02,0.000000E+00,0.000000E+00
06:30:00,7.502470E-02,1.852878E+03,3.269703E-01,3.766207E+03,5.379388E+03,7.502470E-02,4.244413E+03,7.502470E-02,0.000000E+00,0.000000E+00,5.687358E-02,1.404602E+03,2.328753E-01,2.687580E+03,4.035107E+03,1.226534E-01,5.127284E+03,5.687358E-02,0.000000E+00,0.000000E+00,3.373814E-02,8.332279E+02,1.485617E-01,1.710600E+03,2.532169E+03,7.661078E-02,3.153389E+03,3.373814E-02,0.000000E+00,0.000000E+00,5.687358E-02,1.404602E+03,2.373532E-01,2.737567E+03,4.096936E+03,1.235188E-01,5.152414E+03,5.687358E-02,0.000000E+00,0.000000E+00,3.373814E-02,8.332279E+02,1.478813E-01,1.703009E+03,2.519787E+03,7.714688E-02,3.168953E+03,3.373814E-02,0.000000E+00,0.000000E+00
06:40:00,7.502470E-02,1.844523E+03,3.268497E-01,3.773217E+03,5.386629E+03,7.502470E-02,4.244413E+03,7.502470E-02,0.000000E+00,0.000000E+00,5.687358E-02,1.398268E+03,2.335805E-01,2.701786E+03,4.050641E+03,1.226541E-01,5.127305E+03,5.687358E-02,0.000000E+00,0.000000E+00,3.373814E-02,8.294704E+02,1.520134E-01,1.752891E+03,2.578455E+03,7.661118E-02,3.153400E+03,3.373814E-02,0.000000E+00,0.000000E+00,5.687358E-02,1.398268E+03,2.394477E-01,2.767282E+03,4.129342E+03,1.235195E-01,5.152436E+03,5.687358E-02,0.000000E+00,0.000000E+00,3.373814E-02,8.294704E+02,1.481192E-01,1.709422E+03,2.526746E+03,7.714728E-02,3.168965E+03,3.373814E-02,0.000000E+00,0.000000E+00
06:50:00,7.502470E-02,1.836167E+03,3.268211E-01,3.781252E+03,5.394963E+03,7.502470E-02,4.244413E+03,7.502470E-02,0.000000E+00,0.000000E+00,5.687358E-02,1.391934E+03,2.343284E-01,2.716469E+03,4.066329E+03,1.226548E-01,5.127326E+03,5.687358E-02,0.000000E+00,0.000000E+00,3.373814E-02,8.257129E+02,1.564613E-01,1.806302E+03,2.636997E+03,7.661158E-02,3.153412E+03,3.373814E-02,0.000000E+00,0.000000E+00,5.687358E-02,1.391934E+03,2.419844E-01,2.801935E+03,4.167333E+03,1.235202E-01,5.152456E+03,5.687358E-02,0.000000E+00,0.000000E+00,3.373814E-02,8.257129E+02,1.485001E-01,1.717431E+03,2.535434E+03,7.714767E-02,3.168976E+03,3.373814E-02,0.000000E+00,0.000000E+00
07:00:00,7.502470E-02,1.827812E+03,3.268904E-01,3.790381E+03,5.404460E+03,7.502470E-02,4.244413E+03,7.502470E-02,0.000000E+00,0.000000E+00,5.687358E-02,1.385600E+03,2.353006E-01,2.733656E+03,4.085063E+03,1.226555E-01,5.127346E+03,5.687358E-02,0.000000E+00,0.000000E+00,3.373814E-02,8.219555E+02,1.619627E-01,1.871474E+03,2.708533E+03,7.661197E-02,3.153423E+03,3.373814E-02,0.000000E+00,0.000000E+00,5.687358E-02,1.385600E+03,2.448990E-01,2.840806E+03,4.210150E+03,1.235209E-01,5.152477E+03,5.687358E-02,0.000000E+00,0.000000E+00,3.373814E-02,8.219555E+02,1.490335E-01,1.727143E+03,2.546008E+03,7.714806E-02,3.168987E+03,3.373814E-02,0.000000E+00,0.000000E+00
07:10:00,7.502470E-02,1.807519E+03,3.270366E-01,3.812316E+03,5.427066E+03,7.502470E-02,4.244413E+03,7.502470E-02,0.000000E+00,0.000000E+00,5.687358E-02,1.370217E+03,2.361552E-01,2.758590E+03,4.107431E+03,1.201939E-01,5.055881E+03,5.687358E-02,0.000000E+00,0.000000E+00,3.373814E-02,8.128302E+02,1.676626E-01,1.944237E+03,2.782665E+03,7.497085E-02,3.105777E+03,3.373814E-02,0.000000E+00,0.000000E+00,5.687358E-02,1.370217E+03,2.473574E-01,2.883644E+03,4.251153E+03,1.209456E-01,5.077709E+03,5.687358E-02,0.000000E+00,0.000000E+00,3.373814E-02,8.128302E+02,1.493321E-01,1.739609E+03,2.555942E+03,7.550694E-02,3.121342E+03,3.373814E-02,0.000000E+00,0.000000E+00
07:20:00,7.502470E-02,1.787227E+03,3.272618E-01,3.835145E+03,5.450636E+03,7.502470E-02,4.244413E+03,7.502470E-02,0.000000E+00,0.000000E+00,5.687358E-02,1.354834E+03,2.371829E-01,2.785468E+03,4.118067E+03,1.177297E-01,4.984337E+03,5.687358E-02,0.000000E+00,0.000000E+00,3.373814E-02,8.037048E+02,1.735953E-01,2.019612E+03,2.848717E+03,7.332795E-02,3.058078E+03,3.373814E-02,0.000000E+00,0.000000E+00,5.687358E-02,1.354834E+03,2.494347E-01,2.922243E+03,4.272340E+03,1.183675E-01,5.002857E+03,5.687358E-02,0.000000E+00,0.000000E+00,3.373814E-02,8.037048E+02,1.496898E-01,1.752741E+03,2.556861E+03,7.386405E-02,3.073642E+03,3.373814E-02,0.000000E+00,0.000000E+00
07:30:00,7.502470E-02,1.766935E+03,3.275471E-01,3.858643E+03,5.474876E+03,7.502470E-02,4.244413E+03,7.502470E-02,0.000000E+00,0.000000E+00,5.687358E-02,1.339451E+03,2.383818E-01,2.814260E+03,4.127651E+03,1.152658E-01,4.912799E+03,5.687358E-02,0.000000E+00,0.000000E+00,3.373814E-02,7.945795E+02,1.798360E-01,2.098431E+03,2.912318E+03,7.168524E-02,3.010384E+03,3.373814E-02,0.000000E+00,0.000000E+00,5.687358E-02,1.339451E+03,2.513922E-01,2.959507E+03,4.287951E+03,1.157896E-01,4.928012E+03,5.687358E-02,0.000000E+00,0.000000E+00,3.373814E-02,7.945795E+02,1.501220E-01,1.766708E+03,2.556919E+03,7.222134E-02,3.025948E+03,3.373814E-02,0.000000E+00,0.000000E+00
07:40:00,7.502470E-02,1.746642E+03,3.278706E-01,3.882569E+03,5.499553E+03,7.502470E-02,4.244413E+03,7.502470E-02,0.000000E+00,0.000000E+00,5.687358E-02,1.324068E+03,2.397395E-01,2.844828E+03,4.144249E+03,1.128004E-01,4.841219E+03,5.687358E-02,0.000000E+00,0.000000E+00,3.373814E-02,7.854542E+02,1.863181E-01,2.179951E+03,2.983850E+03,7.004157E-02,2.962661E+03,3.373814E-02,0.000000E+00,0.000000E+00,5.687358E-02,1.324068E+03,2.530568E-01,2.993505E+03,4.306210E+03,1.132103E-01,4.853123E+03,5.687358E-02,0.000000E+00,0.000000E+00,3.373814E-02,7.854542E+02,1.506272E-01,1.781490E+03,2.561742E+03,7.057767E-02,2.978225E+03,3.373814E-02,0.000000E+00,0.000000E+00
07:50:00,7.502470E-02,1.726350E+03,3.282130E-01,3.906706E+03,5.524433E+03,7.502470E-02,4.244413E+03,7.502470E-02,0.000000E+00,0.000000E+00,5.687358E-02,1.308685E+03,2.414690E-01,2.879548E+03,4.169644E+03,1.103339E-01,4.769606E+03,5.687358E-02,0.000000E+00,0.000000E+00,3.373814E-02,7.763289E+02,1.928374E-01,2.261889E+03,3.059672E+03,6.839720E-02,2.914917E+03,3.373814E-02,0.000000E+00,0.000000E+00,5.687358E-02,1.308685E+03,2.544106E-01,3.024034E+03,4.325563E+03,1.106298E-01,4.778201E+03,5.687358E-02,0.000000E+00,0.000000E+00,3.373814E-02,7.763289E+02,1.512070E-01,1.797107E+03,2.570423E+03,6.893329E-02,2.930481E+03,3.373814E-02,0.000000E+00,0.000000E+00
08:00:00,7.502470E-02,1.706058E+03,3.285586E-01,3.930879E+03,5.549332E+03,7.502470E-02,4.244413E+03,7.502470E-02,0.000000E+00,0.000000E+00,5.687358E-02,1.293302E+03,2.433644E-01,2.916122E+03,4.199755E+03,1.078665E-01,4.697965E+03,5.687358E-02,0.000000E+00,0.000000E+00,3.373814E-02,7.672036E+02,1.990297E-01,2.340180E+03,3.133913E+03,6.675221E-02,2.867155E+03,3.373814E-02,0.000000E+00,0.000000E+00,5.687358E-02,1.293302E+03,2.553302E-01,3.049717E+03,4.342763E+03,1.080484E-01,4.703250E+03,5.687358E-02,0.000000E+00,0.000000E+00,3.373814E-02,7.672036E+02,1.518422E-01,1.813343E+03,2.581696E+03,6.728828E-02,2.882718E+03,3.373814E-02,0.000000E+00,0.000000E+00
08:10:00,7.502470E-02,1.683378E+03,3.289171E-01,3.957573E+03,5.576824E+03,7.502470E-02,4.244413E+03,7.502470E-02,0.000000E+00,0.000000E+00,5.687358E-02,1.276110E+03,2.457101E-01,2.959522E+03,4.239486E+03,1.078604E-01,4.697783E+03,5.687358E-02,0.000000E+00,0.000000E+00,3.373814E-02,7.570048E+02,2.052762E-01,2.420142E+03,3.211959E+03,6.674815E-02,2.867032E+03,3.373814E-02,0.000000E+00,0.000000E+00,5.687358E-02,1.276110E+03,2.562874E-01,3.077619E+03,4.364959E+03,1.080421E-01,4.703060E+03,5.687358E-02,0.000000E+00,0.000000E+00,3.373814E-02,7.570048E+02,1.528885E-01,1.835236E+03,2.600802E+03,6.728421E-02,2.882595E+03,3.373814E-02,0.000000E+00,0.000000E+00
08:20:00,7.502470E-02,1.660699E+03,3.292654E-01,3.984149E+03,5.604260E+03,7.502470E-02,4.244413E+03,7.502470E-02,0.000000E+00,0.000000E+00,5.687358E-02,1.258917E+03,2.481670E-01,3.004158E+03,4.283689E+03,1.078562E-01,4.697655E+03,5.687358E-02,0.000000E+00,0.000000E+00,3.373814E-02,7.468059E+02,2.113462E-01,2.498128E+03,3.291337E+03,6.674535E-02,2.866947E+03,3.373814E-02,0.000000E+00,0.000000E+00,5.687358E-02,1.258917E+03,2.572761E-01,3.105864E+03,4.390851E+03,1.080378E-01,4.702929E+03,5.687358E-02,0.000000E+00,0.000000E+00,3.373814E-02,7.468059E+02,1.540311E-01,1.858200E+03,2.623020E+03,6.728138E-02,2.882509E+03,3.373814E-02,0.000000E+00,0.000000E+00
08:30:00,7.502470E-02,1.638019E+03,3.296241E-01,4.010842E+03,5.631756E+03,7.502470E-02,4.244413E+03,7.502470E-02,0.000000E+00,0.000000E+00,5.687358E-02,1.241725E+03,2.505058E-01,3.047477E+03,4.326378E+03,1.078510E-01,4.697499E+03,5.687358E-02,0.000000E+00,0.000000E+00,3.373814E-02,7.366070E+02,2.172161E-01,2.573878E+03,3.367724E+03,6.674188E-02,2.866842E+03,3.373814E-02,0.000000E+00,0.000000E+00,5.687358E-02,1.241725E+03,2.584431E-01,3.136100E+03,4.419348E+03,1.080324E-01,4.702768E+03,5.687358E-02,0.000000E+00,0.000000E+00,3.373814E-02,7.366070E+02,1.552578E-01,1.882103E+03,2.646404E+03,6.727789E-02,2.882403E+03,3.373814E-02,0.000000E+00,0.000000E+00
08:40:00,7.502470E-02,1.615340E+03,3.300064E-01,4.037801E+03,5.659437E+03,7.502470E-02,4.244413E+03,7.502470E-02,0.000000E+00,0.000000E+00,5.687358E-02,1.224532E+03,2.529416E-01,3.091876E+03,4.369639E+03,1.078466E-01,4.697367E+03,5.687358E-02,0.000000E+00,0.000000E+00,3.373814E-02,7.264082E+02,2.230147E-01,2.648833E+03,3.441952E+03,6.673893E-02,2.866753E+03,3.373814E-02,0.000000E+00,0.000000E+00,5.687358E-02,1.224532E+03,2.599220E-01,3.169817E+03,4.451156E+03,1.080279E-01,4.702630E+03,5.687358E-02,0.000000E+00,0.000000E+00,3.373814E-02,7.264082E+02,1.566016E-01,1.907312E+03,2.670822E+03,6.727492E-02,2.882313E+03,3.373814E-02,0.000000E+00,0.000000E+00
08:50:00,7.502470E-02,1.592660E+03,3.304291E-01,4.065210E+03,5.687600E+03,7.502470E-02,4.244413E+03,7.502470E-02,0.000000E+00,0.000000E+00,5.687358E-02,1.207339E+03,2.554302E-01,3.136866E+03,4.414279E+03,1.078427E-01,4.697247E+03,5.687358E-02,0.000000E+00,0.000000E+00,3.373814E-02,7.162093E+02,2.286053E-01,2.721464E+03,3.514598E+03,6.673627E-02,2.866672E+03,3.373814E-02,0.000000E+00,0.000000E+00,5.687358E-02,1.207339E+03,2.616939E-01,3.206804E+03,4.487213E+03,1.080238E-01,4.702507E+03,5.687358E-02,0.000000E+00,0.000000E+00,3.373814E-02,7.162093E+02,1.580264E-01,1.933427E+03,2.696660E+03,6.727225E-02,2.882233E+03,3.373814E-02,0.000000E+00,0.000000E+00
09:00:00,7.502470E-02,1.569980E+03,3.309068E-01,4.093233E+03,5.716419E+03,7.502470E-02,4.244413E+03,7.502470E-02,0.000000E+00,0.000000E+00,5.687358E-02,1.190147E+03,2.579560E-01,3.182271E+03,4.459836E+03,1.078391E-01,4.697141E+03,5.687358E-02,0.000000E+00,0.000000E+00,3.373814E-02,7.060104E+02,2.339594E-01,2.791455E+03,3.585216E+03,6.673387E-02,2.866600E+03,3.373814E-02,0.000000E+00,0.000000E+00,5.687358E-02,1.190147E+03,2.637558E-01,3.247029E+03,4.527377E+03,1.080201E-01,4.702397E+03,5.687358E-02,0.000000E+00,0.000000E+00,3.373814E-02,7.060104E+02,1.595233E-01,1.960345E+03,2.723702E+03,6.726984E-02,2.882160E+03,3.373814E-02,0.000000E+00,0.000000E+00
09:10:00,7.502470E-02,1.549688E+03,3.314454E-01,4.119549E+03,5.743526E+03,7.502470E-02,4.244413E+03,7.502470E-02,0.000000E+00,0.000000E+00,5.687358E-02,1.174764E+03,2.604955E-01,3.226018E+03,4.504041E+03,1.078359E-01,4.697045E+03,5.687358E-02,0.000000E+00,0.000000E+00,3.373814E-02,6.968851E+02,2.389994E-01,2.856865E+03,3.651649E+03,6.673171E-02,2.866535E+03,3.373814E-02,0.000000E+00,0.000000E+00,5.687358E-02,1.174764E+03,2.661491E-01,3.289145E+03,4.570263E+03,1.080168E-01,4.702298E+03,5.687358E-02,0.000000E+00,0.000000E+00,3.373814E-02,6.968851E+02,1.610780E-01,1.986836E+03,2.750589E+03,6.726767E-02,2.882095E+03,3.373814E-02,0.000000E+00,0.000000E+00
09:20:00,7.502470E-02,1.529396E+03,3.320513E-01,4.146611E+03,5.771439E+03,7.502470E-02,4.244413E+03,7.502470E-02,0.000000E+00,0.000000E+00,5.687358E-02,1.159381E+03,2.630432E-01,3.269852E+03,4.548584E+03,1.078331E-01,4.696959E+03,5.687358E-02,0.000000E+00,0.000000E+00,3.373814E-02,6.877598E+02,2.436882E-01,2.918348E+03,3.714392E+03,6.672977E-02,2.866477E+03,3.373814E-02,0.000000E+00,0.000000E+00,5.687358E-02,1.159381E+03,2.686551E-01,3.332512E+03,4.614783E+03,1.080138E-01,4.702209E+03,5.687358E-02,0.000000E+00,0.000000E+00,3.373814E-02,6.877598E+02,1.626812E-01,2.013864E+03,2.778230E+03,6.726572E-02,2.882037E+03,3.373814E-02,0.000000E+00,0.000000E+00
09:30:00,7.502470E-02,1.509104E+03,3.327067E-01,4.174221E+03,5.799931E+03,7.502470E-02,4.244413E+03,7.502470E-02,0.000000E+00,0.000000E+00,5.687358E-02,1.143998E+03,2.658056E-01,3.316078E+03,4.596096E+03,1.078305E-01,4.696882E+03,5.687358E-02,0.000000E+00,0.000000E+00,3.373814E-02,6.786345E+02,2.479945E-01,2.975557E+03,3.772965E+03,6.672803E-02,2.866425E+03,3.373814E-02,0.000000E+00,0.000000E+00,5.687358E-02,1.143998E+03,2.712058E-01,3.376375E+03,4.660006E+03,1.080112E-01,4.702130E+03,5.687358E-02,0.000000E+00,0.000000E+00,3.373814E-02,6.786345E+02,1.643268E-01,2.041364E+03,2.806503E+03,6.726398E-02,2.881984E+03,3.373814E-02,0.000000E+00,0.000000E+00
09:40:00,7.502470E-02,1.488811E+03,3.334070E-01,4.202332E+03,5.828951E+03,7.502470E-02,4.244413E+03,7.502470E-02,0.000000E+00,0.000000E+00,5.687358E-02,1.128615E+03,2.685514E-01,3.362120E+03,4.643498E+03,1.078282E-01,4.696814E+03,5.687358E-02,0.000000E+00,0.000000E+00,3.373814E-02,6.695092E+02,2.516265E-01,3.025237E+03,3.823756E+03,6.672648E-02,2.866379E+03,3.373814E-02,0.000000E+00,0.000000E+00,5.687358E-02,1.128615E+03,2.737049E-01,3.419663E+03,4.704632E+03,1.080088E-01,4.702059E+03,5.687358E-02,0.000000E+00,0.000000E+00,3.373814E-02,6.695092E+02,1.659638E-01,2.068767E+03,2.834706E+03,6.726243E-02,2.881938E+03,3.373814E-02,0.000000E+00,0.000000E+00
09:50:00,7.502470E-02,1.468519E+03,3.341433E-01,4.230845E+03,5.858391E+03,7.502470E-02,4.244413E+03,7.502470E-02,0.000000E+00,0.000000E+00,5.687358E-02,1.113233E+03,2.713079E-01,3.408281E+03,4.691107E+03,1.078262E-01,4.696754E+03,5.687358E-02,0.000000E+00,0.000000E+00,3.373814E-02,6.603839E+02,2.545903E-01,3.067456E+03,3.867016E+03,6.672510E-02,2.866337E+03,3.373814E-02,0.000000E+00,0.000000E+00,5.687358E-02,1.113233E+03,2.762046E-01,3.462956E+03,4.749318E+03,1.080068E-01,4.701997E+03,5.687358E-02,0.000000E+00,0.000000E+00,3.373814E-02,6.603839E+02,1.676236E-01,2.096425E+03,2.863229E+03,6.726105E-02,2.881897E+03,3.373814E-02,0.000000E+00,0.000000E+00
10:00:00,7.502470E-02,1.448227E+03,3.349073E-01,4.259668E+03,5.888149E+03,7.502470E-02,4.244413E+03,7.502470E-02,0.000000E+00,0.000000E+00,5.687358E-02,1.097850E+03,2.740739E-01,3.454548E+03,4.738877E+03,1.078244E-01,4.696701E+03,5.687358E-02,0.000000E+00,0.000000E+00,3.373814E-02,6.512586E+02,2.569065E-01,3.102444E+03,3.903049E+03,6.672387E-02,2.866301E+03,3.373814E-02,0.000000E+00,0.000000E+00,5.687358E-02,1.097850E+03,2.786952E-01,3.506147E+03,4.793915E+03,1.080049E-01,4.701942E+03,5.687358E-02,0.000000E+00,0.000000E+00,3.373814E-02,6.512586E+02,1.692956E-01,2.124219E+03,2.891918E+03,6.725982E-02,2.881860E+03,3.373814E-02,0.000000E+00,0.000000E+00
10:10:00,7.502470E-02,1.430322E+03,3.357001E-01,4.286421E+03,5.916282E+03,7.502470E-02,4.244413E+03,7.502470E-02,0.000000E+00,0.000000E+00,5.687358E-02,1.084277E+03,2.768434E-01,3.499040E+03,4.786895E+03,1.078229E-01,4.696654E+03,5.687358E-02,0.000000E+00,0.000000E+00,3.373814E-02,6.432068E+02,2.585227E-01,3.128538E+03,3.930694E+03,6.672279E-02,2.866268E+03,3.373814E-02,0.000000E+00,0.000000E+00,5.687358E-02,1.084277E+03,2.811825E-01,3.547489E+03,4.838432E+03,1.080033E-01,4.701893E+03,5.687358E-02,0.000000E+00,0.000000E+00,3.373814E-02,6.432068E+02,1.709803E-01,2.151079E+03,2.920869E+03,6.725874E-02,2.881828E+03,3.373814E-02,0.000000E+00,0.000000E+00
10:20:00,7.502470E-02,1.412417E+03,3.364978E-01,4.313228E+03,5.944344E+03,7.502470E-02,4.244413E+03,7.502470E-02,0.000000E+00,0.000000E+00,5.687358E-02,1.070704E+03,2.796021E-01,3.543412E+03,4.834285E+03,1.078215E-01,4.696613E+03,5.687358E-02,0.000000E+00,0.000000E+00,3.373814E-02,6.351551E+02,2.594053E-01,3.146443E+03,3.949535E+03,6.672184E-02,2.866240E+03,3.373814E-02,0.000000E+00,0.000000E+00,5.687358E-02,1.070704E+03,2.836541E-01,3.588655E+03,4.882311E+03,1.080019E-01,4.701851E+03,5.687358E-02,0.000000E+00,0.000000E+00,3.373814E-02,6.351551E+02,1.726674E-01,2.177966E+03,2.949541E+03,6.725779E-02,2.881799E+03,3.373814E-02,0.000000E+00,0.000000E+00
10:30:00,7.502470E-02,1.394512E+03,3.373049E-01,4.340145E+03,5.972073E+03,7.502470E-02,4.244413E+03,7.502470E-02,0.000000E+00,0.000000E+00,5.687358E-02,1.057130E+03,2.821258E-01,3.585164E+03,4.876912E+03,1.078203E-01,4.696578E+03,5.687358E-02,0.000000E+00,0.000000E+00,3.373814E-02,6.271034E+02,2.595384E-01,3.155982E+03,3.959112E+03,6.672100E-02,2.866215E+03,3.373814E-02,0.000000E+00,0.000000E+00,5.687358E-02,1.057130E+03,2.861024E-01,3.629564E+03,4.924277E+03,1.080006E-01,4.701814E+03,5.687358E-02,0.000000E+00,0.000000E+00,3.373814E-02,6.271034E+02,1.743481E-01,2.204784E+03,2.977036E+03,6.725695E-02,2.881774E+03,3.373814E-02,0.000000E+00,0.000000E+00
10:40:00,7.502470E-02,1.376607E+03,3.381140E-01,4.367085E+03,5.999655E+03,7.502470E-02,4.244413E+03,7.502470E-02,0.000000E+00,0.000000E+00,5.687358E-02,1.043557E+03,2.845672E-01,3.625996E+03,4.918209E+03,1.078193E-01,4.696547E+03,5.687358E-02,0.000000E+00,0.000000E+00,3.373814E-02,6.190516E+02,2.590279E-01,3.158335E+03,3.961261E+03,6.672026E-02,2.866193E+03,3.373814E-02,0.000000E+00,0.000000E+00,5.687358E-02,1.043557E+03,2.885335E-01,3.670282E+03,4.965514E+03,1.079996E-01,4.701782E+03,5.687358E-02,0.000000E+00,0.000000E+00,3.373814E-02,6.190516E+02,1.760236E-01,2.231543E+03,3.004115E+03,6.725621E-02,2.881752E+03,3.373814E-02,0.000000E+00,0.000000E+00
10:50:00,7.502470E-02,1.358702E+03,3.389287E-01,4.394080E+03,6.027961E+03,7.502470E-02,4.244413E+03,7.502470E-02,0.000000E+00,0.000000E+00,5.687358E-02,1.029984E+03,2.869542E-01,3.666217E+03,4.961192E+03,1.078184E-01,4.696520E+03,5.687358E-02,0.000000E+00,0.000000E+00,3.373814E-02,6.109999E+02,2.579639E-01,3.154503E+03,3.956785E+03,6.671962E-02,2.866174E+03,3.373814E-02,0.000000E+00,0.000000E+00,5.687358E-02,1.029984E+03,2.909390E-01,3.710710E+03,5.008686E+03,1.079986E-01,4.701754E+03,5.687358E-02,0.000000E+00,0.000000E+00,3.373814E-02,6.109999E+02,1.776848E-01,2.258140E+03,3.032545E+03,6.725557E-02,2.881733E+03,3.373814E-02,0.000000E+00,0.000000E+00
11:00:00,7.502470E-02,1.340797E+03,3.397275E-01,4.420901E+03,6.055960E+03,7.502470E-02,4.244413E+03,7.502470E-02,0.000000E+00,0.000000E+00,5.687358E-02,1.016411E+03,2.892704E-01,3.705648E+03,5.002884E+03,1.078176E-01,4.696497E+03,5.687358E-02,0.000000E+00,0.000000E+00,3.373814E-02,6.029481E+02,2.563274E-01,3.144280E+03,3.945848E+03,6.671905E-02,2.866157E+03,3.373814E-02,0.000000E+00,0.000000E+00,5.687358E-02,1.016411E+03,2.933111E-01,3.750765E+03,5.051072E+03,1.079978E-01,4.701729E+03,5.687358E-02,0.000000E+00,0.000000E+00,3.373814E-02,6.029481E+02,1.791809E-01,2.282895E+03,3.058680E+03,6.725501E-02,2.881716E+03,3.373814E-02,0.000000E+00,0.000000E+00
11:10:00,7.502470E-02,1.328861E+03,3.405103E-01,4.441583E+03,6.077146E+03,7.502470E-02,4.244413E+03,7.502470E-02,0.000000E+00,0.000000E+00,5.687358E-02,1.007362E+03,2.915061E-01,3.739665E+03,5.037195E+03,1.078170E-01,4.696477E+03,5.687358E-02,0.000000E+00,0.000000E+00,3.373814E-02,5.975803E+02,2.541551E-01,3.125398E+03,3.926511E+03,6.671857E-02,2.866143E+03,3.373814E-02,0.000000E+00,0.000000E+00,5.687358E-02,1.007362E+03,2.956186E-01,3.785582E+03,5.086360E+03,1.079971E-01,4.701709E+03,5.687358E-02,0.000000E+00,0.000000E+00,3.373814E-02,5.975803E+02,1.805912E-01,2.304011E+03,3.080063E+03,6.725453E-02,2.881702E+03,3.373814E-02,0.000000E+00,0.000000E+00
11:20:00,7.502470E-02,1.316924E+03,3.412993E-01,4.462328E+03,6.098898E+03,7.502470E-02,4.244413E+03,7.502470E-02,0.000000E+00,0.000000E+00,5.687358E-02,9.983136E+02,2.936904E-01,3.773101E+03,5.072492E+03,1.078164E-01,4.696460E+03,5.687358E-02,0.000000E+00,0.000000E+00,3.373814E-02,5.922125E+02,2.515263E-01,3.101414E+03,3.900811E+03,6.671814E-02,2.866130E+03,3.373814E-02,0.000000E+00,0.000000E+00,5.687358E-02,9.983136E+02,2.978830E-01,3.819913E+03,5.122732E+03,1.079965E-01,4.701691E+03,5.687358E-02,0.000000E+00,0.000000E+00,3.373814E-02,5.922125E+02,1.819474E-01,2.324522E+03,3.101746E+03,6.725411E-02,2.881689E+03,3.373814E-02,0.000000E+00,0.000000E+00
11:30:00,7.502470E-02,1.304987E+03,3.420754E-01,4.482920E+03,6.120151E+03,7.502470E-02,4.244413E+03,7.502470E-02,0.000000E+00,0.000000E+00,5.687358E-02,9.892649E+02,2.960330E-01,3.808297E+03,5.108777E+03,1.078159E-01,4.696446E+03,5.687358E-02,0.000000E+00,0.000000E+00,3.373814E-02,5.868447E+02,2.484559E-01,3.072492E+03,3.870810E+03,6.671778E-02,2.866119E+03,3.373814E-02,0.000000E+00,0.000000E+00,5.687358E-02,9.892649E+02,3.000843E-01,3.853531E+03,5.157336E+03,1.079960E-01,4.701676E+03,5.687358E-02,0.000000E+00,0.000000E+00,3.373814E-02,5.868447E+02,1.832413E-01,2.344331E+03,3.122050E+03,6.725375E-02,2.881679E+03,3.373814E-02,0.000000E+00,0.000000E+00
11:40:00,7.502470E-02,1.293051E+03,3.428388E-01,4.503370E+03,6.140875E+03,7.502470E-02,4.244413E+03,7.502470E-02,0.000000E+00,0.000000E+00,5.687358E-02,9.802162E+02,2.983707E-01,3.843436E+03,5.143834E+03,1.078155E-01,4.696435E+03,5.687358E-02,0.000000E+00,0.000000E+00,3.373814E-02,5.814768E+02,2.450949E-01,3.040326E+03,3.838242E+03,6.671747E-02,2.866110E+03,3.373814E-02,0.000000E+00,0.000000E+00,5.687358E-02,9.802162E+02,3.022172E-01,3.886383E+03,5.190006E+03,1.079956E-01,4.701664E+03,5.687358E-02,0.000000E+00,0.000000E+00,3.373814E-02,5.814768E+02,1.844732E-01,2.363447E+03,3.140915E+03,6.725344E-02,2.881670E+03,3.373814E-02,0.000000E+00,0.000000E+00
11:50:00,7.502470E-02,1.281114E+03,3.435830E-01,4.523611E+03,6.161494E+03,7.502470E-02,4.244413E+03,7.502470E-02,0.000000E+00,0.000000E+00,5.687358E-02,9.711674E+02,3.006669E-01,3.878118E+03,5.178857E+03,1.078152E-01,4.696425E+03,5.687358E-02,0.000000E+00,0.000000E+00,3.373814E-02,5.761090E+02,2.419416E-01,3.010481E+03,3.807935E+03,6.671720E-02,2.866102E+03,3.373814E-02,0.000000E+00,0.000000E+00,5.687358E-02,9.711674E+02,3.042716E-01,3.918366E+03,5.222213E+03,1.079953E-01,4.701654E+03,5.687358E-02,0.000000E+00,0.000000E+00,3.373814E-02,5.761090E+02,1.856391E-01,2.381830E+03,3.159249E+03,6.725317E-02,2.881662E+03,3.373814E-02,0.000000E+00,0.000000E+00
12:00:00,7.502470E-02,1.269177E+03,3.443279E-01,4.543857E+03,6.182206E+03,7.502470E-02,4.244413E+03,7.502470E-02,0.000000E+00,0.000000E+00,5.687358E-02,9.621187E+02,3.029343E-01,3.912477E+03,5.213803E+03,1.078150E-01,4.696417E+03,5.687358E-02,0.000000E+00,0.000000E+00,3.373814E-02,5.707412E+02,2.391232E-01,2.984376E+03,3.781003E+03,6.671698E-02,2.866095E+03,3.373814E-02,0.000000E+00,0.000000E+00,5.687358E-02,9.621187E+02,3.062622E-01,3.949634E+03,5.253927E+03,1.079950E-01,4.701645E+03,5.687358E-02,0.000000E+00,0.000000E+00,3.373814E-02,5.707412E+02,1.868930E-01,2.401194E+03,3.178892E+03,6.725295E-02,2.881655E+03,3.373814E-02,0.000000E+00,0.000000E+00
12:10:00,7.502470E-02,1.259628E+03,3.450651E-01,4.561627E+03,6.200432E+03,7.502470E-02,4.244413E+03,7.502470E-02,0.000000E+00,0.000000E+00,5.687358E-02,9.548797E+02,3.051715E-01,3.944685E+03,5.246717E+03,1.078148E-01,4.696411E+03,5.687358E-02,0.000000E+00,0.000000E+00,3.373814E-02,5.664469E+02,2.367255E-01,2.961890E+03,3.757444E+03,6.671679E-02,2.866090E+03,3.373814E-02,0.000000E+00,0.000000E+00,5.687358E-02,9.548797E+02,3.081976E-01,3.978472E+03,5.283316E+03,1.079948E-01,4.701639E+03,5.687358E-02,0.000000E+00,0.000000E+00,3.373814E-02,5.664469E+02,1.881394E-01,2.419399E+03,3.197470E+03,6.725276E-02,2.881649E+03,3.373814E-02,0.000000E+00,0.000000E+00
12:20:00,7.502470E-02,1.250079E+03,3.457901E-01,4.579266E+03,6.218547E+03,7.502470E-02,4.244413E+03,7.502470E-02,0.000000E+00,0.000000E+00,5.687358E-02,9.476407E+02,3.073624E-01,3.976382E+03,5.279212E+03,1.078146E-01,4.696406E+03,5.687358E-02,0.000000E+00,0.000000E+00,3.373814E-02,5.621527E+02,2.347782E-01,2.944438E+03,3.739038E+03,6.671664E-02,2.866085E+03,3.373814E-02,0.000000E+00,0.000000E+00,5.687358E-02,9.476407E+02,3.100743E-01,4.006660E+03,5.312151E+03,1.079946E-01,4.701634E+03,5.687358E-02,0.000000E+00,0.000000E+00,3.373814E-02,5.621527E+02,1.893563E-01,2.437277E+03,3.215779E+03,6.725261E-02,2.881645E+03,3.373814E-02,0.000000E+00,0.000000E+00
12:30:00,7.502470E-02,1.240530E+03,3.465116E-01,4.596871E+03,6.236656E+03,7.502470E-02,4.244413E+03,7.502470E-02,0.000000E+00,0.000000E+00,5.687358E-02,9.404017E+02,3.095155E-01,4.007661E+03,5.311359E+03,1.078145E-01,4.696403E+03,5.687358E-02,0.000000E+00,0.000000E+00,3.373814E-02,5.578584E+02,2.333557E-01,2.932849E+03,3.726923E+03,6.671651E-02,2.866081E+03,3.373814E-02,0.000000E+00,0.000000E+00,5.687358E-02,9.404017E+02,3.119024E-01,4.034312E+03,5.340520E+03,1.079945E-01,4.701630E+03,5.687358E-02,0.000000E+00,0.000000E+00,3.373814E-02,5.578584E+02,1.905452E-01,2.454846E+03,3.233821E+03,6.725248E-02,2.881641E+03,3.373814E-02,0.000000E+00,0.000000E+00
12:40:00,7.502470E-02,1.230980E+03,3.472326E-01,4.614471E+03,6.254780E+03,7.502470E-02,4.244413E+03,7.502470E-02,0.000000E+00,0.000000E+00,5.687358E-02,9.331627E+02,3.116351E-01,4.038566E+03,5.343172E+03,1.078144E-01,4.696401E+03,5.687358E-02,0.000000E+00,0.000000E+00,3.373814E-02,5.535641E+02,2.325516E-01,2.928164E+03,3.722323E+03,6.671641E-02,2.866078E+03,3.373814E-02,0.000000E+00,0.000000E+00,5.687358E-02,9.331627E+02,3.136884E-01,4.061492E+03,5.368460E+03,1.079944E-01,4.701627E+03,5.687358E-02,0.000000E+00,0.000000E+00,3.373814E-02,5.535641E+02,1.917065E-01,2.472107E+03,3.251575E+03,6.725238E-02,2.881638E+03,3.373814E-02,0.000000E+00,0.000000E+00
12:50:00,7.502470E-02,1.221431E+03,3.479529E-01,4.632062E+03,6.272909E+03,7.502470E-02,4.244413E+03,7.502470E-02,0.000000E+00,0.000000E+00,5.687358E-02,9.259238E+02,3.137231E-01,4.069119E+03,5.374648E+03,1.078144E-01,4.696400E+03,5.687358E-02,0.000000E+00,0.000000E+00,3.373814E-02,5.492699E+02,2.318542E-01,2.924670E+03,3.718739E+03,6.671632E-02,2.866076E+03,3.373814E-02,0.000000E+00,0.000000E+00,5.687358E-02,9.259238E+02,3.154372E-01,4.088257E+03,5.396004E+03,1.079943E-01,4.701625E+03,5.687358E-02,0.000000E+00,0.000000E+00,3.373814E-02,5.492699E+02,1.928408E-01,2.489066E+03,3.269031E+03,6.725230E-02,2.881636E+03,3.373814E-02,0.000000E+00,0.000000E+00
13:00:00,7.502470E-02,1.211882E+03,3.486713E-01,4.649633E+03,6.291030E+03,7.502470E-02,4.244413E+03,7.502470E-02,0.000000E+00,0.000000E+00,5.687358E-02,9.186848E+02,3.157790E-01,4.099313E+03,5.405770E+03,1.078144E-01,4.696399E+03,5.687358E-02,0.000000E+00,0.000000E+00,3.373814E-02,5.449756E+02,2.312168E-01,2.921848E+03,3.715752E+03,6.671626E-02,2.866074E+03,3.373814E-02,0.000000E+00,0.000000E+00,5.687358E-02,9.186848E+02,3.171527E-01,4.114651E+03,5.423184E+03,1.079943E-01,4.701625E+03,5.687358E-02,0.000000E+00,0.000000E+00,3.373814E-02,5.449756E+02,1.939491E-01,2.505735E+03,3.286195E+03,6.725224E-02,2.881634E+03,3.373814E-02,0.000000E+00,0.000000E+00
13:10:00,7.502470E-02,1.205913E+03,3.494095E-01,4.663844E+03,6.305869E+03,7.502470E-02,4.244413E+03,7.502470E-02,0.000000E+00,0.000000E+00,5.687358E-02,9.141604E+02,3.178129E-01,4.126547E+03,5.434206E+03,1.078144E-01,4.696400E+03,5.687358E-02,0.000000E+00,0.000000E+00,3.373814E-02,5.422917E+02,2.306474E-01,2.918174E+03,3.711869E+03,6.671622E-02,2.866073E+03,3.373814E-02,0.000000E+00,0.000000E+00,5.687358E-02,9.141604E+02,3.188509E-01,4.138136E+03,5.447684E+03,1.079943E-01,4.701625E+03,5.687358E-02,0.000000E+00,0.000000E+00,3.373814E-02,5.422917E+02,1.948944E-01,2.518973E+03,3.299839E+03,6.725220E-02,2.881633E+03,3.373814E-02,0.000000E+00,0.000000E+00
13:20:00,7.502470E-02,1.199945E+03,3.501233E-01,4.677761E+03,6.320451E+03,7.502470E-02,4.244413E+03,7.502470E-02,0.000000E+00,0.000000E+00,5.687358E-02,9.096360E+02,3.197873E-01,4.153095E+03,5.462164E+03,1.078144E-01,4.696401E+03,5.687358E-02,0.000000E+00,0.000000E+00,3.373814E-02,5.396078E+02,2.301365E-01,2.915140E+03,3.708626E+03,6.671619E-02,2.866072E+03,3.373814E-02,0.000000E+00,0.000000E+00,5.687358E-02,9.096360E+02,3.204990E-01,4.161042E+03,5.471777E+03,1.079944E-01,4.701625E+03,5.687358E-02,0.000000E+00,0.000000E+00,3.373814E-02,5.396078E+02,1.957597E-01,2.531307E+03,3.312806E+03,6.725217E-02,2.881632E+03,3.373814E-02,0.000000E+00,0.000000E+00
13:30:00,7.502470E-02,1.193977E+03,3.508350E-01,4.691652E+03,6.334803E+03,7.502470E-02,4.244413E+03,7.502470E-02,0.000000E+00,0.000000E+00,5.687358E-02,9.051117E+02,3.217119E-01,4.179086E+03,5.488954E+03,1.078145E-01,4.696403E+03,5.687358E-02,0.000000E+00,0.000000E+00,3.373814E-02,5.369239E+02,2.297014E-01,2.912951E+03,3.706464E+03,6.671618E-02,2.866071E+03,3.373814E-02,0.000000E+00,0.000000E+00,5.687358E-02,9.051117E+02,3.221136E-01,4.183571E+03,5.494997E+03,1.079944E-01,4.701627E+03,5.687358E-02,0.000000E+00,0.000000E+00,3.373814E-02,5.369239E+02,1.965744E-01,2.543074E+03,3.324974E+03,6.725216E-02,2.881631E+03,3.373814E-02,0.000000E+00,0.000000E+00
13:40:00,7.502470E-02,1.188008E+03,3.515321E-01,4.705381E+03,6.348984E+03,7.502470E-02,4.244413E+03,7.502470E-02,0.000000E+00,0.000000E+00,5.687358E-02,9.005873E+02,3.235682E-01,4.204313E+03,5.514956E+03,1.078146E-01,4.696405E+03,5.687358E-02,0.000000E+00,0.000000E+00,3.373814E-02,5.342400E+02,2.291922E-01,2.909934E+03,3.703346E+03,6.671617E-02,2.866071E+03,3.373814E-02,0.000000E+00,0.000000E+00,5.687358E-02,9.005873E+02,3.236833E-01,4.205598E+03,5.517708E+03,1.079945E-01,4.701629E+03,5.687358E-02,0.000000E+00,0.000000E+00,3.373814E-02,5.342400E+02,1.973365E-01,2.554254E+03,3.336527E+03,6.725215E-02,2.881631E+03,3.373814E-02,0.000000E+00,0.000000E+00
13:50:00,7.502470E-02,1.182040E+03,3.522137E-01,4.718935E+03,6.362990E+03,7.502470E-02,4.244413E+03,7.502470E-02,0.000000E+00,0.000000E+00,5.687358E-02,8.960629E+02,3.253431E-01,4.228631E+03,5.540012E+03,1.078147E-01,4.696407E+03,5.687358E-02,0.000000E+00,0.000000E+00,3.373814E-02,5.315561E+02,2.287120E-01,2.907240E+03,3.700552E+03,6.671618E-02,2.866071E+03,3.373814E-02,0.000000E+00,0.000000E+00,5.687358E-02,8.960629E+02,3.252033E-01,4.227069E+03,5.539849E+03,1.079946E-01,4.701631E+03,5.687358E-02,0.000000E+00,0.000000E+00,3.373814E-02,5.315561E+02,1.980839E-01,2.565268E+03,3.347888E+03,6.725216E-02,2.881631E+03,3.373814E-02,0.000000E+00,0.000000E+00
14:00:00,7.502470E-02,1.176072E+03,3.528786E-01,4.732304E+03,6.376802E+03,7.502470E-02,4.244413E+03,7.502470E-02,0.000000E+00,0.000000E+00,5.687358E-02,8.915386E+02,3.270256E-01,4.251917E+03,5.563987E+03,1.078148E-01,4.696411E+03,5.687358E-02,0.000000E+00,0.000000E+00,3.373814E-02,5.288721E+02,2.282774E-01,2.905056E+03,3.698282E+03,6.671620E-02,2.866072E+03,3.373814E-02,0.000000E+00,0.000000E+00,5.687358E-02,8.915386E+02,3.266675E-01,4.247919E+03,5.561337E+03,1.079947E-01,4.701634E+03,5.687358E-02,0.000000E+00,0.000000E+00,3.373814E-02,5.288721E+02,1.992843E-01,2.581341E+03,3.364951E+03,6.725218E-02,2.881632E+03,3.373814E-02,0.000000E+00,0.000000E+00
14:10:00,7.502470E-02,1.176072E+03,3.535038E-01,4.739259E+03,6.384016E+03,7.502470E-02,4.244413E+03,7.502470E-02,0.000000E+00,0.000000E+00,5.687358E-02,8.915386E+02,3.285731E-01,4.269172E+03,5.581717E+03,1.078149E-01,4.696414E+03,5.687358E-02,0.000000E+00,0.000000E+00,3.373814E-02,5.288721E+02,2.278682E-01,2.900473E+03,3.693536E+03,6.671622E-02,2.866072E+03,3.373814E-02,0.000000E+00,0.000000E+00,5.687358E-02,8.915386E+02,3.280399E-01,4.263218E+03,5.577083E+03,1.079948E-01,4.701637E+03,5.687358E-02,0.000000E+00,0.000000E+00,3.373814E-02,5.288721E+02,2.011895E-01,2.602598E+03,3.387540E+03,6.725220E-02,2.881632E+03,3.373814E-02,0.000000E+00,0.000000E+00
14:20:00,7.502470E-02,1.176072E+03,3.541326E-01,4.746279E+03,6.391319E+03,7.502470E-02,4.244413E+03,7.502470E-02,0.000000E+00,0.000000E+00,5.687358E-02,8.915386E+02,3.300090E-01,4.285201E+03,5.598197E+03,1.078150E-01,4.696418E+03,5.687358E-02,0.000000E+00,0.000000E+00,3.373814E-02,5.288721E+02,2.274968E-01,2.896324E+03,3.689255E+03,6.671626E-02,2.866073E+03,3.373814E-02,0.000000E+00,0.000000E+00,5.687358E-02,8.915386E+02,3.293485E-01,4.277826E+03,5.592135E+03,1.079949E-01,4.701641E+03,5.687358E-02,0.000000E+00,0.000000E+00,3.373814E-02,5.288721E+02,2.037701E-01,2.631408E+03,3.417699E+03,6.725224E-02,2.881633E+03,3.373814E-02,0.000000E+00,0.000000E+00
14:30:00,7.502470E-02,1.176072E+03,3.547421E-01,4.753083E+03,6.398390E+03,7.502470E-02,4.244413E+03,7.502470E-02,0.000000E+00,0.000000E+00,5.687358E-02,8.915386E+02,3.313234E-01,4.299876E+03,5.613300E+03,1.078152E-01,4.696422E+03,5.687358E-02,0.000000E+00,0.000000E+00,3.373814E-02,5.288721E+02,2.271474E-01,2.892423E+03,3.685237E+03,6.671629E-02,2.866074E+03,3.373814E-02,0.000000E+00,0.000000E+00,5.687358E-02,8.915386E+02,3.305711E-01,4.291477E+03,5.606208E+03,1.079950E-01,4.701645E+03,5.687358E-02,0.000000E+00,0.000000E+00,3.373814E-02,5.288721E+02,2.070985E-01,2.668566E+03,3.456353E+03,6.725227E-02,2.881634E+03,3.373814E-02,0.000000E+00,0.000000E+00
14:40:00,7.502470E-02,1.176072E+03,3.553440E-01,4.759804E+03,6.405377E+03,7.502470E-02,4.244413E+03,7.502470E-02,0.000000E+00,0.000000E+00,5.687358E-02,8.915386E+02,3.325267E-01,4.313312E+03,5.627135E+03,1.078153E-01,4.696426E+03,5.687358E-02,0.000000E+00,0.000000E+00,3.373814E-02,5.288721E+02,2.269653E-01,2.890390E+03,3.683307E+03,6.671634E-02,2.866076E+03,3.373814E-02,0.000000E+00,0.000000E+00,5.687358E-02,8.915386E+02,3.317115E-01,4.304209E+03,5.619339E+03,1.079952E-01,4.701649E+03,5.687358E-02,0.000000E+00,0.000000E+00,3.373814E-02,5.288721E+02,2.112149E-01,2.714523E+03,3.504104E+03,6.725232E-02,2.881636E+03,3.373814E-02,0.000000E+00,0.000000E+00
14:50:00,7.502470E-02,1.176072E+03,3.559388E-01,4.766444E+03,6.412283E+03,7.502470E-02,4.244413E+03,7.502470E-02,0.000000E+00,0.000000E+00,5.687358E-02,8.915386E+02,3.336180E-01,4.325497E+03,5.639658E+03,1.078155E-01,4.696431E+03,5.687358E-02,0.000000E+00,0.000000E+00,3.373814E-02,5.288721E+02,2.268399E-01,2.888988E+03,3.681878E+03,6.671639E-02,2.866077E+03,3.373814E-02,0.000000E+00,0.000000E+00,5.687358E-02,8.915386E+02,3.327651E-01,4.315973E+03,5.631459E+03,1.079953E-01,4.701653E+03,5.687358E-02,0.000000E+00,0.000000E+00,3.373814E-02,5.288721E+02,2.161273E-01,2.769367E+03,3.561183E+03,6.725237E-02,2.881637E+03,3.373814E-02,0.000000E+00,0.000000E+00
15:00:00,7.502470E-02,1.176072E+03,3.565266E-01,4.773007E+03,6.419109E+03,7.502470E-02,4.244413E+03,7.502470E-02,0.000000E+00,0.000000E+00,5.687358E-02,8.915386E+02,3.345942E-01,4.336397E+03,5.650825E+03,1.078156E-01,4.696436E+03,5.687358E-02,0.000000E+00,0.000000E+00,3.373814E-02,5.288721E+02,2.267421E-01,2.887896E+03,3.680666E+03,6.671644E-02,2.866079E+03,3.373814E-02,0.000000E+00,0.000000E+00,5.687358E-02,8.915386E+02,3.337272E-01,4.326716E+03,5.642503E+03,1.079955E-01,4.701658E+03,5.687358E-02,0.000000E+00,0.000000E+00,3.373814E-02,5.288721E+02,2.213947E-01,2.828174E+03,3.622137E+03,6.725242E-02,2.881639E+03,3.373814E-02,0.000000E+00,0.000000E+00
15:10:00,7.502470E-02,1.183234E+03,3.571060E-01,4.772314E+03,6.418507E+03,7.502470E-02,4.244413E+03,7.502470E-02,0.000000E+00,0.000000E+00,5.687358E-02,8.969678E+02,3.356810E-01,4.343102E+03,5.657950E+03,1.078158E-01,4.696441E+03,5.687358E-02,0.000000E+00,0.000000E+00,3.373814E-02,5.320928E+02,2.266539E-01,2.883691E+03,3.676273E+03,6.671650E-02,2.866080E+03,3.373814E-02,0.000000E+00,0.000000E+00,5.687358E-02,8.969678E+02,3.345838E-01,4.330850E+03,5.646734E+03,1.079956E-01,4.701662E+03,5.687358E-02,0.000000E+00,0.000000E+00,3.373814E-02,5.320928E+02,2.269107E-01,2.886537E+03,3.682445E+03,6.725248E-02,2.881640E+03,3.373814E-02,0.000000E+00,0.000000E+00
15:20:00,7.502470E-02,1.190396E+03,3.576758E-01,4.771515E+03,6.417793E+03,7.502470E-02,4.244413E+03,7.502470E-02,0.000000E+00,0.000000E+00,5.687358E-02,9.023970E+02,3.367166E-01,4.349236E+03,5.664286E+03,1.078160E-01,4.696446E+03,5.687358E-02,0.000000E+00,0.000000E+00,3.373814E-02,5.353135E+02,2.265665E-01,2.879494E+03,3.671972E+03,6.671656E-02,2.866082E+03,3.373814E-02,0.000000E+00,0.000000E+00,5.687358E-02,9.023970E+02,3.353310E-01,4.333764E+03,5.649713E+03,1.079958E-01,4.701667E+03,5.687358E-02,0.000000E+00,0.000000E+00,3.373814E-02,5.353135E+02,2.326388E-01,2.947268E+03,3.745074E+03,6.725254E-02,2.881642E+03,3.373814E-02,0.000000E+00,0.000000E+00
15:30:00,7.502470E-02,1.197558E+03,3.582335E-01,4.770579E+03,6.416936E+03,7.502470E-02,4.244413E+03,7.502470E-02,0.000000E+00,0.000000E+00,5.687358E-02,9.078263E+02,3.376530E-01,4.354261E+03,5.669355E+03,1.078162E-01,4.696451E+03,5.687358E-02,0.000000E+00,0.000000E+00,3.373814E-02,5.385342E+02,2.264692E-01,2.875188E+03,3.667644E+03,6.671662E-02,2.866084E+03,3.373814E-02,0.000000E+00,0.000000E+00,5.687358E-02,9.078263E+02,3.359625E-01,4.335386E+03,5.651379E+03,1.079960E-01,4.701672E+03,5.687358E-02,0.000000E+00,0.000000E+00,3.373814E-02,5.385342E+02,2.384850E-01,3.009318E+03,3.808936E+03,6.725260E-02,2.881644E+03,3.373814E-02,0.000000E+00,0.000000E+00
15:40:00,7.502470E-02,1.204720E+03,3.587748E-01,4.769461E+03,6.415884E+03,7.502470E-02,4.244413E+03,7.502470E-02,0.000000E+00,0.000000E+00,5.687358E-02,9.132555E+02,3.384747E-01,4.358007E+03,5.673132E+03,1.078164E-01,4.696456E+03,5.687358E-02,0.000000E+00,0.000000E+00,3.373814E-02,5.417549E+02,2.262030E-01,2.868995E+03,3.661276E+03,6.671669E-02,2.866086E+03,3.373814E-02,0.000000E+00,0.000000E+00,5.687358E-02,9.132555E+02,3.364726E-01,4.335652E+03,5.651651E+03,1.079961E-01,4.701677E+03,5.687358E-02,0.000000E+00,0.000000E+00,3.373814E-02,5.417549E+02,2.443773E-01,3.071884E+03,3.873200E+03,6.725267E-02,2.881646E+03,3.373814E-02,0.000000E+00,0.000000E+00
15:50:00,7.502470E-02,1.211882E+03,3.592945E-01,4.768102E+03,6.414574E+03,7.502470E-02,4.244413E+03,7.502470E-02,0.000000E+00,0.000000E+00,5.687358E-02,9.186848E+02,3.391754E-01,4.360401E+03,5.675610E+03,1.078165E-01,4.696461E+03,5.687358E-02,0.000000E+00,0.000000E+00,3.373814E-02,5.449756E+02,2.258605E-01,2.861950E+03,3.654012E+03,6.671675E-02,2.866088E+03,3.373814E-02,0.000000E+00,0.000000E+00,5.687358E-02,9.186848E+02,3.368553E-01,4.334496E+03,5.650441E+03,1.079963E-01,4.701682E+03,5.687358E-02,0.000000E+00,0.000000E+00,3.373814E-02,5.449756E+02,2.502853E-01,3.134626E+03,3.937589E+03,6.725274E-02,2.881648E+03,3.373814E-02,0.000000E+00,0.000000E+00
16:00:00,7.502470E-02,1.219044E+03,3.597882E-01,4.766452E+03,6.412956E+03,7.502470E-02,4.244413E+03,7.502470E-02,0.000000E+00,0.000000E+00,5.687358E-02,9.241140E+02,3.397512E-01,4.361402E+03,5.676738E+03,1.078167E-01,4.696467E+03,5.687358E-02,0.000000E+00,0.000000E+00,3.373814E-02,5.481963E+02,2.254535E-01,2.854185E+03,3.645992E+03,6.671683E-02,2.866090E+03,3.373814E-02,0.000000E+00,0.000000E+00,5.687358E-02,9.241140E+02,3.371054E-01,4.331860E+03,5.647674E+03,1.079965E-01,4.701687E+03,5.687358E-02,0.000000E+00,0.000000E+00,3.373814E-02,5.481963E+02,2.560624E-01,3.195906E+03,4.000320E+03,6.725281E-02,2.881650E+03,3.373814E-02,0.000000E+00,0.000000E+00
16:10:00,7.502470E-02,1.228593E+03,3.602508E-01,4.762068E+03,6.408528E+03,7.502470E-02,4.244413E+03,7.502470E-02,0.000000E+00,0.000000E+00,5.687358E-02,9.313530E+02,3.399910E-01,4.356840E+03,5.671956E+03,1.078169E-01,4.696472E+03,5.687358E-02,0.000000E+00,0.000000E+00,3.373814E-02,5.524906E+02,2.249939E-01,2.844760E+03,3.636266E+03,6.671690E-02,2.866092E+03,3.373814E-02,0.000000E+00,0.000000E+00,5.687358E-02,9.313530E+02,3.372437E-01,4.326165E+03,5.641757E+03,1.079967E-01,4.701693E+03,5.687358E-02,0.000000E+00,0.000000E+00,3.373814E-02,5.524906E+02,2.615799E-01,3.253216E+03,4.058875E+03,6.725288E-02,2.881652E+03,3.373814E-02,0.000000E+00,0.000000E+00
16:20:00,7.502470E-02,1.238142E+03,3.606765E-01,4.757271E+03,6.403665E+03,7.502470E-02,4.244413E+03,7.502470E-02,0.000000E+00,0.000000E+00,5.687358E-02,9.385920E+02,3.400522E-01,4.350285E+03,5.665108E+03,1.078171E-01,4.696478E+03,5.687358E-02,0.000000E+00,0.000000E+00,3.373814E-02,5.567848E+02,2.244754E-01,2.834676E+03,3.625864E+03,6.671697E-02,2.866094E+03,3.373814E-02,0.000000E+00,0.000000E+00,5.687358E-02,9.385920E+02,3.372625E-01,4.319138E+03,5.634466E+03,1.079969E-01,4.701698E+03,5.687358E-02,0.000000E+00,0.000000E+00,3.373814E-02,5.567848E+02,2.667655E-01,3.306819E+03,4.113686E+03,6.725295E-02,2.881654E+03,3.373814E-02,0.000000E+00,0.000000E+00
16:30:00,7.502470E-02,1.247692E+03,3.610606E-01,4.752010E+03,6.398309E+03,7.502470E-02,4.244413E+03,7.502470E-02,0.000000E+00,0.000000E+00,5.687358E-02,9.458310E+02,3.399650E-01,4.342073E+03,5.656560E+03,1.078173E-01,4.696483E+03,5.687358E-02,0.000000E+00,0.000000E+00,3.373814E-02,5.610791E+02,2.238941E-01,2.823893E+03,3.614742E+03,6.671705E-02,2.866096E+03,3.373814E-02,0.000000E+00,0.000000E+00,5.687358E-02,9.458310E+02,3.371569E-01,4.310720E+03,5.625740E+03,1.079971E-01,4.701703E+03,5.687358E-02,0.000000E+00,0.000000E+00,3.373814E-02,5.610791E+02,2.715569E-01,3.356022E+03,4.164067E+03,6.725303E-02,2.881656E+03,3.373814E-02,0.000000E+00,0.000000E+00
16:40:00,7.502470E-02,1.257241E+03,3.613820E-01,4.746062E+03,6.392213E+03,7.502470E-02,4.244413E+03,7.502470E-02,0.000000E+00,0.000000E+00,5.687358E-02,9.530700E+02,3.397196E-01,4.332106E+03,5.646252E+03,1.078175E-01,4.696489E+03,5.687358E-02,0.000000E+00,0.000000E+00,3.373814E-02,5.653734E+02,2.232380E-01,2.812280E+03,3.602818E+03,6.671712E-02,2.866098E+03,3.373814E-02,0.000000E+00,0.000000E+00,5.687358E-02,9.530700E+02,3.369075E-01,4.300708E+03,5.615409E+03,1.079972E-01,4.701709E+03,5.687358E-02,0.000000E+00,0.000000E+00,3.373814E-02,5.653734E+02,2.759179E-01,3.400429E+03,4.209430E+03,6.725310E-02,2.881658E+03,3.373814E-02,0.000000E+00,0.000000E+00
16:50:00,7.502470E-02,1.266790E+03,3.616577E-01,4.739614E+03,6.385735E+03,7.502470E-02,4.244413E+03,7.502470E-02,0.000000E+00,0.000000E+00,5.687358E-02,9.603089E+02,3.395698E-01,4.323218E+03,5.637241E+03,1.078177E-01,4.696495E+03,5.687358E-02,0.000000E+00,0.000000E+00,3.373814E-02,5.696676E+02,2.225136E-01,2.799913E+03,3.589983E+03,6.671720E-02,2.866101E+03,3.373814E-02,0.000000E+00,0.000000E+00,5.687358E-02,9.603089E+02,3.365275E-01,4.289249E+03,5.603567E+03,1.079974E-01,4.701714E+03,5.687358E-02,0.000000E+00,0.000000E+00,3.373814E-02,5.696676E+02,2.797750E-01,3.439220E+03,4.249826E+03,6.725318E-02,2.881661E+03,3.373814E-02,0.000000E+00,0.000000E+00
17:00:00,7.502470E-02,1.276339E+03,3.618886E-01,4.732667E+03,6.378561E+03,7.502470E-02,4.244413E+03,7.502470E-02,0.000000E+00,0.000000E+00,5.687358E-02,9.675479E+02,3.392705E-01,4.312662E+03,5.626243E+03,1.078179E-01,4.696501E+03,5.687358E-02,0.000000E+00,0.000000E+00,3.373814E-02,5.739619E+02,2.216747E-01,2.786267E+03,3.576022E+03,6.671728E-02,2.866103E+03,3.373814E-02,0.000000E+00,0.000000E+00,5.687358E-02,9.675479E+02,3.359414E-01,4.275491E+03,5.589342E+03,1.079976E-01,4.701720E+03,5.687358E-02,0.000000E+00,0.000000E+00,3.373814E-02,5.739619E+02,2.830200E-01,3.471179E+03,4.281743E+03,6.725326E-02,2.881663E+03,3.373814E-02,0.000000E+00,0.000000E+00
17:10:00,7.502470E-02,1.288276E+03,3.620696E-01,4.722776E+03,6.368375E+03,7.502470E-02,4.244413E+03,7.502470E-02,0.000000E+00,0.000000E+00,5.687358E-02,9.765967E+02,3.388433E-01,4.298867E+03,5.611902E+03,1.078181E-01,4.696506E+03,5.687358E-02,0.000000E+00,0.000000E+00,3.373814E-02,5.793297E+02,2.207503E-01,2.770593E+03,3.559965E+03,6.671736E-02,2.866105E+03,3.373814E-02,0.000000E+00,0.000000E+00,5.687358E-02,9.765967E+02,3.351992E-01,4.258180E+03,5.571505E+03,1.079978E-01,4.701725E+03,5.687358E-02,0.000000E+00,0.000000E+00,3.373814E-02,5.793297E+02,2.858090E-01,3.496973E+03,4.307914E+03,6.725334E-02,2.881665E+03,3.373814E-02,0.000000E+00,0.000000E+00
17:20:00,7.502470E-02,1.300213E+03,3.621986E-01,4.712303E+03,6.357590E+03,7.502470E-02,4.244413E+03,7.502470E-02,0.000000E+00,0.000000E+00,5.687358E-02,9.856454E+02,3.382835E-01,4.283593E+03,5.596159E+03,1.078183E-01,4.696512E+03,5.687358E-02,0.000000E+00,0.000000E+00,3.373814E-02,5.846975E+02,2.197416E-01,2.753977E+03,3.542911E+03,6.671744E-02,2.866108E+03,3.373814E-02,0.000000E+00,0.000000E+00,5.687358E-02,9.856454E+02,3.343420E-01,4.239584E+03,5.552373E+03,1.079980E-01,4.701731E+03,5.687358E-02,0.000000E+00,0.000000E+00,3.373814E-02,5.846975E+02,2.881184E-01,3.517413E+03,4.328851E+03,6.725342E-02,2.881668E+03,3.373814E-02,0.000000E+00,0.000000E+00
17:30:00,7.502470E-02,1.312149E+03,3.622744E-01,4.701238E+03,6.346190E+03,7.502470E-02,4.244413E+03,7.502470E-02,0.000000E+00,0.000000E+00,5.687358E-02,9.946941E+02,3.375814E-01,4.266729E+03,5.578844E+03,1.078185E-01,4.696518E+03,5.687358E-02,0.000000E+00,0.000000E+00,3.373814E-02,5.900654E+02,2.186470E-01,2.736403E+03,3.524823E+03,6.671752E-02,2.866110E+03,3.373814E-02,0.000000E+00,0.000000E+00,5.687358E-02,9.946941E+02,3.334509E-01,4.220609E+03,5.532850E+03,1.079982E-01,4.701737E+03,5.687358E-02,0.000000E+00,0.000000E+00,3.373814E-02,5.900654E+02,2.899037E-01,3.532001E+03,4.343824E+03,6.725350E-02,2.881670E+03,3.373814E-02,0.000000E+00,0.000000E+00
17:40:00,7.502470E-02,1.324086E+03,3.623171E-01,4.689791E+03,6.334423E+03,7.502470E-02,4.244413E+03,7.502470E-02,0.000000E+00,0.000000E+00,5.687358E-02,1.003743E+03,3.367415E-01,4.248314E+03,5.559988E+03,1.078187E-01,4.696524E+03,5.687358E-02,0.000000E+00,0.000000E+00,3.373814E-02,5.954332E+02,2.174746E-01,2.717953E+03,3.505803E+03,6.671760E-02,2.866112E+03,3.373814E-02,0.000000E+00,0.000000E+00,5.687358E-02,1.003743E+03,3.327433E-01,4.203673E+03,5.515516E+03,1.079984E-01,4.701742E+03,5.687358E-02,0.000000E+00,0.000000E+00,3.373814E-02,5.954332E+02,2.911868E-01,3.540972E+03,4.353086E+03,6.725358E-02,2.881672E+03,3.373814E-02,0.000000E+00,0.000000E+00
17:50:00,7.502470E-02,1.336023E+03,3.623175E-01,4.677860E+03,6.322161E+03,7.502470E-02,4.244413E+03,7.502470E-02,0.000000E+00,0.000000E+00,5.687358E-02,1.012792E+03,3.355023E-01,4.225430E+03,5.536263E+03,1.078189E-01,4.696529E+03,5.687358E-02,0.000000E+00,0.000000E+00,3.373814E-02,6.008010E+02,2.162149E-01,2.698521E+03,3.485737E+03,6.671769E-02,2.866115E+03,3.373814E-02,0.000000E+00,0.000000E+00,5.687358E-02,1.012792E+03,3.322505E-01,4.189122E+03,5.500509E+03,1.079986E-01,4.701748E+03,5.687358E-02,0.000000E+00,0.000000E+00,3.373814E-02,6.008010E+02,2.919191E-01,3.543782E+03,4.355997E+03,6.725366E-02,2.881675E+03,3.373814E-02,0.000000E+00,0.000000E+00
18:00:00,7.502470E-02,1.347959E+03,3.622861E-01,4.665573E+03,6.309533E+03,7.502470E-02,4.244413E+03,7.502470E-02,0.000000E+00,0.000000E+00,5.687358E-02,1.021840E+03,3.340992E-01,4.200716E+03,5.510667E+03,1.078191E-01,4.696535E+03,5.687358E-02,0.000000E+00,0.000000E+00,3.373814E-02,6.061688E+02,2.149125E-01,2.678611E+03,3.465195E+03,6.671777E-02,2.866117E+03,3.373814E-02,0.000000E+00,0.000000E+00,5.687358E-02,1.021840E+03,3.320640E-01,4.177991E+03,5.488991E+03,1.079988E-01,4.701753E+03,5.687358E-02,0.000000E+00,0.000000E+00,3.373814E-02,6.061688E+02,2.922176E-01,3.541749E+03,4.354030E+03,6.725374E-02,2.881677E+03,3.373814E-02,0.000000E+00,0.000000E+00
18:10:00,7.502470E-02,1.365864E+03,3.622365E-01,4.647114E+03,6.290584E+03,7.502470E-02,4.244413E+03,7.502470E-02,0.000000E+00,0.000000E+00,5.687358E-02,1.035413E+03,3.324844E-01,4.169114E+03,5.477968E+03,1.102817E-01,4.768027E+03,5.687358E-02,0.000000E+00,0.000000E+00,3.373814E-02,6.142206E+02,2.135271E-01,2.655091E+03,3.440930E+03,6.835944E-02,2.913777E+03,3.373814E-02,0.000000E+00,0.000000E+00,5.687358E-02,1.035413E+03,3.321059E-01,4.164885E+03,5.475495E+03,1.105751E-01,4.776547E+03,5.687358E-02,0.000000E+00,0.000000E+00,3.373814E-02,6.142206E+02,2.919161E-01,3.530331E+03,4.342463E+03,6.889542E-02,2.929337E+03,3.373814E-02,0.000000E+00,0.000000E+00
18:20:00,7.502470E-02,1.383769E+03,3.621733E-01,4.628503E+03,6.271473E+03,7.502470E-02,4.244413E+03,7.502470E-02,0.000000E+00,0.000000E+00,5.687358E-02,1.048987E+03,3.306534E-01,4.135098E+03,5.442773E+03,1.127451E-01,4.839543E+03,5.687358E-02,0.000000E+00,0.000000E+00,3.373814E-02,6.222723E+02,2.120577E-01,2.630633E+03,3.415695E+03,7.000171E-02,2.961454E+03,3.373814E-02,0.000000E+00,0.000000E+00,5.687358E-02,1.048987E+03,3.320596E-01,4.150795E+03,5.460910E+03,1.131524E-01,4.851369E+03,5.687358E-02,0.000000E+00,0.000000E+00,3.373814E-02,6.222723E+02,2.909511E-01,3.511506E+03,4.323337E+03,7.053768E-02,2.977013E+03,3.373814E-02,0.000000E+00,0.000000E+00
18:30:00,7.502470E-02,1.401674E+03,3.620936E-01,4.609709E+03,6.252170E+03,7.502470E-02,4.244413E+03,7.502470E-02,0.000000E+00,0.000000E+00,5.687358E-02,1.062560E+03,3.286097E-01,4.098706E+03,5.405122E+03,1.152096E-01,4.911091E+03,5.687358E-02,0.000000E+00,0.000000E+00,3.373814E-02,6.303241E+02,2.106538E-01,2.606906E+03,3.391326E+03,7.164464E-02,3.009151E+03,3.373814E-02,0.000000E+00,0.000000E+00,5.687358E-02,1.062560E+03,3.318914E-01,4.135343E+03,5.445242E+03,1.157307E-01,4.926222E+03,5.687358E-02,0.000000E+00,0.000000E+00,3.373814E-02,6.303241E+02,2.892799E-01,3.484796E+03,4.296185E+03,7.218062E-02,3.024711E+03,3.373814E-02,0.000000E+00,0.000000E+00
18:40:00,7.502470E-02,1.419579E+03,3.619891E-01,4.590636E+03,6.232587E+03,7.502470E-02,4.244413E+03,7.502470E-02,0.000000E+00,0.000000E+00,5.687358E-02,1.076133E+03,3.265484E-01,4.062117E+03,5.367403E+03,1.176756E-01,4.982686E+03,5.687358E-02,0.000000E+00,0.000000E+00,3.373814E-02,6.383758E+02,2.091911E-01,2.582523E+03,3.366094E+03,7.328860E-02,3.056880E+03,3.373814E-02,0.000000E+00,0.000000E+00,5.687358E-02,1.076133E+03,3.313778E-01,4.116035E+03,5.425651E+03,1.183107E-01,5.001124E+03,5.687358E-02,0.000000E+00,0.000000E+00,3.373814E-02,6.383758E+02,2.865380E-01,3.446131E+03,4.256648E+03,7.382458E-02,3.072440E+03,3.373814E-02,0.000000E+00,0.000000E+00
18:50:00,7.502470E-02,1.437484E+03,3.618405E-01,4.571073E+03,6.212493E+03,7.502470E-02,4.244413E+03,7.502470E-02,0.000000E+00,0.000000E+00,5.687358E-02,1.089706E+03,3.243438E-01,4.023930E+03,5.327799E+03,1.201429E-01,5.054320E+03,5.687358E-02,0.000000E+00,0.000000E+00,3.373814E-02,6.464275E+02,2.076701E-01,2.557489E+03,3.340158E+03,7.493340E-02,3.104635E+03,3.373814E-02,0.000000E+00,0.000000E+00,5.687358E-02,1.089706E+03,3.303421E-01,4.090899E+03,5.399814E+03,1.208919E-01,5.076067E+03,5.687358E-02,0.000000E+00,0.000000E+00,3.373814E-02,6.464275E+02,2.828877E-01,3.397323E+03,4.206981E+03,7.546940E-02,3.120195E+03,3.373814E-02,0.000000E+00,0.000000E+00
19:00:00,7.502470E-02,1.455389E+03,3.616224E-01,4.550733E+03,6.191584E+03,7.502470E-02,4.244413E+03,7.502470E-02,0.000000E+00,0.000000E+00,5.687358E-02,1.103279E+03,3.219733E-01,3.983890E+03,5.286170E+03,1.226113E-01,5.125989E+03,5.687358E-02,0.000000E+00,0.000000E+00,3.373814E-02,6.544793E+02,2.060897E-01,2.531791E+03,3.313592E+03,7.657894E-02,3.152412E+03,3.373814E-02,0.000000E+00,0.000000E+00,5.687358E-02,1.103279E+03,3.289225E-01,4.061476E+03,5.369524E+03,1.234743E-01,5.151046E+03,5.687358E-02,0.000000E+00,0.000000E+00,3.373814E-02,6.544793E+02,2.783123E-01,3.338186E+03,4.146682E+03,7.711495E-02,3.167973E+03,3.373814E-02,0.000000E+00,0.000000E+00
19:10:00,7.502470E-02,1.468519E+03,3.613129E-01,4.534146E+03,6.174484E+03,7.502470E-02,4.244413E+03,7.502470E-02,0.000000E+00,0.000000E+00,5.687358E-02,1.113233E+03,3.205160E-01,3.957664E+03,5.265579E+03,1.226184E-01,5.126202E+03,5.687358E-02,0.000000E+00,0.000000E+00,3.373814E-02,6.603839E+02,2.051630E-01,2.515539E+03,3.301601E+03,7.658354E-02,3.152553E+03,3.373814E-02,0.000000E+00,0.000000E+00,5.687358E-02,1.113233E+03,3.282326E-01,4.043819E+03,5.358291E+03,1.234816E-01,5.151268E+03,5.687358E-02,0.000000E+00,0.000000E+00,3.373814E-02,6.603839E+02,2.738360E-01,3.282301E+03,4.095904E+03,7.711957E-02,3.168114E+03,3.373814E-02,0.000000E+00,0.000000E+00
19:20:00,7.502470E-02,1.481649E+03,3.608992E-01,4.516398E+03,6.156158E+03,7.502470E-02,4.244413E+03,7.502470E-02,0.000000E+00,0.000000E+00,5.687358E-02,1.123186E+03,3.189087E-01,3.929760E+03,5.262830E+03,1.226254E-01,5.126417E+03,5.687358E-02,0.000000E+00,0.000000E+00,3.373814E-02,6.662885E+02,2.041759E-01,2.498610E+03,3.303048E+03,7.658814E-02,3.152693E+03,3.373814E-02,0.000000E+00,0.000000E+00,5.687358E-02,1.123186E+03,3.270002E-01,4.020101E+03,5.361361E+03,1.234889E-01,5.151490E+03,5.687358E-02,0.000000E+00,0.000000E+00,3.373814E-02,6.662885E+02,2.685075E-01,3.216899E+03,4.053332E+03,7.712418E-02,3.168256E+03,3.373814E-02,0.000000E+00,0.000000E+00
19:30:00,7.502470E-02,1.494780E+03,3.603732E-01,4.497394E+03,6.136505E+03,7.502470E-02,4.244413E+03,7.502470E-02,0.000000E+00,0.000000E+00,5.687358E-02,1.133140E+03,3.171707E-01,3.900395E+03,5.259455E+03,1.226322E-01,5.126624E+03,5.687358E-02,0.000000E+00,0.000000E+00,3.373814E-02,6.721931E+02,2.029840E-01,2.479393E+03,3.302164E+03,7.659258E-02,3.152829E+03,3.373814E-02,0.000000E+00,0.000000E+00,5.687358E-02,1.133140E+03,3.250861E-01,3.988770E+03,5.357296E+03,1.234960E-01,5.151705E+03,5.687358E-02,0.000000E+00,0.000000E+00,3.373814E-02,6.721931E+02,2.623929E-01,3.142716E+03,3.999337E+03,7.712864E-02,3.168392E+03,3.373814E-02,0.000000E+00,0.000000E+00
19:40:00,7.502470E-02,1.507910E+03,3.597318E-01,4.477103E+03,6.115494E+03,7.502470E-02,4.244413E+03,7.502470E-02,0.000000E+00,0.000000E+00,5.687358E-02,1.143093E+03,3.151530E-01,3.867905E+03,5.243471E+03,1.226383E-01,5.126807E+03,5.687358E-02,0.000000E+00,0.000000E+00,3.373814E-02,6.780977E+02,2.017283E-01,2.459462E+03,3.293629E+03,7.659648E-02,3.152948E+03,3.373814E-02,0.000000E+00,0.000000E+00,5.687358E-02,1.143093E+03,3.227200E-01,3.952390E+03,5.338424E+03,1.235022E-01,5.151894E+03,5.687358E-02,0.000000E+00,0.000000E+00,3.373814E-02,6.780977E+02,2.562349E-01,3.068048E+03,3.934911E+03,7.713255E-02,3.168511E+03,3.373814E-02,0.000000E+00,0.000000E+00
19:50:00,7.502470E-02,1.521040E+03,3.589845E-01,4.455628E+03,6.093246E+03,7.502470E-02,4.244413E+03,7.502470E-02,0.000000E+00,0.000000E+00,5.687358E-02,1.153047E+03,3.130395E-01,3.834345E+03,5.220184E+03,1.226436E-01,5.126969E+03,5.687358E-02,0.000000E+00,0.000000E+00,3.373814E-02,6.840023E+02,2.004304E-01,2.439060E+03,3.280140E+03,7.659994E-02,3.153053E+03,3.373814E-02,0.000000E+00,0.000000E+00,5.687358E-02,1.153047E+03,3.202185E-01,3.914498E+03,5.311579E+03,1.235078E-01,5.152061E+03,5.687358E-02,0.000000E+00,0.000000E+00,3.373814E-02,6.840023E+02,2.502293E-01,2.995080E+03,3.866433E+03,7.713601E-02,3.168616E+03,3.373814E-02,0.000000E+00,0.000000E+00
20:00:00,7.502470E-02,1.534171E+03,3.581531E-01,4.433215E+03,6.070022E+03,7.502470E-02,4.244413E+03,7.502470E-02,0.000000E+00,0.000000E+00,5.687358E-02,1.163001E+03,3.109498E-01,3.801050E+03,5.193609E+03,1.226484E-01,5.127114E+03,5.687358E-02,0.000000E+00,0.000000E+00,3.373814E-02,6.899069E+02,1.991353E-01,2.418688E+03,3.264187E+03,7.660303E-02,3.153146E+03,3.373814E-02,0.000000E+00,0.000000E+00,5.687358E-02,1.163001E+03,3.175291E-01,3.874507E+03,5.278252E+03,1.235127E-01,5.152211E+03,5.687358E-02,0.000000E+00,0.000000E+00,3.373814E-02,6.899069E+02,2.445991E-01,2.926304E+03,3.799112E+03,7.713911E-02,3.168710E+03,3.373814E-02,0.000000E+00,0.000000E+00
20:10:00,7.502470E-02,1.544914E+03,3.572638E-01,4.412543E+03,6.048570E+03,7.502470E-02,4.244413E+03,7.502470E-02,0.000000E+00,0.000000E+00,5.687358E-02,1.171144E+03,3.079004E-01,3.758849E+03,5.153744E+03,1.226527E-01,5.127243E+03,5.687358E-02,0.000000E+00,0.000000E+00,3.373814E-02,6.947380E+02,1.971759E-01,2.391973E+03,3.238969E+03,7.660580E-02,3.153230E+03,3.373814E-02,0.000000E+00,0.000000E+00,5.687358E-02,1.171144E+03,3.136311E-01,3.822831E+03,5.227954E+03,1.235172E-01,5.152344E+03,5.687358E-02,0.000000E+00,0.000000E+00,3.373814E-02,6.947380E+02,2.385103E-01,2.853482E+03,3.724548E+03,7.714188E-02,3.168794E+03,3.373814E-02,0.000000E+00,0.000000E+00
20:20:00,7.502470E-02,1.555656E+03,3.563416E-01,4.391504E+03,6.026736E+03,7.502470E-02,4.244413E+03,7.502470E-02,0.000000E+00,0.000000E+00,5.687358E-02,1.179288E+03,3.049979E-01,3.718293E+03,5.114040E+03,1.226566E-01,5.127360E+03,5.687358E-02,0.000000E+00,0.000000E+00,3.373814E-02,6.995690E+02,1.952827E-01,2.365999E+03,3.213490E+03,7.660828E-02,3.153304E+03,3.373814E-02,0.000000E+00,0.000000E+00,5.687358E-02,1.179288E+03,3.101017E-01,3.775274E+03,5.180478E+03,1.235211E-01,5.152463E+03,5.687358E-02,0.000000E+00,0.000000E+00,3.373814E-02,6.995690E+02,2.330925E-01,2.788155E+03,3.657002E+03,7.714436E-02,3.168868E+03,3.373814E-02,0.000000E+00,0.000000E+00
20:30:00,7.502470E-02,1.566399E+03,3.554138E-01,4.370402E+03,6.004844E+03,7.502470E-02,4.244413E+03,7.502470E-02,0.000000E+00,0.000000E+00,5.687358E-02,1.187432E+03,3.022647E-01,3.679628E+03,5.075352E+03,1.226601E-01,5.127463E+03,5.687358E-02,0.000000E+00,0.000000E+00,3.373814E-02,7.044001E+02,1.934697E-01,2.340923E+03,3.188321E+03,7.661050E-02,3.153371E+03,3.373814E-02,0.000000E+00,0.000000E+00,5.687358E-02,1.187432E+03,3.070643E-01,3.733212E+03,5.138153E+03,1.235247E-01,5.152570E+03,5.687358E-02,0.000000E+00,0.000000E+00,3.373814E-02,7.044001E+02,2.284591E-01,2.731587E+03,3.598537E+03,7.714658E-02,3.168934E+03,3.373814E-02,0.000000E+00,0.000000E+00
20:40:00,7.502470E-02,1.577142E+03,3.545046E-01,4.349507E+03,5.983186E+03,7.502470E-02,4.244413E+03,7.502470E-02,0.000000E+00,0.000000E+00,5.687358E-02,1.195576E+03,2.996996E-01,3.642841E+03,5.038053E+03,1.226632E-01,5.127556E+03,5.687358E-02,0.000000E+00,0.000000E+00,3.373814E-02,7.092311E+02,1.917401E-01,2.316779E+03,3.163756E+03,7.661248E-02,3.153430E+03,3.373814E-02,0.000000E+00,0.000000E+00,5.687358E-02,1.195576E+03,3.043415E-01,3.694666E+03,5.099094E+03,1.235279E-01,5.152665E+03,5.687358E-02,0.000000E+00,0.000000E+00,3.373814E-02,7.092311E+02,2.243167E-01,2.680504E+03,3.545714E+03,7.714856E-02,3.168994E+03,3.373814E-02,0.000000E+00,0.000000E+00
20:50:00,7.502470E-02,1.587885E+03,3.536518E-01,4.329243E+03,5.962106E+03,7.502470E-02,4.244413E+03,7.502470E-02,0.000000E+00,0.000000E+00,5.687358E-02,1.203720E+03,2.973135E-01,3.608055E+03,5.001989E+03,1.226660E-01,5.127640E+03,5.687358E-02,0.000000E+00,0.000000E+00,3.373814E-02,7.140622E+02,1.901054E-01,2.293695E+03,3.139742E+03,7.661425E-02,3.153483E+03,3.373814E-02,0.000000E+00,0.000000E+00,5.687358E-02,1.203720E+03,3.018035E-01,3.658182E+03,5.061276E+03,1.235307E-01,5.152751E+03,5.687358E-02,0.000000E+00,0.000000E+00,3.373814E-02,7.140622E+02,2.204655E-01,2.632671E+03,3.495445E+03,7.715033E-02,3.169047E+03,3.373814E-02,0.000000E+00,0.000000E+00
21:00:00,7.502470E-02,1.598628E+03,3.528198E-01,4.309188E+03,5.941113E+03,7.502470E-02,4.244413E+03,7.502470E-02,0.000000E+00,0.000000E+00,5.687358E-02,1.211864E+03,2.950131E-01,3.574202E+03,4.966145E+03,1.226685E-01,5.127714E+03,5.687358E-02,0.000000E+00,0.000000E+00,3.373814E-02,7.188932E+02,1.885166E-01,2.271109E+03,3.115777E+03,7.661584E-02,3.153530E+03,3.373814E-02,0.000000E+00,0.000000E+00,5.687358E-02,1.211864E+03,2.993379E-01,3.622485E+03,5.023456E+03,1.235333E-01,5.152827E+03,5.687358E-02,0.000000E+00,0.000000E+00,3.373814E-02,7.188932E+02,2.168219E-01,2.587143E+03,3.446928E+03,7.715191E-02,3.169094E+03,3.373814E-02,0.000000E+00,0.000000E+00
21:10:00,7.502470E-02,1.609371E+03,3.520328E-01,4.289635E+03,5.920922E+03,7.502470E-02,4.244413E+03,7.502470E-02,0.000000E+00,0.000000E+00,5.687358E-02,1.220008E+03,2.927983E-01,3.541303E+03,4.932183E+03,1.226708E-01,5.127781E+03,5.687358E-02,0.000000E+00,0.000000E+00,3.373814E-02,7.237242E+02,1.869759E-01,2.249060E+03,3.092954E+03,7.661726E-02,3.153572E+03,3.373814E-02,0.000000E+00,0.000000E+00,5.687358E-02,1.220008E+03,2.969470E-01,3.587620E+03,4.987435E+03,1.235356E-01,5.152896E+03,5.687358E-02,0.000000E+00,0.000000E+00,3.373814E-02,7.237242E+02,2.133814E-01,2.543880E+03,3.401949E+03,7.715333E-02,3.169136E+03,3.373814E-02,0.000000E+00,0.000000E+00
21:20:00,7.502470E-02,1.620114E+03,3.512787E-01,4.270450E+03,5.901125E+03,7.502470E-02,4.244413E+03,7.502470E-02,0.000000E+00,0.000000E+00,5.687358E-02,1.228152E+03,2.906567E-01,3.509223E+03,4.898926E+03,1.226728E-01,5.127842E+03,5.687358E-02,0.000000E+00,0.000000E+00,3.373814E-02,7.285553E+02,1.854782E-01,2.227490E+03,3.070551E+03,7.661854E-02,3.153610E+03,3.373814E-02,0.000000E+00,0.000000E+00,5.687358E-02,1.228152E+03,2.946239E-01,3.553512E+03,4.952040E+03,1.235377E-01,5.152957E+03,5.687358E-02,0.000000E+00,0.000000E+00,3.373814E-02,7.285553E+02,2.101348E-01,2.502783E+03,3.359162E+03,7.715461E-02,3.169174E+03,3.373814E-02,0.000000E+00,0.000000E+00
21:30:00,7.502470E-02,1.630857E+03,3.505567E-01,4.251622E+03,5.881711E+03,7.502470E-02,4.244413E+03,7.502470E-02,0.000000E+00,0.000000E+00,5.687358E-02,1.236295E+03,2.885863E-01,3.477938E+03,4.866407E+03,1.226746E-01,5.127896E+03,5.687358E-02,0.000000E+00,0.000000E+00,3.373814E-02,7.333863E+02,1.840236E-01,2.206403E+03,3.048602E+03,7.661969E-02,3.153644E+03,3.373814E-02,0.000000E+00,0.000000E+00,5.687358E-02,1.236295E+03,2.923718E-01,3.520198E+03,4.917374E+03,1.235396E-01,5.153013E+03,5.687358E-02,0.000000E+00,0.000000E+00,3.373814E-02,7.333863E+02,2.070762E-01,2.463785E+03,3.318528E+03,7.715576E-02,3.169208E+03,3.373814E-02,0.000000E+00,0.000000E+00
21:40:00,7.502470E-02,1.641600E+03,3.498644E-01,4.233127E+03,5.862652E+03,7.502470E-02,4.244413E+03,7.502470E-02,0.000000E+00,0.000000E+00,5.687358E-02,1.244439E+03,2.865834E-01,3.447408E+03,4.834616E+03,1.226763E-01,5.127945E+03,5.687358E-02,0.000000E+00,0.000000E+00,3.373814E-02,7.382174E+02,1.826110E-01,2.185784E+03,3.027113E+03,7.662073E-02,3.153675E+03,3.373814E-02,0.000000E+00,0.000000E+00,5.687358E-02,1.244439E+03,2.901913E-01,3.487684E+03,4.883482E+03,1.235413E-01,5.153063E+03,5.687358E-02,0.000000E+00,0.000000E+00,3.373814E-02,7.382174E+02,2.041965E-01,2.426786E+03,3.279957E+03,7.715679E-02,3.169238E+03,3.373814E-02,0.000000E+00,0.000000E+00
21:50:00,7.502470E-02,1.652343E+03,3.491757E-01,4.214672E+03,5.843613E+03,7.502470E-02,4.244413E+03,7.502470E-02,0.000000E+00,0.000000E+00,5.687358E-02,1.252583E+03,2.846193E-01,3.417310E+03,4.803193E+03,1.226778E-01,5.127990E+03,5.687358E-02,0.000000E+00,0.000000E+00,3.373814E-02,7.430484E+02,1.812237E-01,2.165449E+03,3.005874E+03,7.662167E-02,3.153703E+03,3.373814E-02,0.000000E+00,0.000000E+00,5.687358E-02,1.252583E+03,2.880559E-01,3.455674E+03,4.850033E+03,1.235428E-01,5.153108E+03,5.687358E-02,0.000000E+00,0.000000E+00,3.373814E-02,7.430484E+02,2.014704E-01,2.391501E+03,3.243139E+03,7.715773E-02,3.169266E+03,3.373814E-02,0.000000E+00,0.000000E+00
22:00:00,7.502470E-02,1.663086E+03,3.485286E-01,4.196702E+03,5.825100E+03,7.502470E-02,4.244413E+03,7.502470E-02,0.000000E+00,0.000000E+00,5.687358E-02,1.260727E+03,2.827300E-01,3.388070E+03,4.772663E+03,1.226792E-01,5.128031E+03,5.687358E-02,0.000000E+00,0.000000E+00,3.373814E-02,7.478795E+02,1.798838E-01,2.145656E+03,2.985200E+03,7.662253E-02,3.153728E+03,3.373814E-02,0.000000E+00,0.000000E+00,5.687358E-02,1.260727E+03,2.860041E-01,3.424620E+03,4.817580E+03,1.235442E-01,5.153150E+03,5.687358E-02,0.000000E+00,0.000000E+00,3.373814E-02,7.478795E+02,1.989091E-01,2.358071E+03,3.208254E+03,7.715858E-02,3.169291E+03,3.373814E-02,0.000000E+00,0.000000E+00
22:10:00,7.502470E-02,1.671442E+03,3.478961E-01,4.181283E+03,5.809194E+03,7.502470E-02,4.244413E+03,7.502470E-02,0.000000E+00,0.000000E+00,5.687358E-02,1.267061E+03,2.809034E-01,3.361342E+03,4.744710E+03,1.226805E-01,5.128068E+03,5.687358E-02,0.000000E+00,0.000000E+00,3.373814E-02,7.516369E+02,1.785847E-01,2.127395E+03,2.966099E+03,7.662331E-02,3.153751E+03,3.373814E-02,0.000000E+00,0.000000E+00,5.687358E-02,1.267061E+03,2.840243E-01,3.396181E+03,4.787814E+03,1.235455E-01,5.153187E+03,5.687358E-02,0.000000E+00,0.000000E+00,3.373814E-02,7.516369E+02,1.964979E-01,2.327393E+03,3.176219E+03,7.715936E-02,3.169314E+03,3.373814E-02,0.000000E+00,0.000000E+00
22:20:00,7.502470E-02,1.679797E+03,3.472862E-01,4.166118E+03,5.793552E+03,7.502470E-02,4.244413E+03,7.502470E-02,0.000000E+00,0.000000E+00,5.687358E-02,1.273395E+03,2.791448E-01,3.335374E+03,4.717535E+03,1.226816E-01,5.128102E+03,5.687358E-02,0.000000E+00,0.000000E+00,3.373814E-02,7.553944E+02,1.773299E-01,2.109627E+03,2.947505E+03,7.662402E-02,3.153772E+03,3.373814E-02,0.000000E+00,0.000000E+00,5.687358E-02,1.273395E+03,2.821229E-01,3.368619E+03,4.758952E+03,1.235467E-01,5.153222E+03,5.687358E-02,0.000000E+00,0.000000E+00,3.373814E-02,7.553944E+02,1.942303E-01,2.298318E+03,3.145847E+03,7.716007E-02,3.169335E+03,3.373814E-02,0.000000E+00,0.000000E+00
22:30:00,7.502470E-02,1.688153E+03,3.466957E-01,4.151170E+03,5.778138E+03,7.502470E-02,4.244413E+03,7.502470E-02,0.000000E+00,0.000000E+00,5.687358E-02,1.279729E+03,2.774495E-01,3.310112E+03,4.691078E+03,1.226827E-01,5.128134E+03,5.687358E-02,0.000000E+00,0.000000E+00,3.373814E-02,7.591519E+02,1.761165E-01,2.092323E+03,2.929382E+03,7.662468E-02,3.153791E+03,3.373814E-02,0.000000E+00,0.000000E+00,5.687358E-02,1.279729E+03,2.802954E-01,3.341880E+03,4.730933E+03,1.235478E-01,5.153254E+03,5.687358E-02,0.000000E+00,0.000000E+00,3.373814E-02,7.591519E+02,1.920946E-01,2.270717E+03,3.116999E+03,7.716073E-02,3.169354E+03,3.373814E-02,0.000000E+00,0.000000E+00
22:40:00,7.502470E-02,1.696509E+03,3.461231E-01,4.136421E+03,5.762927E+03,7.502470E-02,4.244413E+03,7.502470E-02,0.000000E+00,0.000000E+00,5.687358E-02,1.286063E+03,2.758140E-01,3.285518E+03,4.665306E+03,1.226837E-01,5.128163E+03,5.687358E-02,0.000000E+00,0.000000E+00,3.373814E-02,7.629094E+02,1.749426E-01,2.075460E+03,2.911711E+03,7.662529E-02,3.153809E+03,3.373814E-02,0.000000E+00,0.000000E+00,5.687358E-02,1.286063E+03,2.785382E-01,3.315927E+03,4.703723E+03,1.235488E-01,5.153284E+03,5.687358E-02,0.000000E+00,0.000000E+00,3.373814E-02,7.629094E+02,1.900807E-01,2.244474E+03,3.089562E+03,7.716133E-02,3.169372E+03,3.373814E-02,0.000000E+00,0.000000E+00
22:50:00,7.502470E-02,1.704864E+03,3.455667E-01,4.121852E+03,5.747904E+03,7.502470E-02,4.244413E+03,7.502470E-02,0.000000E+00,0.000000E+00,5.687358E-02,1.292398E+03,2.742354E-01,3.261558E+03,4.640196E+03,1.226846E-01,5.128190E+03,5.687358E-02,0.000000E+00,0.000000E+00,3.373814E-02,7.666668E+02,1.738066E-01,2.059018E+03,2.894479E+03,7.662585E-02,3.153826E+03,3.373814E-02,0.000000E+00,0.000000E+00,5.687358E-02,1.292398E+03,2.768479E-01,3.290722E+03,4.677296E+03,1.235497E-01,5.153311E+03,5.687358E-02,0.000000E+00,0.000000E+00,3.373814E-02,7.666668E+02,1.881790E-01,2.219484E+03,3.063430E+03,7.716189E-02,3.169388E+03,3.373814E-02,0.000000E+00,0.000000E+00
23:00:00,7.502470E-02,1.713220E+03,3.450251E-01,4.107450E+03,5.733054E+03,7.502470E-02,4.244413E+03,7.502470E-02,0.000000E+00,0.000000E+00,5.687358E-02,1.298732E+03,2.727108E-01,3.238204E+03,4.615726E+03,1.226855E-01,5.128215E+03,5.687358E-02,0.000000E+00,0.000000E+00,3.373814E-02,7.704243E+02,1.727066E-01,2.042980E+03,2.877674E+03,7.662638E-02,3.153841E+03,3.373814E-02,0.000000E+00,0.000000E+00,5.687358E-02,1.298732E+03,2.752216E-01,3.266230E+03,4.651624E+03,1.235506E-01,5.153337E+03,5.687358E-02,0.000000E+00,0.000000E+00,3.373814E-02,7.704243E+02,1.863807E-01,2.195650E+03,3.038509E+03,7.716241E-02,3.169404E+03,3.373814E-02,0.000000E+00,0.000000E+00
23:10:00,7.502470E-02,1.721576E+03,3.444972E-01,4.093201E+03,5.718360E+03,7.502470E-02,4.244413E+03,7.502470E-02,0.000000E+00,0.000000E+00,5.687358E-02,1.305066E+03,2.712224E-01,3.215252E+03,4.591662E+03,1.226863E-01,5.128239E+03,5.687358E-02,0.000000E+00,0.000000E+00,3.373814E-02,7.741818E+02,1.716319E-01,2.027224E+03,2.861154E+03,7.662687E-02,3.153855E+03,3.373814E-02,0.000000E+00,0.000000E+00,5.687358E-02,1.305066E+03,2.736406E-01,3.242245E+03,4.626470E+03,1.235514E-01,5.153361E+03,5.687358E-02,0.000000E+00,0.000000E+00,3.373814E-02,7.741818E+02,1.846684E-01,2.172774E+03,3.014580E+03,7.716290E-02,3.169418E+03,3.373814E-02,0.000000E+00,0.000000E+00
23:20:00,7.502470E-02,1.729931E+03,3.439818E-01,4.079090E+03,5.703809E+03,7.502470E-02,4.244413E+03,7.502470E-02,0.000000E+00,0.000000E+00,5.687358E-02,1.311400E+03,2.697681E-01,3.192681E+03,4.567988E+03,1.226870E-01,5.128261E+03,5.687358E-02,0.000000E+00,0.000000E+00,3.373814E-02,7.779393E+02,1.705813E-01,2.011737E+03,2.844910E+03,7.662733E-02,3.153869E+03,3.373814E-02,0.000000E+00,0.000000E+00,5.687358E-02,1.311400E+03,2.721021E-01,3.218733E+03,4.601803E+03,1.235522E-01,5.153383E+03,5.687358E-02,0.000000E+00,0.000000E+00,3.373814E-02,7.779393E+02,1.830347E-01,2.150777E+03,2.991564E+03,7.716336E-02,3.169431E+03,3.373814E-02,0.000000E+00,0.000000E+00
23:30:00,7.502470E-02,1.738287E+03,3.434776E-01,4.065105E+03,5.689387E+03,7.502470E-02,4.244413E+03,7.502470E-02,0.000000E+00,0.000000E+00,5.687358E-02,1.317734E+03,2.683455E-01,3.170464E+03,4.544674E+03,1.226878E-01,5.128282E+03,5.687358E-02,0.000000E+00,0.000000E+00,3.373814E-02,7.816968E+02,1.695532E-01,1.996501E+03,2.828923E+03,7.662776E-02,3.153881E+03,3.373814E-02,0.000000E+00,0.000000E+00,5.687358E-02,1.317734E+03,2.706027E-01,3.195659E+03,4.577584E+03,1.235529E-01,5.153405E+03,5.687358E-02,0.000000E+00,0.000000E+00,3.373814E-02,7.816968E+02,1.814729E-01,2.129582E+03,2.969378E+03,7.716379E-02,3.169444E+03,3.373814E-02,0.000000E+00,0.000000E+00
23:40:00,7.502470E-02,1.746642E+03,3.429835E-01,4.051233E+03,5.675082E+03,7.502470E-02,4.244413E+03,7.502470E-02,0.000000E+00,0.000000E+00,5.687358E-02,1.324068E+03,2.669523E-01,3.148575E+03,4.521698E+03,1.226884E-01,5.128302E+03,5.687358E-02,0.000000E+00,0.000000E+00,3.373814E-02,7.854542E+02,1.685462E-01,1.981501E+03,2.813178E+03,7.662817E-02,3.153893E+03,3.373814E-02,0.000000E+00,0.000000E+00,5.687358E-02,1.324068E+03,2.691396E-01,3.172990E+03,4.553783E+03,1.235536E-01,5.153425E+03,5.687358E-02,0.000000E+00,0.000000E+00,3.373814E-02,7.854542E+02,1.799765E-01,2.109118E+03,2.947952E+03,7.716420E-02,3.169456E+03,3.373814E-02,0.000000E+00,0.000000E+00
23:50:00,7.502470E-02,1.754998E+03,3.424987E-01,4.037464E+03,5.660881E+03,7.502470E-02,4.244413E+03,7.502470E-02,0.000000E+00,0.000000E+00,5.687358E-02,1.330402E+03,2.655865E-01,3.126991E+03,4.499033E+03,1.226891E-01,5.128321E+03,5.687358E-02,0.000000E+00,0.000000E+00,3.373814E-02,7.892117E+02,1.675590E-01,1.966721E+03,2.797659E+03,7.662856E-02,3.153905E+03,3.373814E-02,0.000000E+00,0.000000E+00,5.687358E-02,1.330402E+03,2.677099E-01,3.150694E+03,4.530366E+03,1.235543E-01,5.153444E+03,5.687358E-02,0.000000E+00,0.000000E+00,3.373814E-02,7.892117E+02,1.785397E-01,2.089319E+03,2.927215E+03,7.716460E-02,3.169467E+03,3.373814E-02,0.000000E+00,0.000000E+00
24:00:00,7.502470E-02,1.763354E+03,3.420221E-01,4.023787E+03,5.646775E+03,7.502470E-02,4.244413E+03,7.502470E-02,0.000000E+00,0.000000E+00,5.687358E-02,1.336736E+03,2.642459E-01,3.105691E+03,4.476658E+03,1.226897E-01,5.128339E+03,5.687358E-02,0.000000E+00,0.000000E+00,3.373814E-02,7.929692E+02,1.665903E-01,1.952149E+03,2.782353E+03,7.662894E-02,3.153916E+03,3.373814E-02,0.000000E+00,0.000000E+00,5.687358E-02,1.336736E+03,2.663111E-01,3.128743E+03,4.507304E+03,1.235549E-01,5.153463E+03,5.687358E-02,0.000000E+00,0.000000E+00,3.373814E-02,7.929692E+02,1.771573E-01,2.070127E+03,2.907107E+03,7.716497E-02,3.169478E+03,3.373814E-02,0.000000E+00,0.000000E+00
Coinc Peak   ,7.502470E-02,3.623175E-01,4.244413E+03,4.773007E+03,1.226897E-01,3.400522E-01,5.128339E+03,4.361402E+03,7.662894E-02,2.595384E-01,3.153916E+03,3.158335E+03,1.235549E-01,3.372625E-01,5.153463E+03,4.335652E+03,7.716497E-02,2.922176E-01,3.169478E+03,3.543782E+03
NonCoinc Peak,7.502470E-02,3.623175E-01,4.244413E+03,4.773007E+03,1.226897E-01,3.400522E-01,5.128339E+03,4.361402E+03,7.662894E-02,2.595384E-01,3.153916E+03,3.158335E+03,1.235549E-01,3.372625E-01,5.153463E+03,4.335652E+03,7.716497E-02,2.922176E-01,3.169478E+03,3.543782E+03
