Time,CORE_ZN ZN PSZ-AC-1:DesPer 1:Des Heat Mass Flow [kg/s],CORE_ZN ZN PSZ-AC-1:DesPer 1:Des Heat Cap [W],CORE_ZN ZN PSZ-AC-1:DesPer 1:Des Cool Mass Flow [kg/s],CORE_ZN ZN PSZ-AC-1:DesPer 1:Des Sens Cool Cap [W],CORE_ZN ZN PSZ-AC-1:DesPer 1:Des Tot Cool Cap [W],CORE_ZN ZN PSZ-AC-1:DesPer 2:Des Heat Mass Flow [kg/s],CORE_ZN ZN PSZ-AC-1:DesPer 2:Des Heat Cap [W],CORE_ZN ZN PSZ-AC-1:DesPer 2:Des Cool Mass Flow [kg/s],CORE_ZN ZN PSZ-AC-1:DesPer 2:Des Sens Cool Cap [W],CORE_ZN ZN PSZ-AC-1:DesPer 2:Des Tot Cool Cap [W],PERIMETER_ZN_1 ZN PSZ-AC-2:DesPer 1:Des Heat Mass Flow [kg/s],PERIMETER_ZN_1 ZN PSZ-AC-2:DesPer 1:Des Heat Cap [W],PERIMETER_ZN_1 ZN PSZ-AC-2:DesPer 1:Des Cool Mass Flow [kg/s],PERIMETER_ZN_1 ZN PSZ-AC-2:DesPer 1:Des Sens Cool Cap [W],PERIMETER_ZN_1 ZN PSZ-AC-2:DesPer 1:Des Tot Cool Cap [W],PERIMETER_ZN_1 ZN PSZ-AC-2:DesPer 2:Des Heat Mass Flow [kg/s],PERIMETER_ZN_1 ZN PSZ-AC-2:DesPer 2:Des Heat Cap [W],PERIMETER_ZN_1 ZN PSZ-AC-2:DesPer 2:Des Cool Mass Flow [kg/s],PERIMETER_ZN_1 ZN PSZ-AC-2:DesPer 2:Des Sens Cool Cap [W],PERIMETER_ZN_1 ZN PSZ-AC-2:DesPer 2:Des Tot Cool Cap [W],PERIMETER_ZN_2 ZN PSZ-AC-3:DesPer 1:Des Heat Mass Flow [kg/s],PERIMETER_ZN_2 ZN PSZ-AC-3:DesPer 1:Des Heat Cap [W],PERIMETER_ZN_2 ZN PSZ-AC-3:DesPer 1:Des Cool Mass Flow [kg/s],PERIMETER_ZN_2 ZN PSZ-AC-3:DesPer 1:Des Sens Cool Cap [W],PERIMETER_ZN_2 ZN PSZ-AC-3:DesPer 1:Des Tot Cool Cap [W],PERIMETER_ZN_2 ZN PSZ-AC-3:DesPer 2:Des Heat Mass Flow [kg/s],PERIMETER_ZN_2 ZN PSZ-AC-3:DesPer 2:Des Heat Cap [W],PERIMETER_ZN_2 ZN PSZ-AC-3:DesPer 2:Des Cool Mass Flow [kg/s],PERIMETER_ZN_2 ZN PSZ-AC-3:DesPer 2:Des Sens Cool Cap [W],PERIMETER_ZN_2 ZN PSZ-AC-3:DesPer 2:Des Tot Cool Cap [W],PERIMETER_ZN_3 ZN PSZ-AC-4:DesPer 1:Des Heat Mass Flow [kg/s],PERIMETER_ZN_3 ZN PSZ-AC-4:DesPer 1:Des Heat Cap [W],PERIMETER_ZN_3 ZN PSZ-AC-4:DesPer 1:Des Cool Mass Flow [kg/s],PERIMETER_ZN_3 ZN PSZ-AC-4:DesPer 1:Des Sens Cool Cap [W],PERIMETER_ZN_3 ZN PSZ-AC-4:DesPer 1:Des Tot Cool Cap [W],PERIMETER_ZN_3 ZN PSZ-AC-4:DesPer 2:Des Heat Mass Flow [kg/s],PERIMETER_ZN_3 ZN PSZ-AC-4:DesPer 2:Des Heat Cap [W],PERIMETER_ZN_3 ZN PSZ-AC-4:DesPer 2:Des Cool Mass Flow [kg/s],PERIMETER_ZN_3 ZN PSZ-AC-4:DesPer 2:Des Sens Cool Cap [W],PERIMETER_ZN_3 ZN PSZ-AC-4:DesPer 2:Des Tot Cool Cap [W],PERIMETER_ZN_4 ZN PSZ-AC-5:DesPer 1:Des Heat Mass Flow [kg/s],PERIMETER_ZN_4 ZN PSZ-AC-5:DesPer 1:Des Heat Cap [W],PERIMETER_ZN_4 ZN PSZ-AC-5:DesPer 1:Des Cool Mass Flow [kg/s],PERIMETER_ZN_4 ZN PSZ-AC-5:DesPer 1:Des Sens Cool Cap [W],PERIMETER_ZN_4 ZN PSZ-AC-5:DesPer 1:Des Tot Cool Cap [W],PERIMETER_ZN_4 ZN PSZ-AC-5:DesPer 2:Des Heat Mass Flow [kg/s],PERIMETER_ZN_4 ZN PSZ-AC-5:DesPer 2:Des Heat Cap [W],PERIMETER_ZN_4 ZN PSZ-AC-5:DesPer 2:Des Cool Mass Flow [kg/s],PERIMETER_ZN_4 ZN PSZ-AC-5:DesPer 2:Des Sens Cool Cap [W],PERIMETER_ZN_4 ZN PSZ-AC-5:DesPer 2:Des Tot Cool Cap [W]
00:10:00,7.502470E-02,1.770516E+03,3.438704E-01,4.037262E+03,5.661151E+03,7.502470E-02,4.244413E+03,7.502470E-02,0.000000E+00,0.000000E+00,5.687358E-02,1.342166E+03,2.661171E-01,3.121153E+03,4.493507E+03,1.226786E-01,5.128017E+03,5.687358E-02,0.000000E+00,0.000000E+00,3.373814E-02,7.961899E+02,1.675400E-01,1.959532E+03,2.790409E+03,7.662312E-02,3.153747E+03,3.373814E-02,0.000000E+00,0.000000E+00,5.687358E-02,1.342166E+03,2.681426E-01,3.143761E+03,4.523692E+03,1.235438E-01,5.153141E+03,5.687358E-02,0.000000E+00,0.000000E+00,3.373814E-02,7.961899E+02,1.782627E-01,2.079248E+03,2.916995E+03,7.715917E-02,3.169310E+03,3.373814E-02,0.000000E+00,0.000000E+00
00:20:00,7.502470E-02,1.777678E+03,3.433802E-01,4.024627E+03,5.648086E+03,7.502470E-02,4.244413E+03,7.502470E-02,0.000000E+00,0.000000E+00,5.687358E-02,1.347595E+03,2.647867E-01,3.100869E+03,4.472174E+03,1.226677E-01,5.127700E+03,5.687358E-02,0.000000E+00,0.000000E+00,3.373814E-02,7.994106E+02,1.665843E-01,1.945640E+03,2.775803E+03,7.661740E-02,3.153581E+03,3.373814E-02,0.000000E+00,0.000000E+00,5.687358E-02,1.347595E+03,2.667611E-01,3.122909E+03,4.501758E+03,1.235329E-01,5.152824E+03,5.687358E-02,0.000000E+00,0.000000E+00,3.373814E-02,7.994106E+02,1.769424E-01,2.061286E+03,2.898160E+03,7.715346E-02,3.169144E+03,3.373814E-02,0.000000E+00,0.000000E+00
00:30:00,7.502470E-02,1.784840E+03,3.428967E-01,4.012066E+03,5.635097E+03,7.502470E-02,4.244413E+03,7.502470E-02,0.000000E+00,0.000000E+00,5.687358E-02,1.353024E+03,2.634853E-01,3.080910E+03,4.451171E+03,1.226568E-01,5.127385E+03,5.687358E-02,0.000000E+00,0.000000E+00,3.373814E-02,8.026313E+02,1.656490E-01,1.931977E+03,2.761429E+03,7.661171E-02,3.153416E+03,3.373814E-02,0.000000E+00,0.000000E+00,5.687358E-02,1.353024E+03,2.654133E-01,3.102432E+03,4.480208E+03,1.235221E-01,5.152510E+03,5.687358E-02,0.000000E+00,0.000000E+00,3.373814E-02,8.026313E+02,1.756692E-01,2.043850E+03,2.879867E+03,7.714779E-02,3.168979E+03,3.373814E-02,0.000000E+00,0.000000E+00
00:40:00,7.502470E-02,1.792002E+03,3.424193E-01,3.999574E+03,5.622179E+03,7.502470E-02,4.244413E+03,7.502470E-02,0.000000E+00,0.000000E+00,5.687358E-02,1.358453E+03,2.622117E-01,3.061262E+03,4.430488E+03,1.226461E-01,5.127072E+03,5.687358E-02,0.000000E+00,0.000000E+00,3.373814E-02,8.058520E+02,1.647333E-01,1.918533E+03,2.747281E+03,7.660606E-02,3.153251E+03,3.373814E-02,0.000000E+00,0.000000E+00,5.687358E-02,1.358453E+03,2.640975E-01,3.082312E+03,4.459026E+03,1.235113E-01,5.152197E+03,5.687358E-02,0.000000E+00,0.000000E+00,3.373814E-02,8.058520E+02,1.744395E-01,2.026901E+03,2.862077E+03,7.714215E-02,3.168816E+03,3.373814E-02,0.000000E+00,0.000000E+00
00:50:00,7.502470E-02,1.799164E+03,3.419476E-01,3.987145E+03,5.609324E+03,7.502470E-02,4.244413E+03,7.502470E-02,0.000000E+00,0.000000E+00,5.687358E-02,1.363883E+03,2.609648E-01,3.041912E+03,4.410117E+03,1.226354E-01,5.126761E+03,5.687358E-02,0.000000E+00,0.000000E+00,3.373814E-02,8.090727E+02,1.638366E-01,1.905301E+03,2.733351E+03,7.660044E-02,3.153089E+03,3.373814E-02,0.000000E+00,0.000000E+00,5.687358E-02,1.363883E+03,2.628122E-01,3.062533E+03,4.438200E+03,1.235006E-01,5.151887E+03,5.687358E-02,0.000000E+00,0.000000E+00,3.373814E-02,8.090727E+02,1.732503E-01,2.010403E+03,2.844756E+03,7.713656E-02,3.168653E+03,3.373814E-02,0.000000E+00,0.000000E+00
01:00:00,7.502470E-02,1.806326E+03,3.414811E-01,3.974775E+03,5.596530E+03,7.502470E-02,4.244413E+03,7.502470E-02,0.000000E+00,0.000000E+00,5.687358E-02,1.369312E+03,2.597438E-01,3.022850E+03,4.390050E+03,1.226247E-01,5.126452E+03,5.687358E-02,0.000000E+00,0.000000E+00,3.373814E-02,8.122934E+02,1.629580E-01,1.892272E+03,2.719637E+03,7.659486E-02,3.152927E+03,3.373814E-02,0.000000E+00,0.000000E+00,5.687358E-02,1.369312E+03,2.615562E-01,3.043080E+03,4.417719E+03,1.234900E-01,5.151578E+03,5.687358E-02,0.000000E+00,0.000000E+00,3.373814E-02,8.122934E+02,1.720987E-01,1.994325E+03,2.827874E+03,7.713100E-02,3.168492E+03,3.373814E-02,0.000000E+00,0.000000E+00
01:10:00,7.502470E-02,1.811100E+03,3.410359E-01,3.965029E+03,5.586447E+03,7.502470E-02,4.244413E+03,7.502470E-02,0.000000E+00,0.000000E+00,5.687358E-02,1.372931E+03,2.585622E-01,3.006038E+03,4.372331E+03,1.226258E-01,5.126482E+03,5.687358E-02,0.000000E+00,0.000000E+00,3.373814E-02,8.144405E+02,1.621050E-01,1.880601E+03,2.707336E+03,7.659545E-02,3.152943E+03,3.373814E-02,0.000000E+00,0.000000E+00,5.687358E-02,1.372931E+03,2.603426E-01,3.025911E+03,4.399621E+03,1.234910E-01,5.151609E+03,5.687358E-02,0.000000E+00,0.000000E+00,3.373814E-02,8.144405E+02,1.709905E-01,1.979804E+03,2.812613E+03,7.713157E-02,3.168509E+03,3.373814E-02,0.000000E+00,0.000000E+00
01:20:00,7.502470E-02,1.815875E+03,3.405952E-01,3.955334E+03,5.576416E+03,7.502470E-02,4.244413E+03,7.502470E-02,0.000000E+00,0.000000E+00,5.687358E-02,1.376551E+03,2.574118E-01,2.989576E+03,4.354975E+03,1.226268E-01,5.126512E+03,5.687358E-02,0.000000E+00,0.000000E+00,3.373814E-02,8.165876E+02,1.612734E-01,1.869169E+03,2.695284E+03,7.659602E-02,3.152960E+03,3.373814E-02,0.000000E+00,0.000000E+00,5.687358E-02,1.376551E+03,2.591633E-01,3.009125E+03,4.381922E+03,1.234920E-01,5.151638E+03,5.687358E-02,0.000000E+00,0.000000E+00,3.373814E-02,8.165876E+02,1.699196E-01,1.965701E+03,2.797783E+03,7.713214E-02,3.168525E+03,3.373814E-02,0.000000E+00,0.000000E+00
01:30:00,7.502470E-02,1.820650E+03,3.401589E-01,3.945688E+03,5.566435E+03,7.502470E-02,4.244413E+03,7.502470E-02,0.000000E+00,0.000000E+00,5.687358E-02,1.380170E+03,2.562924E-01,2.973458E+03,4.337969E+03,1.226278E-01,5.126541E+03,5.687358E-02,0.000000E+00,0.000000E+00,3.373814E-02,8.187348E+02,1.604629E-01,1.857973E+03,2.683469E+03,7.659658E-02,3.152976E+03,3.373814E-02,0.000000E+00,0.000000E+00,5.687358E-02,1.380170E+03,2.580177E-01,2.992716E+03,4.364605E+03,1.234931E-01,5.151668E+03,5.687358E-02,0.000000E+00,0.000000E+00,3.373814E-02,8.187348E+02,1.688844E-01,1.951996E+03,2.783359E+03,7.713271E-02,3.168542E+03,3.373814E-02,0.000000E+00,0.000000E+00
01:40:00,7.502470E-02,1.825424E+03,3.397267E-01,3.936088E+03,5.556502E+03,7.502470E-02,4.244413E+03,7.502470E-02,0.000000E+00,0.000000E+00,5.687358E-02,1.383790E+03,2.552035E-01,2.957681E+03,4.321315E+03,1.226288E-01,5.126570E+03,5.687358E-02,0.000000E+00,0.000000E+00,3.373814E-02,8.208819E+02,1.596734E-01,1.847011E+03,2.671894E+03,7.659713E-02,3.152992E+03,3.373814E-02,0.000000E+00,0.000000E+00,5.687358E-02,1.383790E+03,2.569053E-01,2.976676E+03,4.347671E+03,1.234941E-01,5.151696E+03,5.687358E-02,0.000000E+00,0.000000E+00,3.373814E-02,8.208819E+02,1.678833E-01,1.938672E+03,2.769328E+03,7.713326E-02,3.168558E+03,3.373814E-02,0.000000E+00,0.000000E+00
01:50:00,7.502470E-02,1.830199E+03,3.392988E-01,3.926536E+03,5.546618E+03,7.502470E-02,4.244413E+03,7.502470E-02,0.000000E+00,0.000000E+00,5.687358E-02,1.387409E+03,2.541449E-01,2.942243E+03,4.305020E+03,1.226297E-01,5.126598E+03,5.687358E-02,0.000000E+00,0.000000E+00,3.373814E-02,8.230290E+02,1.589044E-01,1.836279E+03,2.660563E+03,7.659768E-02,3.153008E+03,3.373814E-02,0.000000E+00,0.000000E+00,5.687358E-02,1.387409E+03,2.558255E-01,2.961002E+03,4.331123E+03,1.234950E-01,5.151725E+03,5.687358E-02,0.000000E+00,0.000000E+00,3.373814E-02,8.230290E+02,1.669151E-01,1.925715E+03,2.755682E+03,7.713380E-02,3.168573E+03,3.373814E-02,0.000000E+00,0.000000E+00
02:00:00,7.502470E-02,1.834974E+03,3.388749E-01,3.917029E+03,5.536780E+03,7.502470E-02,4.244413E+03,7.502470E-02,0.000000E+00,0.000000E+00,5.687358E-02,1.391029E+03,2.531165E-01,2.927142E+03,4.289089E+03,1.226307E-01,5.126626E+03,5.687358E-02,0.000000E+00,0.000000E+00,3.373814E-02,8.251762E+02,1.581561E-01,1.825777E+03,2.649479E+03,7.659822E-02,3.153024E+03,3.373814E-02,0.000000E+00,0.000000E+00,5.687358E-02,1.391029E+03,2.547781E-01,2.945688E+03,4.314967E+03,1.234960E-01,5.151753E+03,5.687358E-02,0.000000E+00,0.000000E+00,3.373814E-02,8.251762E+02,1.659786E-01,1.913112E+03,2.742412E+03,7.713434E-02,3.168589E+03,3.373814E-02,0.000000E+00,0.000000E+00
02:10:00,7.502470E-02,1.838555E+03,3.384552E-01,3.908761E+03,5.528211E+03,7.502470E-02,4.244413E+03,7.502470E-02,0.000000E+00,0.000000E+00,5.687358E-02,1.393743E+03,2.521106E-01,2.913197E+03,4.274353E+03,1.226316E-01,5.126653E+03,5.687358E-02,0.000000E+00,0.000000E+00,3.373814E-02,8.267865E+02,1.574236E-01,1.815989E+03,2.639132E+03,7.659875E-02,3.153039E+03,3.373814E-02,0.000000E+00,0.000000E+00,5.687358E-02,1.393743E+03,2.537554E-01,2.931555E+03,4.300029E+03,1.234970E-01,5.151781E+03,5.687358E-02,0.000000E+00,0.000000E+00,3.373814E-02,8.267865E+02,1.650682E-01,1.901337E+03,2.729997E+03,7.713487E-02,3.168604E+03,3.373814E-02,0.000000E+00,0.000000E+00
02:20:00,7.502470E-02,1.842135E+03,3.380394E-01,3.900538E+03,5.519689E+03,7.502470E-02,4.244413E+03,7.502470E-02,0.000000E+00,0.000000E+00,5.687358E-02,1.396458E+03,2.511272E-01,2.899503E+03,4.259874E+03,1.226326E-01,5.126681E+03,5.687358E-02,0.000000E+00,0.000000E+00,3.373814E-02,8.283969E+02,1.567070E-01,1.806378E+03,2.628967E+03,7.659927E-02,3.153055E+03,3.373814E-02,0.000000E+00,0.000000E+00,5.687358E-02,1.396458E+03,2.527568E-01,2.917692E+03,4.285369E+03,1.234979E-01,5.151808E+03,5.687358E-02,0.000000E+00,0.000000E+00,3.373814E-02,8.283969E+02,1.641830E-01,1.889845E+03,2.717874E+03,7.713539E-02,3.168620E+03,3.373814E-02,0.000000E+00,0.000000E+00
02:30:00,7.502470E-02,1.845716E+03,3.376276E-01,3.892359E+03,5.511213E+03,7.502470E-02,4.244413E+03,7.502470E-02,0.000000E+00,0.000000E+00,5.687358E-02,1.399173E+03,2.501661E-01,2.886057E+03,4.245648E+03,1.226335E-01,5.126708E+03,5.687358E-02,0.000000E+00,0.000000E+00,3.373814E-02,8.300072E+02,1.560061E-01,1.796942E+03,2.618980E+03,7.659979E-02,3.153070E+03,3.373814E-02,0.000000E+00,0.000000E+00,5.687358E-02,1.399173E+03,2.517821E-01,2.904095E+03,4.270981E+03,1.234988E-01,5.151835E+03,5.687358E-02,0.000000E+00,0.000000E+00,3.373814E-02,8.300072E+02,1.633222E-01,1.878624E+03,2.706028E+03,7.713591E-02,3.168635E+03,3.373814E-02,0.000000E+00,0.000000E+00
02:40:00,7.502470E-02,1.849297E+03,3.372196E-01,3.884223E+03,5.502781E+03,7.502470E-02,4.244413E+03,7.502470E-02,0.000000E+00,0.000000E+00,5.687358E-02,1.401887E+03,2.492269E-01,2.872857E+03,4.231674E+03,1.226344E-01,5.126734E+03,5.687358E-02,0.000000E+00,0.000000E+00,3.373814E-02,8.316175E+02,1.553206E-01,1.787678E+03,2.609170E+03,7.660030E-02,3.153084E+03,3.373814E-02,0.000000E+00,0.000000E+00,5.687358E-02,1.401887E+03,2.508308E-01,2.890759E+03,4.256861E+03,1.234997E-01,5.151862E+03,5.687358E-02,0.000000E+00,0.000000E+00,3.373814E-02,8.316175E+02,1.624849E-01,1.867665E+03,2.694453E+03,7.713642E-02,3.168649E+03,3.373814E-02,0.000000E+00,0.000000E+00
02:50:00,7.502470E-02,1.852878E+03,3.368155E-01,3.876130E+03,5.494393E+03,7.502470E-02,4.244413E+03,7.502470E-02,0.000000E+00,0.000000E+00,5.687358E-02,1.404602E+03,2.483093E-01,2.859897E+03,4.217955E+03,1.226353E-01,5.126760E+03,5.687358E-02,0.000000E+00,0.000000E+00,3.373814E-02,8.332279E+02,1.546503E-01,1.778585E+03,2.599539E+03,7.660080E-02,3.153099E+03,3.373814E-02,0.000000E+00,0.000000E+00,5.687358E-02,1.404602E+03,2.499024E-01,2.877679E+03,4.243011E+03,1.235007E-01,5.151888E+03,5.687358E-02,0.000000E+00,0.000000E+00,3.373814E-02,8.332279E+02,1.616703E-01,1.856959E+03,2.683143E+03,7.713692E-02,3.168664E+03,3.373814E-02,0.000000E+00,0.000000E+00
03:00:00,7.502470E-02,1.856459E+03,3.364151E-01,3.868078E+03,5.486049E+03,7.502470E-02,4.244413E+03,7.502470E-02,0.000000E+00,0.000000E+00,5.687358E-02,1.407316E+03,2.474130E-01,2.847176E+03,4.204491E+03,1.226362E-01,5.126786E+03,5.687358E-02,0.000000E+00,0.000000E+00,3.373814E-02,8.348382E+02,1.539951E-01,1.769659E+03,2.590087E+03,7.660130E-02,3.153114E+03,3.373814E-02,0.000000E+00,0.000000E+00,5.687358E-02,1.407316E+03,2.489965E-01,2.864851E+03,4.229432E+03,1.235016E-01,5.151914E+03,5.687358E-02,0.000000E+00,0.000000E+00,3.373814E-02,8.348382E+02,1.608775E-01,1.846499E+03,2.672092E+03,7.713742E-02,3.168678E+03,3.373814E-02,0.000000E+00,0.000000E+00
03:10:00,7.502470E-02,1.860040E+03,3.360183E-01,3.860067E+03,5.477748E+03,7.502470E-02,4.244413E+03,7.502470E-02,0.000000E+00,0.000000E+00,5.687358E-02,1.410031E+03,2.465306E-01,2.834610E+03,4.191183E+03,1.226371E-01,5.126812E+03,5.687358E-02,0.000000E+00,0.000000E+00,3.373814E-02,8.364486E+02,1.533503E-01,1.760849E+03,2.580752E+03,7.660180E-02,3.153128E+03,3.373814E-02,0.000000E+00,0.000000E+00,5.687358E-02,1.410031E+03,2.481056E-01,2.852190E+03,4.216021E+03,1.235025E-01,5.151940E+03,5.687358E-02,0.000000E+00,0.000000E+00,3.373814E-02,8.364486E+02,1.601015E-01,1.836224E+03,2.661232E+03,7.713791E-02,3.168693E+03,3.373814E-02,0.000000E+00,0.000000E+00
03:20:00,7.502470E-02,1.863621E+03,3.356252E-01,3.852097E+03,5.469487E+03,7.502470E-02,4.244413E+03,7.502470E-02,0.000000E+00,0.000000E+00,5.687358E-02,1.412746E+03,2.456617E-01,2.822194E+03,4.178029E+03,1.226380E-01,5.126838E+03,5.687358E-02,0.000000E+00,0.000000E+00,3.373814E-02,8.380589E+02,1.527157E-01,1.752154E+03,2.571535E+03,7.660229E-02,3.153142E+03,3.373814E-02,0.000000E+00,0.000000E+00,5.687358E-02,1.412746E+03,2.472291E-01,2.839689E+03,4.202774E+03,1.235033E-01,5.151966E+03,5.687358E-02,0.000000E+00,0.000000E+00,3.373814E-02,8.380589E+02,1.593415E-01,1.826129E+03,2.650557E+03,7.713840E-02,3.168707E+03,3.373814E-02,0.000000E+00,0.000000E+00
03:30:00,7.502470E-02,1.867202E+03,3.352354E-01,3.844164E+03,5.461266E+03,7.502470E-02,4.244413E+03,7.502470E-02,0.000000E+00,0.000000E+00,5.687358E-02,1.415460E+03,2.448059E-01,2.809925E+03,4.165024E+03,1.226389E-01,5.126863E+03,5.687358E-02,0.000000E+00,0.000000E+00,3.373814E-02,8.396693E+02,1.520911E-01,1.743570E+03,2.562432E+03,7.660277E-02,3.153156E+03,3.373814E-02,0.000000E+00,0.000000E+00,5.687358E-02,1.415460E+03,2.463663E-01,2.827342E+03,4.189685E+03,1.235042E-01,5.151991E+03,5.687358E-02,0.000000E+00,0.000000E+00,3.373814E-02,8.396693E+02,1.585968E-01,1.816204E+03,2.640058E+03,7.713888E-02,3.168721E+03,3.373814E-02,0.000000E+00,0.000000E+00
03:40:00,7.502470E-02,1.870783E+03,3.348490E-01,3.836269E+03,5.453083E+03,7.502470E-02,4.244413E+03,7.502470E-02,0.000000E+00,0.000000E+00,5.687358E-02,1.418175E+03,2.439626E-01,2.797795E+03,4.152164E+03,1.226397E-01,5.126888E+03,5.687358E-02,0.000000E+00,0.000000E+00,3.373814E-02,8.412796E+02,1.514759E-01,1.735092E+03,2.553438E+03,7.660325E-02,3.153170E+03,3.373814E-02,0.000000E+00,0.000000E+00,5.687358E-02,1.418175E+03,2.455167E-01,2.815141E+03,4.176747E+03,1.235051E-01,5.152016E+03,5.687358E-02,0.000000E+00,0.000000E+00,3.373814E-02,8.412796E+02,1.578667E-01,1.806442E+03,2.629727E+03,7.713936E-02,3.168735E+03,3.373814E-02,0.000000E+00,0.000000E+00
03:50:00,7.502470E-02,1.874364E+03,3.344658E-01,3.828409E+03,5.444937E+03,7.502470E-02,4.244413E+03,7.502470E-02,0.000000E+00,0.000000E+00,5.687358E-02,1.420890E+03,2.431312E-01,2.785799E+03,4.139442E+03,1.226406E-01,5.126912E+03,5.687358E-02,0.000000E+00,0.000000E+00,3.373814E-02,8.428900E+02,1.508699E-01,1.726716E+03,2.544550E+03,7.660372E-02,3.153184E+03,3.373814E-02,0.000000E+00,0.000000E+00,5.687358E-02,1.420890E+03,2.446796E-01,2.803081E+03,4.163953E+03,1.235059E-01,5.152041E+03,5.687358E-02,0.000000E+00,0.000000E+00,3.373814E-02,8.428900E+02,1.571503E-01,1.796834E+03,2.619556E+03,7.713983E-02,3.168748E+03,3.373814E-02,0.000000E+00,0.000000E+00
04:00:00,7.502470E-02,1.877945E+03,3.340856E-01,3.820583E+03,5.436826E+03,7.502470E-02,4.244413E+03,7.502470E-02,0.000000E+00,0.000000E+00,5.687358E-02,1.423604E+03,2.423114E-01,2.773930E+03,4.126852E+03,1.226414E-01,5.126937E+03,5.687358E-02,0.000000E+00,0.000000E+00,3.373814E-02,8.445003E+02,1.502727E-01,1.718437E+03,2.535764E+03,7.660419E-02,3.153197E+03,3.373814E-02,0.000000E+00,0.000000E+00,5.687358E-02,1.423604E+03,2.438543E-01,2.791152E+03,4.151297E+03,1.235068E-01,5.152066E+03,5.687358E-02,0.000000E+00,0.000000E+00,3.373814E-02,8.445003E+02,1.564470E-01,1.787371E+03,2.609536E+03,7.714030E-02,3.168762E+03,3.373814E-02,0.000000E+00,0.000000E+00
04:10:00,7.502470E-02,1.880333E+03,3.337083E-01,3.813983E+03,5.429970E+03,7.502470E-02,4.244413E+03,7.502470E-02,0.000000E+00,0.000000E+00,5.687358E-02,1.425414E+03,2.415094E-01,2.763167E+03,4.115410E+03,1.226422E-01,5.126961E+03,5.687358E-02,0.000000E+00,0.000000E+00,3.373814E-02,8.455739E+02,1.496881E-01,1.710837E+03,2.527682E+03,7.660465E-02,3.153211E+03,3.373814E-02,0.000000E+00,0.000000E+00,5.687358E-02,1.425414E+03,2.430471E-01,2.780331E+03,4.139790E+03,1.235076E-01,5.152090E+03,5.687358E-02,0.000000E+00,0.000000E+00,3.373814E-02,8.455739E+02,1.557605E-01,1.778633E+03,2.600268E+03,7.714076E-02,3.168775E+03,3.373814E-02,0.000000E+00,0.000000E+00
04:20:00,7.502470E-02,1.882720E+03,3.333339E-01,3.807416E+03,5.423148E+03,7.502470E-02,4.244413E+03,7.502470E-02,0.000000E+00,0.000000E+00,5.687358E-02,1.427224E+03,2.407248E-01,2.752598E+03,4.104175E+03,1.226431E-01,5.126985E+03,5.687358E-02,0.000000E+00,0.000000E+00,3.373814E-02,8.466475E+02,1.491158E-01,1.703374E+03,2.519745E+03,7.660511E-02,3.153224E+03,3.373814E-02,0.000000E+00,0.000000E+00,5.687358E-02,1.427224E+03,2.422572E-01,2.769701E+03,4.128486E+03,1.235084E-01,5.152114E+03,5.687358E-02,0.000000E+00,0.000000E+00,3.373814E-02,8.466475E+02,1.550902E-01,1.770076E+03,2.591190E+03,7.714121E-02,3.168789E+03,3.373814E-02,0.000000E+00,0.000000E+00
04:30:00,7.502470E-02,1.885107E+03,3.329623E-01,3.800880E+03,5.416359E+03,7.502470E-02,4.244413E+03,7.502470E-02,0.000000E+00,0.000000E+00,5.687358E-02,1.429033E+03,2.399575E-01,2.742221E+03,4.093137E+03,1.226439E-01,5.127009E+03,5.687358E-02,0.000000E+00,0.000000E+00,3.373814E-02,8.477210E+02,1.485557E-01,1.696047E+03,2.511947E+03,7.660556E-02,3.153237E+03,3.373814E-02,0.000000E+00,0.000000E+00,5.687358E-02,1.429033E+03,2.414846E-01,2.759266E+03,4.117384E+03,1.235093E-01,5.152138E+03,5.687358E-02,0.000000E+00,0.000000E+00,3.373814E-02,8.477210E+02,1.544356E-01,1.761694E+03,2.582292E+03,7.714167E-02,3.168802E+03,3.373814E-02,0.000000E+00,0.000000E+00
04:40:00,7.502470E-02,1.887495E+03,3.325936E-01,3.794376E+03,5.409603E+03,7.502470E-02,4.244413E+03,7.502470E-02,0.000000E+00,0.000000E+00,5.687358E-02,1.430843E+03,2.392072E-01,2.732034E+03,4.082300E+03,1.226447E-01,5.127032E+03,5.687358E-02,0.000000E+00,0.000000E+00,3.373814E-02,8.487946E+02,1.480075E-01,1.688853E+03,2.504288E+03,7.660601E-02,3.153250E+03,3.373814E-02,0.000000E+00,0.000000E+00,5.687358E-02,1.430843E+03,2.407293E-01,2.749024E+03,4.106484E+03,1.235101E-01,5.152162E+03,5.687358E-02,0.000000E+00,0.000000E+00,3.373814E-02,8.487946E+02,1.537963E-01,1.753483E+03,2.573572E+03,7.714211E-02,3.168815E+03,3.373814E-02,0.000000E+00,0.000000E+00
04:50:00,7.502470E-02,1.889882E+03,3.322277E-01,3.787903E+03,5.402879E+03,7.502470E-02,4.244413E+03,7.502470E-02,0.000000E+00,0.000000E+00,5.687358E-02,1.432653E+03,2.384738E-01,2.722036E+03,4.071662E+03,1.226455E-01,5.127056E+03,5.687358E-02,0.000000E+00,0.000000E+00,3.373814E-02,8.498682E+02,1.474711E-01,1.681791E+03,2.496769E+03,7.660645E-02,3.153263E+03,3.373814E-02,0.000000E+00,0.000000E+00,5.687358E-02,1.432653E+03,2.399912E-01,2.738974E+03,4.095787E+03,1.235109E-01,5.152185E+03,5.687358E-02,0.000000E+00,0.000000E+00,3.373814E-02,8.498682E+02,1.531720E-01,1.745440E+03,2.565029E+03,7.714256E-02,3.168828E+03,3.373814E-02,0.000000E+00,0.000000E+00
05:00:00,7.502470E-02,1.892269E+03,3.318647E-01,3.781463E+03,5.396188E+03,7.502470E-02,4.244413E+03,7.502470E-02,0.000000E+00,0.000000E+00,5.687358E-02,1.434463E+03,2.377572E-01,2.712226E+03,4.061229E+03,1.226463E-01,5.127079E+03,5.687358E-02,0.000000E+00,0.000000E+00,3.373814E-02,8.509417E+02,1.469465E-01,1.674860E+03,2.489392E+03,7.660690E-02,3.153276E+03,3.373814E-02,0.000000E+00,0.000000E+00,5.687358E-02,1.434463E+03,2.392702E-01,2.729114E+03,4.085299E+03,1.235117E-01,5.152208E+03,5.687358E-02,0.000000E+00,0.000000E+00,3.373814E-02,8.509417E+02,1.525625E-01,1.737561E+03,2.556662E+03,7.714300E-02,3.168840E+03,3.373814E-02,0.000000E+00,0.000000E+00
05:10:00,7.502470E-02,1.889882E+03,3.315046E-01,3.779830E+03,5.394420E+03,7.502470E-02,4.244413E+03,7.502470E-02,0.000000E+00,0.000000E+00,5.687358E-02,1.432653E+03,2.370790E-01,2.706464E+03,4.055009E+03,1.226471E-01,5.127102E+03,5.687358E-02,0.000000E+00,0.000000E+00,3.373814E-02,8.498682E+02,1.464466E-01,1.670353E+03,2.484536E+03,7.660733E-02,3.153289E+03,3.373814E-02,0.000000E+00,0.000000E+00,5.687358E-02,1.432653E+03,2.385880E-01,2.723307E+03,4.079026E+03,1.235125E-01,5.152231E+03,5.687358E-02,0.000000E+00,0.000000E+00,3.373814E-02,8.498682E+02,1.519807E-01,1.732138E+03,2.550850E+03,7.714343E-02,3.168853E+03,3.373814E-02,0.000000E+00,0.000000E+00
05:20:00,7.502470E-02,1.887495E+03,3.311477E-01,3.778232E+03,5.392690E+03,7.502470E-02,4.244413E+03,7.502470E-02,0.000000E+00,0.000000E+00,5.687358E-02,1.430843E+03,2.364396E-01,2.701135E+03,4.049252E+03,1.226479E-01,5.127124E+03,5.687358E-02,0.000000E+00,0.000000E+00,3.373814E-02,8.487946E+02,1.459717E-01,1.666124E+03,2.479978E+03,7.660776E-02,3.153301E+03,3.373814E-02,0.000000E+00,0.000000E+00,5.687358E-02,1.430843E+03,2.379468E-01,2.717959E+03,4.073250E+03,1.235133E-01,5.152254E+03,5.687358E-02,0.000000E+00,0.000000E+00,3.373814E-02,8.487946E+02,1.514269E-01,1.727029E+03,2.545370E+03,7.714386E-02,3.168866E+03,3.373814E-02,0.000000E+00,0.000000E+00
05:30:00,7.502470E-02,1.885107E+03,3.307944E-01,3.776675E+03,5.391001E+03,7.502470E-02,4.244413E+03,7.502470E-02,0.000000E+00,0.000000E+00,5.687358E-02,1.429033E+03,2.358391E-01,2.696240E+03,4.043943E+03,1.226486E-01,5.127147E+03,5.687358E-02,0.000000E+00,0.000000E+00,3.373814E-02,8.477210E+02,1.455218E-01,1.662175E+03,2.475705E+03,7.660819E-02,3.153314E+03,3.373814E-02,0.000000E+00,0.000000E+00,5.687358E-02,1.429033E+03,2.373464E-01,2.713064E+03,4.067941E+03,1.235140E-01,5.152277E+03,5.687358E-02,0.000000E+00,0.000000E+00,3.373814E-02,8.477210E+02,1.509012E-01,1.722233E+03,2.540210E+03,7.714429E-02,3.168878E+03,3.373814E-02,0.000000E+00,0.000000E+00
05:40:00,7.502470E-02,1.882720E+03,3.304451E-01,3.775162E+03,5.389358E+03,7.502470E-02,4.244413E+03,7.502470E-02,0.000000E+00,0.000000E+00,5.687358E-02,1.427224E+03,2.352782E-01,2.691788E+03,4.039100E+03,1.226494E-01,5.127169E+03,5.687358E-02,0.000000E+00,0.000000E+00,3.373814E-02,8.466475E+02,1.450975E-01,1.658511E+03,2.471732E+03,7.660861E-02,3.153326E+03,3.373814E-02,0.000000E+00,0.000000E+00,5.687358E-02,1.427224E+03,2.367872E-01,2.708631E+03,4.063117E+03,1.235148E-01,5.152299E+03,5.687358E-02,0.000000E+00,0.000000E+00,3.373814E-02,8.466475E+02,1.504038E-01,1.717754E+03,2.535380E+03,7.714471E-02,3.168890E+03,3.373814E-02,0.000000E+00,0.000000E+00
05:50:00,7.502470E-02,1.880333E+03,3.301008E-01,3.773705E+03,5.387776E+03,7.502470E-02,4.244413E+03,7.502470E-02,0.000000E+00,0.000000E+00,5.687358E-02,1.425414E+03,2.348181E-01,2.688461E+03,4.035583E+03,1.226502E-01,5.127191E+03,5.687358E-02,0.000000E+00,0.000000E+00,3.373814E-02,8.455739E+02,1.447505E-01,1.655710E+03,2.468784E+03,7.660903E-02,3.153338E+03,3.373814E-02,0.000000E+00,0.000000E+00,5.687358E-02,1.425414E+03,2.363393E-01,2.705440E+03,4.059763E+03,1.235156E-01,5.152321E+03,5.687358E-02,0.000000E+00,0.000000E+00,3.373814E-02,8.455739E+02,1.499683E-01,1.713964E+03,2.531350E+03,7.714513E-02,3.168902E+03,3.373814E-02,0.000000E+00,0.000000E+00
06:00:00,7.502470E-02,1.877945E+03,3.297662E-01,3.772357E+03,5.386315E+03,7.502470E-02,4.244413E+03,7.502470E-02,0.000000E+00,0.000000E+00,5.687358E-02,1.423604E+03,2.344987E-01,2.686705E+03,4.033866E+03,1.226509E-01,5.127213E+03,5.687358E-02,0.000000E+00,0.000000E+00,3.373814E-02,8.445003E+02,1.447247E-01,1.656496E+03,2.470158E+03,7.660945E-02,3.153350E+03,3.373814E-02,0.000000E+00,0.000000E+00,5.687358E-02,1.423604E+03,2.361891E-01,2.705572E+03,4.060367E+03,1.235163E-01,5.152343E+03,5.687358E-02,0.000000E+00,0.000000E+00,3.373814E-02,8.445003E+02,1.496161E-01,1.711106E+03,2.528374E+03,7.714554E-02,3.168914E+03,3.373814E-02,0.000000E+00,0.000000E+00
06:10:00,7.502470E-02,1.869590E+03,3.294539E-01,3.777226E+03,5.391239E+03,7.502470E-02,4.244413E+03,7.502470E-02,0.000000E+00,0.000000E+00,5.687358E-02,1.417270E+03,2.343724E-01,2.691628E+03,4.039215E+03,1.226516E-01,5.127234E+03,5.687358E-02,0.000000E+00,0.000000E+00,3.373814E-02,8.407429E+02,1.454854E-01,1.668745E+03,2.484608E+03,7.660986E-02,3.153362E+03,3.373814E-02,0.000000E+00,0.000000E+00,5.687358E-02,1.417270E+03,2.366277E-01,2.716802E+03,4.073261E+03,1.235171E-01,5.152365E+03,5.687358E-02,0.000000E+00,0.000000E+00,3.373814E-02,8.407429E+02,1.493783E-01,1.712209E+03,2.529576E+03,7.714595E-02,3.168926E+03,3.373814E-02,0.000000E+00,0.000000E+00
06:20:00,7.502470E-02,1.861234E+03,3.291844E-01,3.782572E+03,5.396692E+03,7.502470E-02,4.244413E+03,7.502470E-02,0.000000E+00,0.000000E+00,5.687358E-02,1.410936E+03,2.344900E-01,2.699274E+03,4.047566E+03,1.226524E-01,5.127256E+03,5.687358E-02,0.000000E+00,0.000000E+00,3.373814E-02,8.369854E+02,1.473322E-01,1.693119E+03,2.512565E+03,7.661026E-02,3.153374E+03,3.373814E-02,0.000000E+00,0.000000E+00,5.687358E-02,1.410936E+03,2.377914E-01,2.736127E+03,4.095085E+03,1.235178E-01,5.152386E+03,5.687358E-02,0.000000E+00,0.000000E+00,3.373814E-02,8.369854E+02,1.492809E-01,1.714878E+03,2.532484E+03,7.714636E-02,3.168938E+03,3.373814E-02,0.000000E+00,0.000000E+00
06:30:00,7.502470E-02,1.852878E+03,3.289805E-01,3.788651E+03,5.402939E+03,7.502470E-02,4.244413E+03,7.502470E-02,0.000000E+00,0.000000E+00,5.687358E-02,1.404602E+03,2.348785E-01,2.709945E+03,4.059203E+03,1.226531E-01,5.127277E+03,5.687358E-02,0.000000E+00,0.000000E+00,3.373814E-02,8.332279E+02,1.502152E-01,1.729061E+03,2.552528E+03,7.661067E-02,3.153385E+03,3.373814E-02,0.000000E+00,0.000000E+00,5.687358E-02,1.404602E+03,2.395724E-01,2.762342E+03,4.123978E+03,1.235185E-01,5.152408E+03,5.687358E-02,0.000000E+00,0.000000E+00,3.373814E-02,8.332279E+02,1.493369E-01,1.719260E+03,2.537227E+03,7.714676E-02,3.168950E+03,3.373814E-02,0.000000E+00,0.000000E+00
06:40:00,7.502470E-02,1.844523E+03,3.288616E-01,3.795679E+03,5.410206E+03,7.502470E-02,4.244413E+03,7.502470E-02,0.000000E+00,0.000000E+00,5.687358E-02,1.398268E+03,2.355684E-01,2.723980E+03,4.074541E+03,1.226538E-01,5.127298E+03,5.687358E-02,0.000000E+00,0.000000E+00,3.373814E-02,8.294704E+02,1.541944E-01,1.777240E+03,2.605342E+03,7.661107E-02,3.153397E+03,3.373814E-02,0.000000E+00,0.000000E+00,5.687358E-02,1.398268E+03,2.419384E-01,2.795089E+03,4.159758E+03,1.235193E-01,5.152429E+03,5.687358E-02,0.000000E+00,0.000000E+00,3.373814E-02,8.294704E+02,1.495600E-01,1.725508E+03,2.544002E+03,7.714716E-02,3.168961E+03,3.373814E-02,0.000000E+00,0.000000E+00
06:50:00,7.502470E-02,1.836167E+03,3.288432E-01,3.803830E+03,5.418670E+03,7.502470E-02,4.244413E+03,7.502470E-02,0.000000E+00,0.000000E+00,5.687358E-02,1.391934E+03,2.365268E-01,2.741013E+03,4.093147E+03,1.226546E-01,5.127319E+03,5.687358E-02,0.000000E+00,0.000000E+00,3.373814E-02,8.257129E+02,1.592629E-01,1.837578E+03,2.671154E+03,7.661146E-02,3.153409E+03,3.373814E-02,0.000000E+00,0.000000E+00,5.687358E-02,1.391934E+03,2.447876E-01,2.833230E+03,4.201416E+03,1.235200E-01,5.152450E+03,5.687358E-02,0.000000E+00,0.000000E+00,3.373814E-02,8.257129E+02,1.499282E-01,1.733376E+03,2.552530E+03,7.714755E-02,3.168973E+03,3.373814E-02,0.000000E+00,0.000000E+00
07:00:00,7.502470E-02,1.827812E+03,3.289334E-01,3.813192E+03,5.428422E+03,7.502470E-02,4.244413E+03,7.502470E-02,0.000000E+00,0.000000E+00,5.687358E-02,1.385600E+03,2.377776E-01,2.761310E+03,4.115375E+03,1.226553E-01,5.127339E+03,5.687358E-02,0.000000E+00,0.000000E+00,3.373814E-02,8.219555E+02,1.654868E-01,1.910816E+03,2.751063E+03,7.661186E-02,3.153420E+03,3.373814E-02,0.000000E+00,0.000000E+00,5.687358E-02,1.385600E+03,2.480500E-01,2.875984E+03,4.248311E+03,1.235207E-01,5.152470E+03,5.687358E-02,0.000000E+00,0.000000E+00,3.373814E-02,8.219555E+02,1.504519E-01,1.742979E+03,2.562978E+03,7.714795E-02,3.168984E+03,3.373814E-02,0.000000E+00,0.000000E+00
07:10:00,7.502470E-02,1.807519E+03,3.291117E-01,3.835485E+03,5.451410E+03,7.502470E-02,4.244413E+03,7.502470E-02,0.000000E+00,0.000000E+00,5.687358E-02,1.370217E+03,2.389518E-01,2.789812E+03,4.141451E+03,1.201937E-01,5.055874E+03,5.687358E-02,0.000000E+00,0.000000E+00,3.373814E-02,8.128302E+02,1.719799E-01,1.992435E+03,2.834321E+03,7.497074E-02,3.105774E+03,3.373814E-02,0.000000E+00,0.000000E+00,5.687358E-02,1.370217E+03,2.508863E-01,2.923041E+03,4.293776E+03,1.209454E-01,5.077703E+03,5.687358E-02,0.000000E+00,0.000000E+00,3.373814E-02,8.128302E+02,1.508835E-01,1.756929E+03,2.574645E+03,7.550683E-02,3.121338E+03,3.373814E-02,0.000000E+00,0.000000E+00
07:20:00,7.502470E-02,1.787227E+03,3.293802E-01,3.858796E+03,5.475498E+03,7.502470E-02,4.244413E+03,7.502470E-02,0.000000E+00,0.000000E+00,5.687358E-02,1.354834E+03,2.403345E-01,2.820654E+03,4.156163E+03,1.177295E-01,4.984330E+03,5.687358E-02,0.000000E+00,0.000000E+00,3.373814E-02,8.037048E+02,1.786252E-01,2.075766E+03,2.908370E+03,7.332784E-02,3.058075E+03,3.373814E-02,0.000000E+00,0.000000E+00,5.687358E-02,1.354834E+03,2.533681E-01,2.966156E+03,4.319705E+03,1.183672E-01,5.002850E+03,5.687358E-02,0.000000E+00,0.000000E+00,3.373814E-02,8.037048E+02,1.514180E-01,1.772036E+03,2.577486E+03,7.386394E-02,3.073639E+03,3.373814E-02,0.000000E+00,0.000000E+00
07:30:00,7.502470E-02,1.766935E+03,3.297170E-01,3.882870E+03,5.500345E+03,7.502470E-02,4.244413E+03,7.502470E-02,0.000000E+00,0.000000E+00,5.687358E-02,1.339451E+03,2.419186E-01,2.853747E+03,4.170019E+03,1.152655E-01,4.912793E+03,5.687358E-02,0.000000E+00,0.000000E+00,3.373814E-02,7.945795E+02,1.854483E-01,2.161088E+03,2.977831E+03,7.168513E-02,3.010380E+03,3.373814E-02,0.000000E+00,0.000000E+00,5.687358E-02,1.339451E+03,2.555329E-01,3.005735E+03,4.337195E+03,1.157894E-01,4.928006E+03,5.687358E-02,0.000000E+00,0.000000E+00,3.373814E-02,7.945795E+02,1.520530E-01,1.788266E+03,2.579691E+03,7.222123E-02,3.025945E+03,3.373814E-02,0.000000E+00,0.000000E+00
07:40:00,7.502470E-02,1.746642E+03,3.300959E-01,3.907415E+03,5.525675E+03,7.502470E-02,4.244413E+03,7.502470E-02,0.000000E+00,0.000000E+00,5.687358E-02,1.324068E+03,2.436868E-01,2.888898E+03,4.191410E+03,1.128001E-01,4.841212E+03,5.687358E-02,0.000000E+00,0.000000E+00,3.373814E-02,7.854542E+02,1.923498E-01,2.247290E+03,3.053543E+03,7.004146E-02,2.962658E+03,3.373814E-02,0.000000E+00,0.000000E+00,5.687358E-02,1.324068E+03,2.573599E-01,3.041548E+03,4.356992E+03,1.132101E-01,4.853117E+03,5.687358E-02,0.000000E+00,0.000000E+00,3.373814E-02,7.854542E+02,1.527820E-01,1.805548E+03,2.587044E+03,7.057755E-02,2.978222E+03,3.373814E-02,0.000000E+00,0.000000E+00
07:50:00,7.502470E-02,1.726350E+03,3.304939E-01,3.932172E+03,5.551208E+03,7.502470E-02,4.244413E+03,7.502470E-02,0.000000E+00,0.000000E+00,5.687358E-02,1.308685E+03,2.456265E-01,2.925966E+03,4.219041E+03,1.103337E-01,4.769599E+03,5.687358E-02,0.000000E+00,0.000000E+00,3.373814E-02,7.763289E+02,1.992388E-01,2.333358E+03,3.133251E+03,6.839709E-02,2.914914E+03,3.373814E-02,0.000000E+00,0.000000E+00,5.687358E-02,1.308685E+03,2.588553E-01,3.073658E+03,4.377796E+03,1.106296E-01,4.778195E+03,5.687358E-02,0.000000E+00,0.000000E+00,3.373814E-02,7.763289E+02,1.536032E-01,1.823860E+03,2.598581E+03,6.893318E-02,2.930478E+03,3.373814E-02,0.000000E+00,0.000000E+00
08:00:00,7.502470E-02,1.706058E+03,3.308921E-01,3.956933E+03,5.576724E+03,7.502470E-02,4.244413E+03,7.502470E-02,0.000000E+00,0.000000E+00,5.687358E-02,1.293302E+03,2.476868E-01,2.964380E+03,4.250890E+03,1.078662E-01,4.697959E+03,5.687358E-02,0.000000E+00,0.000000E+00,3.373814E-02,7.672036E+02,2.057698E-01,2.415432E+03,3.211208E+03,6.675210E-02,2.867152E+03,3.373814E-02,0.000000E+00,0.000000E+00,5.687358E-02,1.293302E+03,2.598987E-01,3.100725E+03,4.396339E+03,1.080482E-01,4.703244E+03,5.687358E-02,0.000000E+00,0.000000E+00,3.373814E-02,7.672036E+02,1.544942E-01,1.842952E+03,2.612960E+03,6.728817E-02,2.882715E+03,3.373814E-02,0.000000E+00,0.000000E+00
08:10:00,7.502470E-02,1.683378E+03,3.312998E-01,3.984177E+03,5.604792E+03,7.502470E-02,4.244413E+03,7.502470E-02,0.000000E+00,0.000000E+00,5.687358E-02,1.276110E+03,2.501769E-01,3.009395E+03,4.292162E+03,1.078602E-01,4.697777E+03,5.687358E-02,0.000000E+00,0.000000E+00,3.373814E-02,7.570048E+02,2.123288E-01,2.498885E+03,3.292727E+03,6.674804E-02,2.867029E+03,3.373814E-02,0.000000E+00,0.000000E+00,5.687358E-02,1.276110E+03,2.611883E-01,3.132338E+03,4.422622E+03,1.080419E-01,4.703054E+03,5.687358E-02,0.000000E+00,0.000000E+00,3.373814E-02,7.570048E+02,1.556691E-01,1.866282E+03,2.633523E+03,6.728410E-02,2.882592E+03,3.373814E-02,0.000000E+00,0.000000E+00
08:20:00,7.502470E-02,1.660699E+03,3.316951E-01,4.011276E+03,5.632787E+03,7.502470E-02,4.244413E+03,7.502470E-02,0.000000E+00,0.000000E+00,5.687358E-02,1.258917E+03,2.527614E-01,3.055455E+03,4.337787E+03,1.078560E-01,4.697649E+03,5.687358E-02,0.000000E+00,0.000000E+00,3.373814E-02,7.468059E+02,2.186893E-01,2.580116E+03,3.375377E+03,6.674524E-02,2.866944E+03,3.373814E-02,0.000000E+00,0.000000E+00,5.687358E-02,1.258917E+03,2.625624E-01,3.164887E+03,4.453118E+03,1.080376E-01,4.702923E+03,5.687358E-02,0.000000E+00,0.000000E+00,3.373814E-02,7.468059E+02,1.569110E-01,1.890354E+03,2.656881E+03,6.728127E-02,2.882505E+03,3.373814E-02,0.000000E+00,0.000000E+00
08:30:00,7.502470E-02,1.638019E+03,3.320999E-01,4.038486E+03,5.660826E+03,7.502470E-02,4.244413E+03,7.502470E-02,0.000000E+00,0.000000E+00,5.687358E-02,1.241725E+03,2.554378E-01,3.102544E+03,4.384560E+03,1.078508E-01,4.697493E+03,5.687358E-02,0.000000E+00,0.000000E+00,3.373814E-02,7.366070E+02,2.248312E-01,2.658904E+03,3.454833E+03,6.674177E-02,2.866839E+03,3.373814E-02,0.000000E+00,0.000000E+00,5.687358E-02,1.241725E+03,2.641412E-01,3.199721E+03,4.486377E+03,1.080322E-01,4.702761E+03,5.687358E-02,0.000000E+00,0.000000E+00,3.373814E-02,7.366070E+02,1.582247E-01,1.915229E+03,2.681247E+03,6.727778E-02,2.882400E+03,3.373814E-02,0.000000E+00,0.000000E+00
08:40:00,7.502470E-02,1.615340E+03,3.325301E-01,4.065979E+03,5.689054E+03,7.502470E-02,4.244413E+03,7.502470E-02,0.000000E+00,0.000000E+00,5.687358E-02,1.224532E+03,2.582655E-01,3.151319E+03,4.432265E+03,1.078464E-01,4.697360E+03,5.687358E-02,0.000000E+00,0.000000E+00,3.373814E-02,7.264082E+02,2.308874E-01,2.736734E+03,3.531998E+03,6.673882E-02,2.866750E+03,3.373814E-02,0.000000E+00,0.000000E+00,5.687358E-02,1.224532E+03,2.660547E-01,3.238290E+03,4.523177E+03,1.080277E-01,4.702624E+03,5.687358E-02,0.000000E+00,0.000000E+00,3.373814E-02,7.264082E+02,1.596470E-01,1.941315E+03,2.706521E+03,6.727481E-02,2.882310E+03,3.373814E-02,0.000000E+00,0.000000E+00
08:50:00,7.502470E-02,1.592660E+03,3.330034E-01,4.093953E+03,5.717798E+03,7.502470E-02,4.244413E+03,7.502470E-02,0.000000E+00,0.000000E+00,5.687358E-02,1.207339E+03,2.611733E-01,3.200990E+03,4.481654E+03,1.078425E-01,4.697241E+03,5.687358E-02,0.000000E+00,0.000000E+00,3.373814E-02,7.162093E+02,2.367232E-01,2.812104E+03,3.607484E+03,6.673616E-02,2.866669E+03,3.373814E-02,0.000000E+00,0.000000E+00,5.687358E-02,1.207339E+03,2.682809E-01,3.280351E+03,4.564571E+03,1.080236E-01,4.702501E+03,5.687358E-02,0.000000E+00,0.000000E+00,3.373814E-02,7.162093E+02,1.611440E-01,1.968235E+03,2.733152E+03,6.727214E-02,2.882230E+03,3.373814E-02,0.000000E+00,0.000000E+00
09:00:00,7.502470E-02,1.569980E+03,3.335343E-01,4.122570E+03,5.747232E+03,7.502470E-02,4.244413E+03,7.502470E-02,0.000000E+00,0.000000E+00,5.687358E-02,1.190147E+03,2.641409E-01,3.251328E+03,4.532327E+03,1.078389E-01,4.697134E+03,5.687358E-02,0.000000E+00,0.000000E+00,3.373814E-02,7.060104E+02,2.422792E-01,2.884350E+03,3.680435E+03,6.673377E-02,2.866597E+03,3.373814E-02,0.000000E+00,0.000000E+00,5.687358E-02,1.190147E+03,2.708145E-01,3.325843E+03,4.610364E+03,1.080199E-01,4.702391E+03,5.687358E-02,0.000000E+00,0.000000E+00,3.373814E-02,7.060104E+02,1.627078E-01,1.995901E+03,2.760935E+03,6.726974E-02,2.882157E+03,3.373814E-02,0.000000E+00,0.000000E+00
09:10:00,7.502470E-02,1.549688E+03,3.341278E-01,4.149500E+03,5.774974E+03,7.502470E-02,4.244413E+03,7.502470E-02,0.000000E+00,0.000000E+00,5.687358E-02,1.174764E+03,2.671417E-01,3.300226E+03,4.581975E+03,1.078357E-01,4.697038E+03,5.687358E-02,0.000000E+00,0.000000E+00,3.373814E-02,6.968851E+02,2.475007E-01,2.951787E+03,3.748968E+03,6.673161E-02,2.866532E+03,3.373814E-02,0.000000E+00,0.000000E+00,5.687358E-02,1.174764E+03,2.734718E-01,3.370905E+03,4.656217E+03,1.080166E-01,4.702291E+03,5.687358E-02,0.000000E+00,0.000000E+00,3.373814E-02,6.968851E+02,1.643252E-01,2.023092E+03,2.788519E+03,6.726757E-02,2.882092E+03,3.373814E-02,0.000000E+00,0.000000E+00
09:20:00,7.502470E-02,1.529396E+03,3.347882E-01,4.177169E+03,5.803517E+03,7.502470E-02,4.244413E+03,7.502470E-02,0.000000E+00,0.000000E+00,5.687358E-02,1.159381E+03,2.701677E-01,3.349400E+03,4.632243E+03,1.078329E-01,4.696953E+03,5.687358E-02,0.000000E+00,0.000000E+00,3.373814E-02,6.877598E+02,2.523552E-01,3.015120E+03,3.813629E+03,6.672966E-02,2.866474E+03,3.373814E-02,0.000000E+00,0.000000E+00,5.687358E-02,1.159381E+03,2.761894E-01,3.416636E+03,4.703076E+03,1.080136E-01,4.702203E+03,5.687358E-02,0.000000E+00,0.000000E+00,3.373814E-02,6.877598E+02,1.659866E-01,2.050770E+03,2.816808E+03,6.726562E-02,2.882034E+03,3.373814E-02,0.000000E+00,0.000000E+00
09:30:00,7.502470E-02,1.509104E+03,3.354958E-01,4.205362E+03,5.832613E+03,7.502470E-02,4.244413E+03,7.502470E-02,0.000000E+00,0.000000E+00,5.687358E-02,1.143998E+03,2.731988E-01,3.398628E+03,4.682790E+03,1.078303E-01,4.696876E+03,5.687358E-02,0.000000E+00,0.000000E+00,3.373814E-02,6.786345E+02,2.568127E-01,3.074018E+03,3.873951E+03,6.672793E-02,2.866422E+03,3.373814E-02,0.000000E+00,0.000000E+00,5.687358E-02,1.143998E+03,2.789269E-01,3.462585E+03,4.750359E+03,1.080110E-01,4.702123E+03,5.687358E-02,0.000000E+00,0.000000E+00,3.373814E-02,6.786345E+02,1.676860E-01,2.078871E+03,2.845680E+03,6.726388E-02,2.881981E+03,3.373814E-02,0.000000E+00,0.000000E+00
09:40:00,7.502470E-02,1.488811E+03,3.362440E-01,4.234009E+03,5.862187E+03,7.502470E-02,4.244413E+03,7.502470E-02,0.000000E+00,0.000000E+00,5.687358E-02,1.128615E+03,2.761604E-01,3.447079E+03,4.732588E+03,1.078280E-01,4.696808E+03,5.687358E-02,0.000000E+00,0.000000E+00,3.373814E-02,6.695092E+02,2.605811E-01,3.125220E+03,3.926326E+03,6.672638E-02,2.866376E+03,3.373814E-02,0.000000E+00,0.000000E+00,5.687358E-02,1.128615E+03,2.815922E-01,3.507728E+03,4.796818E+03,1.080086E-01,4.702053E+03,5.687358E-02,0.000000E+00,0.000000E+00,3.373814E-02,6.695092E+02,1.693721E-01,2.106822E+03,2.874429E+03,6.726233E-02,2.881935E+03,3.373814E-02,0.000000E+00,0.000000E+00
09:50:00,7.502470E-02,1.468519E+03,3.370236E-01,4.263006E+03,5.892124E+03,7.502470E-02,4.244413E+03,7.502470E-02,0.000000E+00,0.000000E+00,5.687358E-02,1.113233E+03,2.791074E-01,3.495367E+03,4.782305E+03,1.078260E-01,4.696748E+03,5.687358E-02,0.000000E+00,0.000000E+00,3.373814E-02,6.603839E+02,2.636672E-01,3.168805E+03,3.971015E+03,6.672500E-02,2.866334E+03,3.373814E-02,0.000000E+00,0.000000E+00,5.687358E-02,1.113233E+03,2.842410E-01,3.552687E+03,4.843150E+03,1.080066E-01,4.701991E+03,5.687358E-02,0.000000E+00,0.000000E+00,3.373814E-02,6.603839E+02,1.710764E-01,2.134978E+03,2.903445E+03,6.726095E-02,2.881894E+03,3.373814E-02,0.000000E+00,0.000000E+00
10:00:00,7.502470E-02,1.448227E+03,3.378264E-01,4.292262E+03,5.922325E+03,7.502470E-02,4.244413E+03,7.502470E-02,0.000000E+00,0.000000E+00,5.687358E-02,1.097850E+03,2.820434E-01,3.543532E+03,4.831952E+03,1.078242E-01,4.696695E+03,5.687358E-02,0.000000E+00,0.000000E+00,3.373814E-02,6.512586E+02,2.660597E-01,3.204645E+03,4.007939E+03,6.672377E-02,2.866298E+03,3.373814E-02,0.000000E+00,0.000000E+00,5.687358E-02,1.097850E+03,2.868665E-01,3.597385E+03,4.889237E+03,1.080047E-01,4.701936E+03,5.687358E-02,0.000000E+00,0.000000E+00,3.373814E-02,6.512586E+02,1.727889E-01,2.163224E+03,2.932580E+03,6.725972E-02,2.881857E+03,3.373814E-02,0.000000E+00,0.000000E+00
10:10:00,7.502470E-02,1.430322E+03,3.386539E-01,4.319401E+03,5.950873E+03,7.502470E-02,4.244413E+03,7.502470E-02,0.000000E+00,0.000000E+00,5.687358E-02,1.084277E+03,2.849657E-01,3.589730E+03,4.881738E+03,1.078227E-01,4.696648E+03,5.687358E-02,0.000000E+00,0.000000E+00,3.373814E-02,6.432068E+02,2.677301E-01,3.231345E+03,4.036224E+03,6.672269E-02,2.866266E+03,3.373814E-02,0.000000E+00,0.000000E+00,5.687358E-02,1.084277E+03,2.894766E-01,3.640096E+03,4.935164E+03,1.080031E-01,4.701887E+03,5.687358E-02,0.000000E+00,0.000000E+00,3.373814E-02,6.432068E+02,1.745106E-01,2.190497E+03,2.961943E+03,6.725864E-02,2.881825E+03,3.373814E-02,0.000000E+00,0.000000E+00
10:20:00,7.502470E-02,1.412417E+03,3.394824E-01,4.346553E+03,5.979300E+03,7.502470E-02,4.244413E+03,7.502470E-02,0.000000E+00,0.000000E+00,5.687358E-02,1.070704E+03,2.878625E-01,3.635644E+03,4.930692E+03,1.078213E-01,4.696607E+03,5.687358E-02,0.000000E+00,0.000000E+00,3.373814E-02,6.351551E+02,2.686506E-01,3.249672E+03,4.055528E+03,6.672174E-02,2.866237E+03,3.373814E-02,0.000000E+00,0.000000E+00,5.687358E-02,1.070704E+03,2.920603E-01,3.682514E+03,4.980306E+03,1.080017E-01,4.701845E+03,5.687358E-02,0.000000E+00,0.000000E+00,3.373814E-02,6.351551E+02,1.762315E-01,2.217762E+03,2.990983E+03,6.725769E-02,2.881796E+03,3.373814E-02,0.000000E+00,0.000000E+00
10:30:00,7.502470E-02,1.394512E+03,3.403178E-01,4.373786E+03,6.007343E+03,7.502470E-02,4.244413E+03,7.502470E-02,0.000000E+00,0.000000E+00,5.687358E-02,1.057130E+03,2.907408E-01,3.681355E+03,4.977505E+03,1.078201E-01,4.696572E+03,5.687358E-02,0.000000E+00,0.000000E+00,3.373814E-02,6.271034E+02,2.688073E-01,3.259475E+03,4.065423E+03,6.672090E-02,2.866212E+03,3.373814E-02,0.000000E+00,0.000000E+00,5.687358E-02,1.057130E+03,2.946116E-01,3.724574E+03,5.023377E+03,1.080004E-01,4.701808E+03,5.687358E-02,0.000000E+00,0.000000E+00,3.373814E-02,6.271034E+02,1.779437E-01,2.244931E+03,3.018810E+03,6.725685E-02,2.881771E+03,3.373814E-02,0.000000E+00,0.000000E+00
10:40:00,7.502470E-02,1.376607E+03,3.411549E-01,4.401037E+03,6.035231E+03,7.502470E-02,4.244413E+03,7.502470E-02,0.000000E+00,0.000000E+00,5.687358E-02,1.043557E+03,2.935949E-01,3.726795E+03,5.023414E+03,1.078191E-01,4.696541E+03,5.687358E-02,0.000000E+00,0.000000E+00,3.373814E-02,6.190516E+02,2.683090E-01,3.261963E+03,4.067757E+03,6.672016E-02,2.866190E+03,3.373814E-02,0.000000E+00,0.000000E+00,5.687358E-02,1.043557E+03,2.971380E-01,3.766356E+03,5.065629E+03,1.079994E-01,4.701776E+03,5.687358E-02,0.000000E+00,0.000000E+00,3.373814E-02,6.190516E+02,1.796492E-01,2.272025E+03,3.046211E+03,6.725612E-02,2.881749E+03,3.373814E-02,0.000000E+00,0.000000E+00
10:50:00,7.502470E-02,1.358702E+03,3.419984E-01,4.428356E+03,6.063880E+03,7.502470E-02,4.244413E+03,7.502470E-02,0.000000E+00,0.000000E+00,5.687358E-02,1.029984E+03,2.964241E-01,3.771953E+03,5.071664E+03,1.078182E-01,4.696514E+03,5.687358E-02,0.000000E+00,0.000000E+00,3.373814E-02,6.109999E+02,2.672479E-01,3.258164E+03,4.063351E+03,6.671952E-02,2.866171E+03,3.373814E-02,0.000000E+00,0.000000E+00,5.687358E-02,1.029984E+03,2.996322E-01,3.807773E+03,5.109794E+03,1.079984E-01,4.701748E+03,5.687358E-02,0.000000E+00,0.000000E+00,3.373814E-02,6.109999E+02,1.813398E-01,2.298950E+03,3.074960E+03,6.725547E-02,2.881730E+03,3.373814E-02,0.000000E+00,0.000000E+00
11:00:00,7.502470E-02,1.340797E+03,3.428277E-01,4.455516E+03,6.092234E+03,7.502470E-02,4.244413E+03,7.502470E-02,0.000000E+00,0.000000E+00,5.687358E-02,1.016411E+03,2.992072E-01,3.816597E+03,5.118907E+03,1.078174E-01,4.696491E+03,5.687358E-02,0.000000E+00,0.000000E+00,3.373814E-02,6.029481E+02,2.656395E-01,3.248255E+03,4.052803E+03,6.671896E-02,2.866154E+03,3.373814E-02,0.000000E+00,0.000000E+00,5.687358E-02,1.016411E+03,3.020875E-01,3.848758E+03,5.153097E+03,1.079976E-01,4.701724E+03,5.687358E-02,0.000000E+00,0.000000E+00,3.373814E-02,6.029481E+02,1.830091E-01,2.325638E+03,3.103181E+03,6.725492E-02,2.881714E+03,3.373814E-02,0.000000E+00,0.000000E+00
11:10:00,7.502470E-02,1.328861E+03,3.436435E-01,4.476566E+03,6.113790E+03,7.502470E-02,4.244413E+03,7.502470E-02,0.000000E+00,0.000000E+00,5.687358E-02,1.007362E+03,3.019318E-01,3.856072E+03,5.158855E+03,1.078168E-01,4.696471E+03,5.687358E-02,0.000000E+00,0.000000E+00,3.373814E-02,5.975803E+02,2.634988E-01,3.229726E+03,4.033894E+03,6.671847E-02,2.866140E+03,3.373814E-02,0.000000E+00,0.000000E+00,5.687358E-02,1.007362E+03,3.044744E-01,3.884462E+03,5.189233E+03,1.079969E-01,4.701703E+03,5.687358E-02,0.000000E+00,0.000000E+00,3.373814E-02,5.975803E+02,1.846362E-01,2.349176E+03,3.126998E+03,6.725443E-02,2.881699E+03,3.373814E-02,0.000000E+00,0.000000E+00
11:20:00,7.502470E-02,1.316924E+03,3.444684E-01,4.497713E+03,6.135968E+03,7.502470E-02,4.244413E+03,7.502470E-02,0.000000E+00,0.000000E+00,5.687358E-02,9.983136E+02,3.046237E-01,3.895176E+03,5.200282E+03,1.078162E-01,4.696455E+03,5.687358E-02,0.000000E+00,0.000000E+00,3.373814E-02,5.922125E+02,2.608678E-01,3.205717E+03,4.008245E+03,6.671805E-02,2.866127E+03,3.373814E-02,0.000000E+00,0.000000E+00,5.687358E-02,9.983136E+02,3.068157E-01,3.919651E+03,5.226455E+03,1.079963E-01,4.701686E+03,5.687358E-02,0.000000E+00,0.000000E+00,3.373814E-02,5.922125E+02,1.862340E-01,2.372383E+03,3.151560E+03,6.725401E-02,2.881687E+03,3.373814E-02,0.000000E+00,0.000000E+00
11:30:00,7.502470E-02,1.304987E+03,3.452824E-01,4.518728E+03,6.157656E+03,7.502470E-02,4.244413E+03,7.502470E-02,0.000000E+00,0.000000E+00,5.687358E-02,9.892649E+02,3.072632E-01,3.933685E+03,5.239886E+03,1.078157E-01,4.696441E+03,5.687358E-02,0.000000E+00,0.000000E+00,3.373814E-02,5.868447E+02,2.577827E-01,3.176631E+03,3.978176E+03,6.671769E-02,2.866116E+03,3.373814E-02,0.000000E+00,0.000000E+00,5.687358E-02,9.892649E+02,3.090914E-01,3.954098E+03,5.261869E+03,1.079958E-01,4.701671E+03,5.687358E-02,0.000000E+00,0.000000E+00,3.373814E-02,5.868447E+02,1.877898E-01,2.395116E+03,3.174927E+03,6.725365E-02,2.881676E+03,3.373814E-02,0.000000E+00,0.000000E+00
11:40:00,7.502470E-02,1.293051E+03,3.460832E-01,4.539595E+03,6.178798E+03,7.502470E-02,4.244413E+03,7.502470E-02,0.000000E+00,0.000000E+00,5.687358E-02,9.802162E+02,3.098441E-01,3.971541E+03,5.277482E+03,1.078153E-01,4.696429E+03,5.687358E-02,0.000000E+00,0.000000E+00,3.373814E-02,5.814768E+02,2.543990E-01,3.144211E+03,3.945428E+03,6.671738E-02,2.866107E+03,3.373814E-02,0.000000E+00,0.000000E+00,5.687358E-02,9.802162E+02,3.112964E-01,3.987756E+03,5.295324E+03,1.079954E-01,4.701658E+03,5.687358E-02,0.000000E+00,0.000000E+00,3.373814E-02,5.814768E+02,1.893000E-01,2.417340E+03,3.196999E+03,6.725334E-02,2.881667E+03,3.373814E-02,0.000000E+00,0.000000E+00
11:50:00,7.502470E-02,1.281114E+03,3.468635E-01,4.560238E+03,6.199823E+03,7.502470E-02,4.244413E+03,7.502470E-02,0.000000E+00,0.000000E+00,5.687358E-02,9.711674E+02,3.123584E-01,4.008658E+03,5.314842E+03,1.078150E-01,4.696419E+03,5.687358E-02,0.000000E+00,0.000000E+00,3.373814E-02,5.761090E+02,2.512178E-01,3.114055E+03,3.914847E+03,6.671711E-02,2.866099E+03,3.373814E-02,0.000000E+00,0.000000E+00,5.687358E-02,9.711674E+02,3.134208E-01,4.020521E+03,5.328311E+03,1.079951E-01,4.701648E+03,5.687358E-02,0.000000E+00,0.000000E+00,3.373814E-02,5.761090E+02,1.907580E-01,2.438984E+03,3.218784E+03,6.725308E-02,2.881659E+03,3.373814E-02,0.000000E+00,0.000000E+00
12:00:00,7.502470E-02,1.269177E+03,3.476425E-01,4.580866E+03,6.220922E+03,7.502470E-02,4.244413E+03,7.502470E-02,0.000000E+00,0.000000E+00,5.687358E-02,9.621187E+02,3.148235E-01,4.045224E+03,5.351939E+03,1.078148E-01,4.696412E+03,5.687358E-02,0.000000E+00,0.000000E+00,3.373814E-02,5.707412E+02,2.483683E-01,3.087601E+03,3.887566E+03,6.671689E-02,2.866093E+03,3.373814E-02,0.000000E+00,0.000000E+00,5.687358E-02,9.621187E+02,3.154793E-01,4.052547E+03,5.360791E+03,1.079948E-01,4.701640E+03,5.687358E-02,0.000000E+00,0.000000E+00,3.373814E-02,5.707412E+02,1.921713E-01,2.460128E+03,3.240225E+03,6.725286E-02,2.881652E+03,3.373814E-02,0.000000E+00,0.000000E+00
12:10:00,7.502470E-02,1.259628E+03,3.484112E-01,4.598988E+03,6.239507E+03,7.502470E-02,4.244413E+03,7.502470E-02,0.000000E+00,0.000000E+00,5.687358E-02,9.548797E+02,3.172406E-01,4.079441E+03,5.386829E+03,1.078146E-01,4.696406E+03,5.687358E-02,0.000000E+00,0.000000E+00,3.373814E-02,5.664469E+02,2.459372E-01,3.064743E+03,3.863610E+03,6.671670E-02,2.866087E+03,3.373814E-02,0.000000E+00,0.000000E+00,5.687358E-02,9.548797E+02,3.174800E-01,4.082114E+03,5.390920E+03,1.079946E-01,4.701633E+03,5.687358E-02,0.000000E+00,0.000000E+00,3.373814E-02,5.664469E+02,1.935433E-01,2.479735E+03,3.260203E+03,6.725267E-02,2.881647E+03,3.373814E-02,0.000000E+00,0.000000E+00
12:20:00,7.502470E-02,1.250079E+03,3.491650E-01,4.616948E+03,6.257949E+03,7.502470E-02,4.244413E+03,7.502470E-02,0.000000E+00,0.000000E+00,5.687358E-02,9.476407E+02,3.195972E-01,4.112987E+03,5.421159E+03,1.078144E-01,4.696401E+03,5.687358E-02,0.000000E+00,0.000000E+00,3.373814E-02,5.621527E+02,2.439884E-01,3.047273E+03,3.845191E+03,6.671654E-02,2.866082E+03,3.373814E-02,0.000000E+00,0.000000E+00,5.687358E-02,9.476407E+02,3.194191E-01,4.110998E+03,5.420462E+03,1.079944E-01,4.701628E+03,5.687358E-02,0.000000E+00,0.000000E+00,3.373814E-02,5.621527E+02,1.948698E-01,2.498837E+03,3.279737E+03,6.725252E-02,2.881642E+03,3.373814E-02,0.000000E+00,0.000000E+00
12:30:00,7.502470E-02,1.240530E+03,3.499131E-01,4.634850E+03,6.276359E+03,7.502470E-02,4.244413E+03,7.502470E-02,0.000000E+00,0.000000E+00,5.687358E-02,9.404017E+02,3.219020E-01,4.145960E+03,5.454993E+03,1.078143E-01,4.696398E+03,5.687358E-02,0.000000E+00,0.000000E+00,3.373814E-02,5.578584E+02,2.425752E-01,3.035788E+03,3.833182E+03,6.671642E-02,2.866079E+03,3.373814E-02,0.000000E+00,0.000000E+00,5.687358E-02,9.404017E+02,3.213071E-01,4.139318E+03,5.449510E+03,1.079943E-01,4.701624E+03,5.687358E-02,0.000000E+00,0.000000E+00,3.373814E-02,5.578584E+02,1.961554E-01,2.517486E+03,3.298862E+03,6.725239E-02,2.881638E+03,3.373814E-02,0.000000E+00,0.000000E+00
12:40:00,7.502470E-02,1.230980E+03,3.506584E-01,4.652721E+03,6.294758E+03,7.502470E-02,4.244413E+03,7.502470E-02,0.000000E+00,0.000000E+00,5.687358E-02,9.331627E+02,3.241619E-01,4.178433E+03,5.488372E+03,1.078142E-01,4.696395E+03,5.687358E-02,0.000000E+00,0.000000E+00,3.373814E-02,5.535641E+02,2.416363E-01,3.029598E+03,3.826926E+03,6.671632E-02,2.866076E+03,3.373814E-02,0.000000E+00,0.000000E+00,5.687358E-02,9.331627E+02,3.231504E-01,4.167139E+03,5.478099E+03,1.079942E-01,4.701622E+03,5.687358E-02,0.000000E+00,0.000000E+00,3.373814E-02,5.535641E+02,1.974029E-01,2.535709E+03,3.317582E+03,6.725229E-02,2.881635E+03,3.373814E-02,0.000000E+00,0.000000E+00
12:50:00,7.502470E-02,1.221431E+03,3.514001E-01,4.670552E+03,6.313128E+03,7.502470E-02,4.244413E+03,7.502470E-02,0.000000E+00,0.000000E+00,5.687358E-02,9.259238E+02,3.263799E-01,4.210437E+03,5.521301E+03,1.078142E-01,4.696394E+03,5.687358E-02,0.000000E+00,0.000000E+00,3.373814E-02,5.492699E+02,2.407604E-01,3.024112E+03,3.821346E+03,6.671624E-02,2.866073E+03,3.373814E-02,0.000000E+00,0.000000E+00,5.687358E-02,9.259238E+02,3.249536E-01,4.194511E+03,5.506255E+03,1.079942E-01,4.701620E+03,5.687358E-02,0.000000E+00,0.000000E+00,3.373814E-02,5.492699E+02,1.986144E-01,2.553530E+03,3.335906E+03,6.725221E-02,2.881633E+03,3.373814E-02,0.000000E+00,0.000000E+00
13:00:00,7.502470E-02,1.211882E+03,3.521369E-01,4.688328E+03,6.331454E+03,7.502470E-02,4.244413E+03,7.502470E-02,0.000000E+00,0.000000E+00,5.687358E-02,9.186848E+02,3.285564E-01,4.241977E+03,5.553770E+03,1.078142E-01,4.696394E+03,5.687358E-02,0.000000E+00,0.000000E+00,3.373814E-02,5.449756E+02,2.399206E-01,3.019029E+03,3.816131E+03,6.671618E-02,2.866071E+03,3.373814E-02,0.000000E+00,0.000000E+00,5.687358E-02,9.186848E+02,3.267204E-01,4.221478E+03,5.534010E+03,1.079941E-01,4.701619E+03,5.687358E-02,0.000000E+00,0.000000E+00,3.373814E-02,5.449756E+02,1.997924E-01,2.570978E+03,3.353854E+03,6.725215E-02,2.881631E+03,3.373814E-02,0.000000E+00,0.000000E+00
13:10:00,7.502470E-02,1.205913E+03,3.528909E-01,4.702716E+03,6.346472E+03,7.502470E-02,4.244413E+03,7.502470E-02,0.000000E+00,0.000000E+00,5.687358E-02,9.141604E+02,3.307026E-01,4.270465E+03,5.583471E+03,1.078142E-01,4.696394E+03,5.687358E-02,0.000000E+00,0.000000E+00,3.373814E-02,5.422917E+02,2.391288E-01,3.012872E+03,3.809692E+03,6.671613E-02,2.866070E+03,3.373814E-02,0.000000E+00,0.000000E+00,5.687358E-02,9.141604E+02,3.284671E-01,4.245504E+03,5.559054E+03,1.079941E-01,4.701619E+03,5.687358E-02,0.000000E+00,0.000000E+00,3.373814E-02,5.422917E+02,2.009474E-01,2.586558E+03,3.370081E+03,6.725211E-02,2.881630E+03,3.373814E-02,0.000000E+00,0.000000E+00
13:20:00,7.502470E-02,1.199945E+03,3.536193E-01,4.716795E+03,6.361221E+03,7.502470E-02,4.244413E+03,7.502470E-02,0.000000E+00,0.000000E+00,5.687358E-02,9.096360E+02,3.327834E-01,4.298201E+03,5.612632E+03,1.078143E-01,4.696396E+03,5.687358E-02,0.000000E+00,0.000000E+00,3.373814E-02,5.396078E+02,2.383790E-01,3.007170E+03,3.803620E+03,6.671610E-02,2.866069E+03,3.373814E-02,0.000000E+00,0.000000E+00,5.687358E-02,9.096360E+02,3.301622E-01,4.268935E+03,5.583675E+03,1.079942E-01,4.701620E+03,5.687358E-02,0.000000E+00,0.000000E+00,3.373814E-02,5.396078E+02,2.020622E-01,2.601676E+03,3.385957E+03,6.725208E-02,2.881629E+03,3.373814E-02,0.000000E+00,0.000000E+00
13:30:00,7.502470E-02,1.193977E+03,3.543450E-01,4.730842E+03,6.375729E+03,7.502470E-02,4.244413E+03,7.502470E-02,0.000000E+00,0.000000E+00,5.687358E-02,9.051117E+02,3.348092E-01,4.325320E+03,5.640554E+03,1.078143E-01,4.696397E+03,5.687358E-02,0.000000E+00,0.000000E+00,3.373814E-02,5.369239E+02,2.376906E-01,3.002152E+03,3.798447E+03,6.671609E-02,2.866069E+03,3.373814E-02,0.000000E+00,0.000000E+00,5.687358E-02,9.051117E+02,3.318227E-01,4.291975E+03,5.607408E+03,1.079942E-01,4.701622E+03,5.687358E-02,0.000000E+00,0.000000E+00,3.373814E-02,5.369239E+02,2.031472E-01,2.616460E+03,3.401170E+03,6.725207E-02,2.881629E+03,3.373814E-02,0.000000E+00,0.000000E+00
13:40:00,7.502470E-02,1.188008E+03,3.550561E-01,4.744727E+03,6.390066E+03,7.502470E-02,4.244413E+03,7.502470E-02,0.000000E+00,0.000000E+00,5.687358E-02,9.005873E+02,3.367626E-01,4.351631E+03,5.667644E+03,1.078144E-01,4.696400E+03,5.687358E-02,0.000000E+00,0.000000E+00,3.373814E-02,5.342400E+02,2.370659E-01,2.997845E+03,3.794005E+03,6.671609E-02,2.866069E+03,3.373814E-02,0.000000E+00,0.000000E+00,5.687358E-02,9.005873E+02,3.334377E-01,4.314507E+03,5.630625E+03,1.079943E-01,4.701624E+03,5.687358E-02,0.000000E+00,0.000000E+00,3.373814E-02,5.342400E+02,2.041969E-01,2.630850E+03,3.415983E+03,6.725207E-02,2.881629E+03,3.373814E-02,0.000000E+00,0.000000E+00
13:50:00,7.502470E-02,1.182040E+03,3.557526E-01,4.758447E+03,6.404239E+03,7.502470E-02,4.244413E+03,7.502470E-02,0.000000E+00,0.000000E+00,5.687358E-02,8.960629E+02,3.386316E-01,4.376998E+03,5.693757E+03,1.078145E-01,4.696402E+03,5.687358E-02,0.000000E+00,0.000000E+00,3.373814E-02,5.315561E+02,2.365063E-01,2.994266E+03,3.790314E+03,6.671610E-02,2.866069E+03,3.373814E-02,0.000000E+00,0.000000E+00,5.687358E-02,8.960629E+02,3.350031E-01,4.336486E+03,5.653274E+03,1.079944E-01,4.701626E+03,5.687358E-02,0.000000E+00,0.000000E+00,3.373814E-02,5.315561E+02,2.052465E-01,2.645238E+03,3.430840E+03,6.725208E-02,2.881629E+03,3.373814E-02,0.000000E+00,0.000000E+00
14:00:00,7.502470E-02,1.176072E+03,3.564338E-01,4.771998E+03,6.418236E+03,7.502470E-02,4.244413E+03,7.502470E-02,0.000000E+00,0.000000E+00,5.687358E-02,8.915386E+02,3.404059E-01,4.401309E+03,5.718767E+03,1.078146E-01,4.696406E+03,5.687358E-02,0.000000E+00,0.000000E+00,3.373814E-02,5.288721E+02,2.360091E-01,2.991382E+03,3.787335E+03,6.671611E-02,2.866069E+03,3.373814E-02,0.000000E+00,0.000000E+00,5.687358E-02,8.915386E+02,3.365134E-01,4.357849E+03,5.675279E+03,1.079945E-01,4.701629E+03,5.687358E-02,0.000000E+00,0.000000E+00,3.373814E-02,5.288721E+02,2.067641E-01,2.664852E+03,3.451621E+03,6.725209E-02,2.881629E+03,3.373814E-02,0.000000E+00,0.000000E+00
14:10:00,7.502470E-02,1.176072E+03,3.570763E-01,4.779147E+03,6.425649E+03,7.502470E-02,4.244413E+03,7.502470E-02,0.000000E+00,0.000000E+00,5.687358E-02,8.915386E+02,3.420430E-01,4.419563E+03,5.737512E+03,1.078147E-01,4.696409E+03,5.687358E-02,0.000000E+00,0.000000E+00,3.373814E-02,5.288721E+02,2.355505E-01,2.986246E+03,3.782032E+03,6.671614E-02,2.866070E+03,3.373814E-02,0.000000E+00,0.000000E+00,5.687358E-02,8.915386E+02,3.379321E-01,4.373664E+03,5.691548E+03,1.079946E-01,4.701632E+03,5.687358E-02,0.000000E+00,0.000000E+00,3.373814E-02,5.288721E+02,2.088548E-01,2.688179E+03,3.476265E+03,6.725212E-02,2.881630E+03,3.373814E-02,0.000000E+00,0.000000E+00
14:20:00,7.502470E-02,1.176072E+03,3.577224E-01,4.786359E+03,6.433150E+03,7.502470E-02,4.244413E+03,7.502470E-02,0.000000E+00,0.000000E+00,5.687358E-02,8.915386E+02,3.435652E-01,4.436556E+03,5.754975E+03,1.078149E-01,4.696413E+03,5.687358E-02,0.000000E+00,0.000000E+00,3.373814E-02,5.288721E+02,2.351400E-01,2.981661E+03,3.777309E+03,6.671617E-02,2.866071E+03,3.373814E-02,0.000000E+00,0.000000E+00,5.687358E-02,8.915386E+02,3.392861E-01,4.388779E+03,5.707115E+03,1.079947E-01,4.701636E+03,5.687358E-02,0.000000E+00,0.000000E+00,3.373814E-02,5.288721E+02,2.116223E-01,2.719076E+03,3.508495E+03,6.725215E-02,2.881631E+03,3.373814E-02,0.000000E+00,0.000000E+00
14:30:00,7.502470E-02,1.176072E+03,3.583489E-01,4.793353E+03,6.440416E+03,7.502470E-02,4.244413E+03,7.502470E-02,0.000000E+00,0.000000E+00,5.687358E-02,8.915386E+02,3.449629E-01,4.452161E+03,5.771030E+03,1.078150E-01,4.696417E+03,5.687358E-02,0.000000E+00,0.000000E+00,3.373814E-02,5.288721E+02,2.347601E-01,2.977418E+03,3.772948E+03,6.671621E-02,2.866072E+03,3.373814E-02,0.000000E+00,0.000000E+00,5.687358E-02,8.915386E+02,3.405533E-01,4.402928E+03,5.721694E+03,1.079949E-01,4.701640E+03,5.687358E-02,0.000000E+00,0.000000E+00,3.373814E-02,5.288721E+02,2.151351E-01,2.758293E+03,3.549141E+03,6.725219E-02,2.881632E+03,3.373814E-02,0.000000E+00,0.000000E+00
14:40:00,7.502470E-02,1.176072E+03,3.589671E-01,4.800256E+03,6.447589E+03,7.502470E-02,4.244413E+03,7.502470E-02,0.000000E+00,0.000000E+00,5.687358E-02,8.915386E+02,3.462465E-01,4.466493E+03,5.785782E+03,1.078152E-01,4.696421E+03,5.687358E-02,0.000000E+00,0.000000E+00,3.373814E-02,5.288721E+02,2.344053E-01,2.973457E+03,3.768881E+03,6.671625E-02,2.866073E+03,3.373814E-02,0.000000E+00,0.000000E+00,5.687358E-02,8.915386E+02,3.417369E-01,4.416143E+03,5.735316E+03,1.079950E-01,4.701644E+03,5.687358E-02,0.000000E+00,0.000000E+00,3.373814E-02,5.288721E+02,2.194335E-01,2.806284E+03,3.598824E+03,6.725224E-02,2.881633E+03,3.373814E-02,0.000000E+00,0.000000E+00
14:50:00,7.502470E-02,1.176072E+03,3.595767E-01,4.807061E+03,6.454662E+03,7.502470E-02,4.244413E+03,7.502470E-02,0.000000E+00,0.000000E+00,5.687358E-02,8.915386E+02,3.474141E-01,4.479530E+03,5.799180E+03,1.078153E-01,4.696426E+03,5.687358E-02,0.000000E+00,0.000000E+00,3.373814E-02,5.288721E+02,2.340657E-01,2.969665E+03,3.764984E+03,6.671630E-02,2.866075E+03,3.373814E-02,0.000000E+00,0.000000E+00,5.687358E-02,8.915386E+02,3.428315E-01,4.428365E+03,5.747903E+03,1.079952E-01,4.701648E+03,5.687358E-02,0.000000E+00,0.000000E+00,3.373814E-02,5.288721E+02,2.245270E-01,2.863149E+03,3.657819E+03,6.725229E-02,2.881635E+03,3.373814E-02,0.000000E+00,0.000000E+00
15:00:00,7.502470E-02,1.176072E+03,3.601772E-01,4.813767E+03,6.461631E+03,7.502470E-02,4.244413E+03,7.502470E-02,0.000000E+00,0.000000E+00,5.687358E-02,8.915386E+02,3.484628E-01,4.491239E+03,5.811177E+03,1.078155E-01,4.696431E+03,5.687358E-02,0.000000E+00,0.000000E+00,3.373814E-02,5.288721E+02,2.337318E-01,2.965938E+03,3.761141E+03,6.671636E-02,2.866076E+03,3.373814E-02,0.000000E+00,0.000000E+00,5.687358E-02,8.915386E+02,3.438323E-01,4.439539E+03,5.759387E+03,1.079953E-01,4.701653E+03,5.687358E-02,0.000000E+00,0.000000E+00,3.373814E-02,5.288721E+02,2.299737E-01,2.923958E+03,3.720697E+03,6.725234E-02,2.881636E+03,3.373814E-02,0.000000E+00,0.000000E+00
15:10:00,7.502470E-02,1.183234E+03,3.607669E-01,4.813188E+03,6.461143E+03,7.502470E-02,4.244413E+03,7.502470E-02,0.000000E+00,0.000000E+00,5.687358E-02,8.969678E+02,3.493831E-01,4.496086E+03,5.816106E+03,1.078157E-01,4.696436E+03,5.687358E-02,0.000000E+00,0.000000E+00,3.373814E-02,5.320928E+02,2.333893E-01,2.958892E+03,3.753882E+03,6.671642E-02,2.866078E+03,3.373814E-02,0.000000E+00,0.000000E+00,5.687358E-02,8.969678E+02,3.447250E-01,4.444077E+03,5.764033E+03,1.079955E-01,4.701657E+03,5.687358E-02,0.000000E+00,0.000000E+00,3.373814E-02,5.320928E+02,2.356664E-01,2.984294E+03,3.782935E+03,6.725240E-02,2.881638E+03,3.373814E-02,0.000000E+00,0.000000E+00
15:20:00,7.502470E-02,1.190396E+03,3.613425E-01,4.812453E+03,6.460489E+03,7.502470E-02,4.244413E+03,7.502470E-02,0.000000E+00,0.000000E+00,5.687358E-02,9.023970E+02,3.501767E-01,4.499517E+03,5.819600E+03,1.078158E-01,4.696441E+03,5.687358E-02,0.000000E+00,0.000000E+00,3.373814E-02,5.353135E+02,2.330312E-01,2.951673E+03,3.746452E+03,6.671648E-02,2.866080E+03,3.373814E-02,0.000000E+00,0.000000E+00,5.687358E-02,9.023970E+02,3.455059E-01,4.447367E+03,5.767400E+03,1.079956E-01,4.701662E+03,5.687358E-02,0.000000E+00,0.000000E+00,3.373814E-02,5.353135E+02,2.415356E-01,3.046600E+03,3.847079E+03,6.725246E-02,2.881640E+03,3.373814E-02,0.000000E+00,0.000000E+00
15:30:00,7.502470E-02,1.197558E+03,3.619007E-01,4.811524E+03,6.459629E+03,7.502470E-02,4.244413E+03,7.502470E-02,0.000000E+00,0.000000E+00,5.687358E-02,9.078263E+02,3.508275E-01,4.501355E+03,5.821475E+03,1.078160E-01,4.696446E+03,5.687358E-02,0.000000E+00,0.000000E+00,3.373814E-02,5.385342E+02,2.326485E-01,2.944181E+03,3.738753E+03,6.671654E-02,2.866082E+03,3.373814E-02,0.000000E+00,0.000000E+00,5.687358E-02,9.078263E+02,3.461687E-01,4.449338E+03,5.769428E+03,1.079958E-01,4.701667E+03,5.687358E-02,0.000000E+00,0.000000E+00,3.373814E-02,5.385342E+02,2.475096E-01,3.110078E+03,3.912321E+03,6.725252E-02,2.881642E+03,3.373814E-02,0.000000E+00,0.000000E+00
15:40:00,7.502470E-02,1.204720E+03,3.624379E-01,4.810360E+03,6.458522E+03,7.502470E-02,4.244413E+03,7.502470E-02,0.000000E+00,0.000000E+00,5.687358E-02,9.132555E+02,3.513275E-01,4.501508E+03,5.821617E+03,1.078162E-01,4.696451E+03,5.687358E-02,0.000000E+00,0.000000E+00,3.373814E-02,5.417549E+02,2.322331E-01,2.936322E+03,3.730680E+03,6.671661E-02,2.866083E+03,3.373814E-02,0.000000E+00,0.000000E+00,5.687358E-02,9.132555E+02,3.467078E-01,4.449929E+03,5.770039E+03,1.079960E-01,4.701672E+03,5.687358E-02,0.000000E+00,0.000000E+00,3.373814E-02,5.417549E+02,2.535535E-01,3.174336E+03,3.978287E+03,6.725259E-02,2.881644E+03,3.373814E-02,0.000000E+00,0.000000E+00
15:50:00,7.502470E-02,1.211882E+03,3.629505E-01,4.808921E+03,6.457124E+03,7.502470E-02,4.244413E+03,7.502470E-02,0.000000E+00,0.000000E+00,5.687358E-02,9.186848E+02,3.516764E-01,4.499976E+03,5.820009E+03,1.078164E-01,4.696457E+03,5.687358E-02,0.000000E+00,0.000000E+00,3.373814E-02,5.449756E+02,2.317769E-01,2.928007E+03,3.722129E+03,6.671668E-02,2.866085E+03,3.373814E-02,0.000000E+00,0.000000E+00,5.687358E-02,9.186848E+02,3.471185E-01,4.449085E+03,5.769158E+03,1.079962E-01,4.701677E+03,5.687358E-02,0.000000E+00,0.000000E+00,3.373814E-02,5.449756E+02,2.596157E-01,3.238800E+03,4.044387E+03,6.725266E-02,2.881645E+03,3.373814E-02,0.000000E+00,0.000000E+00
16:00:00,7.502470E-02,1.219044E+03,3.634350E-01,4.807168E+03,6.455394E+03,7.502470E-02,4.244413E+03,7.502470E-02,0.000000E+00,0.000000E+00,5.687358E-02,9.241140E+02,3.518753E-01,4.496768E+03,5.816647E+03,1.078166E-01,4.696462E+03,5.687358E-02,0.000000E+00,0.000000E+00,3.373814E-02,5.481963E+02,2.312724E-01,2.919154E+03,3.713007E+03,6.671675E-02,2.866088E+03,3.373814E-02,0.000000E+00,0.000000E+00,5.687358E-02,9.241140E+02,3.473960E-01,4.446754E+03,5.766715E+03,1.079963E-01,4.701683E+03,5.687358E-02,0.000000E+00,0.000000E+00,3.373814E-02,5.481963E+02,2.655453E-01,3.301783E+03,4.108801E+03,6.725273E-02,2.881648E+03,3.373814E-02,0.000000E+00,0.000000E+00
16:10:00,7.502470E-02,1.228593E+03,3.638876E-01,4.802672E+03,6.450844E+03,7.502470E-02,4.244413E+03,7.502470E-02,0.000000E+00,0.000000E+00,5.687358E-02,9.313530E+02,3.519514E-01,4.490379E+03,5.810015E+03,1.078168E-01,4.696468E+03,5.687358E-02,0.000000E+00,0.000000E+00,3.373814E-02,5.524906E+02,2.307283E-01,2.908785E+03,3.702325E+03,6.671682E-02,2.866090E+03,3.373814E-02,0.000000E+00,0.000000E+00,5.687358E-02,9.313530E+02,3.475612E-01,4.441361E+03,5.761119E+03,1.079965E-01,4.701688E+03,5.687358E-02,0.000000E+00,0.000000E+00,3.373814E-02,5.524906E+02,2.712129E-01,3.360768E+03,4.169032E+03,6.725280E-02,2.881650E+03,3.373814E-02,0.000000E+00,0.000000E+00
16:20:00,7.502470E-02,1.238142E+03,3.643044E-01,4.797777E+03,6.445874E+03,7.502470E-02,4.244413E+03,7.502470E-02,0.000000E+00,0.000000E+00,5.687358E-02,9.385920E+02,3.519018E-01,4.482586E+03,5.801941E+03,1.078169E-01,4.696473E+03,5.687358E-02,0.000000E+00,0.000000E+00,3.373814E-02,5.567848E+02,2.301364E-01,2.897883E+03,3.691094E+03,6.671689E-02,2.866092E+03,3.373814E-02,0.000000E+00,0.000000E+00,5.687358E-02,9.385920E+02,3.476065E-01,4.434628E+03,5.754144E+03,1.079967E-01,4.701693E+03,5.687358E-02,0.000000E+00,0.000000E+00,3.373814E-02,5.567848E+02,2.765465E-01,3.416025E+03,4.225525E+03,6.725287E-02,2.881652E+03,3.373814E-02,0.000000E+00,0.000000E+00
16:30:00,7.502470E-02,1.247692E+03,3.646818E-01,4.792441E+03,6.440438E+03,7.502470E-02,4.244413E+03,7.502470E-02,0.000000E+00,0.000000E+00,5.687358E-02,9.458310E+02,3.517265E-01,4.473391E+03,5.792424E+03,1.078171E-01,4.696479E+03,5.687358E-02,0.000000E+00,0.000000E+00,3.373814E-02,5.610791E+02,2.294913E-01,2.886386E+03,3.679252E+03,6.671697E-02,2.866094E+03,3.373814E-02,0.000000E+00,0.000000E+00,5.687358E-02,9.458310E+02,3.475265E-01,4.426496E+03,5.745727E+03,1.079969E-01,4.701699E+03,5.687358E-02,0.000000E+00,0.000000E+00,3.373814E-02,5.610791E+02,2.814840E-01,3.466858E+03,4.277590E+03,6.725295E-02,2.881654E+03,3.373814E-02,0.000000E+00,0.000000E+00
16:40:00,7.502470E-02,1.257241E+03,3.649985E-01,4.786440E+03,6.434288E+03,7.502470E-02,4.244413E+03,7.502470E-02,0.000000E+00,0.000000E+00,5.687358E-02,9.530700E+02,3.514108E-01,4.462639E+03,5.781348E+03,1.078173E-01,4.696485E+03,5.687358E-02,0.000000E+00,0.000000E+00,3.373814E-02,5.653734E+02,2.287792E-01,2.874148E+03,3.666700E+03,6.671705E-02,2.866096E+03,3.373814E-02,0.000000E+00,0.000000E+00,5.687358E-02,9.530700E+02,3.473020E-01,4.416762E+03,5.735699E+03,1.079971E-01,4.701704E+03,5.687358E-02,0.000000E+00,0.000000E+00,3.373814E-02,5.653734E+02,2.859554E-01,3.512498E+03,4.324209E+03,6.725303E-02,2.881656E+03,3.373814E-02,0.000000E+00,0.000000E+00
16:50:00,7.502470E-02,1.266790E+03,3.652703E-01,4.779949E+03,6.427763E+03,7.502470E-02,4.244413E+03,7.502470E-02,0.000000E+00,0.000000E+00,5.687358E-02,9.603089E+02,3.509690E-01,4.450492E+03,5.768799E+03,1.078175E-01,4.696490E+03,5.687358E-02,0.000000E+00,0.000000E+00,3.373814E-02,5.696676E+02,2.280051E-01,2.861226E+03,3.653299E+03,6.671713E-02,2.866099E+03,3.373814E-02,0.000000E+00,0.000000E+00,5.687358E-02,9.603089E+02,3.469457E-01,4.405570E+03,5.724154E+03,1.079973E-01,4.701710E+03,5.687358E-02,0.000000E+00,0.000000E+00,3.373814E-02,5.696676E+02,2.899090E-01,3.552368E+03,4.365679E+03,6.725310E-02,2.881658E+03,3.373814E-02,0.000000E+00,0.000000E+00
17:00:00,7.502470E-02,1.276339E+03,3.654959E-01,4.772943E+03,6.420527E+03,7.502470E-02,4.244413E+03,7.502470E-02,0.000000E+00,0.000000E+00,5.687358E-02,9.675479E+02,3.503163E-01,4.435991E+03,5.753839E+03,1.078177E-01,4.696496E+03,5.687358E-02,0.000000E+00,0.000000E+00,3.373814E-02,5.739619E+02,2.271206E-01,2.847071E+03,3.638837E+03,6.671721E-02,2.866101E+03,3.373814E-02,0.000000E+00,0.000000E+00,5.687358E-02,9.675479E+02,3.463820E-01,4.392061E+03,5.710205E+03,1.079975E-01,4.701715E+03,5.687358E-02,0.000000E+00,0.000000E+00,3.373814E-02,5.739619E+02,2.932399E-01,3.585287E+03,4.398592E+03,6.725318E-02,2.881661E+03,3.373814E-02,0.000000E+00,0.000000E+00
17:10:00,7.502470E-02,1.288276E+03,3.656690E-01,4.762964E+03,6.410252E+03,7.502470E-02,4.244413E+03,7.502470E-02,0.000000E+00,0.000000E+00,5.687358E-02,9.765967E+02,3.495048E-01,4.417906E+03,5.735244E+03,1.078179E-01,4.696502E+03,5.687358E-02,0.000000E+00,0.000000E+00,3.373814E-02,5.793297E+02,2.261535E-01,2.830922E+03,3.622309E+03,6.671729E-02,2.866103E+03,3.373814E-02,0.000000E+00,0.000000E+00,5.687358E-02,9.765967E+02,3.456606E-01,4.374983E+03,5.692632E+03,1.079977E-01,4.701721E+03,5.687358E-02,0.000000E+00,0.000000E+00,3.373814E-02,5.793297E+02,2.961054E-01,3.611935E+03,4.425660E+03,6.725326E-02,2.881663E+03,3.373814E-02,0.000000E+00,0.000000E+00
17:20:00,7.502470E-02,1.300213E+03,3.657876E-01,4.752376E+03,6.399350E+03,7.502470E-02,4.244413E+03,7.502470E-02,0.000000E+00,0.000000E+00,5.687358E-02,9.856454E+02,3.485350E-01,4.398053E+03,5.714827E+03,1.078181E-01,4.696508E+03,5.687358E-02,0.000000E+00,0.000000E+00,3.373814E-02,5.846975E+02,2.251044E-01,2.813855E+03,3.604808E+03,6.671737E-02,2.866105E+03,3.373814E-02,0.000000E+00,0.000000E+00,5.687358E-02,9.856454E+02,3.448230E-01,4.356607E+03,5.673751E+03,1.079979E-01,4.701727E+03,5.687358E-02,0.000000E+00,0.000000E+00,3.373814E-02,5.846975E+02,2.984826E-01,3.633132E+03,4.447396E+03,6.725334E-02,2.881665E+03,3.373814E-02,0.000000E+00,0.000000E+00
17:30:00,7.502470E-02,1.312149E+03,3.658508E-01,4.741170E+03,6.387805E+03,7.502470E-02,4.244413E+03,7.502470E-02,0.000000E+00,0.000000E+00,5.687358E-02,9.946941E+02,3.474007E-01,4.376364E+03,5.692461E+03,1.078183E-01,4.696513E+03,5.687358E-02,0.000000E+00,0.000000E+00,3.373814E-02,5.900654E+02,2.239710E-01,2.795848E+03,3.586292E+03,6.671745E-02,2.866108E+03,3.373814E-02,0.000000E+00,0.000000E+00,5.687358E-02,9.946941E+02,3.439506E-01,4.337842E+03,5.654467E+03,1.079981E-01,4.701732E+03,5.687358E-02,0.000000E+00,0.000000E+00,3.373814E-02,5.900654E+02,3.003275E-01,3.648386E+03,4.463074E+03,6.725342E-02,2.881668E+03,3.373814E-02,0.000000E+00,0.000000E+00
17:40:00,7.502470E-02,1.324086E+03,3.658788E-01,4.729559E+03,6.375868E+03,7.502470E-02,4.244413E+03,7.502470E-02,0.000000E+00,0.000000E+00,5.687358E-02,1.003743E+03,3.461092E-01,4.352909E+03,5.668236E+03,1.078185E-01,4.696519E+03,5.687358E-02,0.000000E+00,0.000000E+00,3.373814E-02,5.954332E+02,2.227612E-01,2.776981E+03,3.566858E+03,6.671753E-02,2.866110E+03,3.373814E-02,0.000000E+00,0.000000E+00,5.687358E-02,1.003743E+03,3.432618E-01,4.321116E+03,5.637362E+03,1.079982E-01,4.701738E+03,5.687358E-02,0.000000E+00,0.000000E+00,3.373814E-02,5.954332E+02,3.016287E-01,3.657560E+03,4.472549E+03,6.725351E-02,2.881670E+03,3.373814E-02,0.000000E+00,0.000000E+00
17:50:00,7.502470E-02,1.336023E+03,3.658632E-01,4.717448E+03,6.363420E+03,7.502470E-02,4.244413E+03,7.502470E-02,0.000000E+00,0.000000E+00,5.687358E-02,1.012792E+03,3.446369E-01,4.327422E+03,5.641858E+03,1.078187E-01,4.696525E+03,5.687358E-02,0.000000E+00,0.000000E+00,3.373814E-02,6.008010E+02,2.214655E-01,2.757146E+03,3.546393E+03,6.671761E-02,2.866113E+03,3.373814E-02,0.000000E+00,0.000000E+00,5.687358E-02,1.012792E+03,3.427881E-01,4.306778E+03,5.622576E+03,1.079984E-01,4.701744E+03,5.687358E-02,0.000000E+00,0.000000E+00,3.373814E-02,6.008010E+02,3.023617E-01,3.660378E+03,4.475512E+03,6.725359E-02,2.881673E+03,3.373814E-02,0.000000E+00,0.000000E+00
18:00:00,7.502470E-02,1.347959E+03,3.658165E-01,4.704990E+03,6.350614E+03,7.502470E-02,4.244413E+03,7.502470E-02,0.000000E+00,0.000000E+00,5.687358E-02,1.021840E+03,3.430576E-01,4.300741E+03,5.614287E+03,1.078189E-01,4.696531E+03,5.687358E-02,0.000000E+00,0.000000E+00,3.373814E-02,6.061688E+02,2.201291E-01,2.736856E+03,3.525476E+03,6.671770E-02,2.866115E+03,3.373814E-02,0.000000E+00,0.000000E+00,5.687358E-02,1.021840E+03,3.426215E-01,4.295868E+03,5.611279E+03,1.079986E-01,4.701749E+03,5.687358E-02,0.000000E+00,0.000000E+00,3.373814E-02,6.061688E+02,3.026501E-01,3.658232E+03,4.473477E+03,6.725367E-02,2.881675E+03,3.373814E-02,0.000000E+00,0.000000E+00
18:10:00,7.502470E-02,1.365864E+03,3.657533E-01,4.686381E+03,6.331510E+03,7.502470E-02,4.244413E+03,7.502470E-02,0.000000E+00,0.000000E+00,5.687358E-02,1.035413E+03,3.412926E-01,4.267461E+03,5.579910E+03,1.102815E-01,4.768022E+03,5.687358E-02,0.000000E+00,0.000000E+00,3.373814E-02,6.142206E+02,2.187118E-01,2.712980E+03,3.500861E+03,6.835937E-02,2.913775E+03,3.373814E-02,0.000000E+00,0.000000E+00,5.687358E-02,1.035413E+03,3.426839E-01,4.282992E+03,5.598007E+03,1.105750E-01,4.776543E+03,5.687358E-02,0.000000E+00,0.000000E+00,3.373814E-02,6.142206E+02,3.023291E-01,3.646597E+03,4.461720E+03,6.889535E-02,2.929334E+03,3.373814E-02,0.000000E+00,0.000000E+00
18:20:00,7.502470E-02,1.383769E+03,3.656791E-01,4.667646E+03,6.312273E+03,7.502470E-02,4.244413E+03,7.502470E-02,0.000000E+00,0.000000E+00,5.687358E-02,1.048987E+03,3.393316E-01,4.231993E+03,5.543270E+03,1.127450E-01,4.839539E+03,5.687358E-02,0.000000E+00,0.000000E+00,3.373814E-02,6.222723E+02,2.172125E-01,2.688188E+03,3.475302E+03,7.000164E-02,2.961452E+03,3.373814E-02,0.000000E+00,0.000000E+00,5.687358E-02,1.048987E+03,3.428912E-01,4.271734E+03,5.586528E+03,1.131523E-01,4.851365E+03,5.687358E-02,0.000000E+00,0.000000E+00,3.373814E-02,6.222723E+02,3.013360E-01,3.627458E+03,4.442295E+03,7.053761E-02,2.977011E+03,3.373814E-02,0.000000E+00,0.000000E+00
18:30:00,7.502470E-02,1.401674E+03,3.655922E-01,4.648772E+03,6.292892E+03,7.502470E-02,4.244413E+03,7.502470E-02,0.000000E+00,0.000000E+00,5.687358E-02,1.062560E+03,3.371740E-01,4.194329E+03,5.504356E+03,1.152095E-01,4.911087E+03,5.687358E-02,0.000000E+00,0.000000E+00,3.373814E-02,6.303241E+02,2.156335E-01,2.662507E+03,3.448826E+03,7.164457E-02,3.009149E+03,3.373814E-02,0.000000E+00,0.000000E+00,5.687358E-02,1.062560E+03,3.430463E-01,4.259892E+03,5.574535E+03,1.157306E-01,4.926218E+03,5.687358E-02,0.000000E+00,0.000000E+00,3.373814E-02,6.303241E+02,2.996296E-01,3.600354E+03,4.414758E+03,7.218055E-02,3.024709E+03,3.373814E-02,0.000000E+00,0.000000E+00
18:40:00,7.502470E-02,1.419579E+03,3.654825E-01,4.629642E+03,6.273250E+03,7.502470E-02,4.244413E+03,7.502470E-02,0.000000E+00,0.000000E+00,5.687358E-02,1.076133E+03,3.347765E-01,4.153988E+03,5.462615E+03,1.176755E-01,4.982682E+03,5.687358E-02,0.000000E+00,0.000000E+00,3.373814E-02,6.383758E+02,2.139523E-01,2.635684E+03,3.421141E+03,7.328853E-02,3.056878E+03,3.373814E-02,0.000000E+00,0.000000E+00,5.687358E-02,1.076133E+03,3.426583E-01,4.241987E+03,5.556098E+03,1.183105E-01,5.001120E+03,5.687358E-02,0.000000E+00,0.000000E+00,3.373814E-02,6.383758E+02,2.968435E-01,3.561195E+03,4.374755E+03,7.382451E-02,3.072438E+03,3.373814E-02,0.000000E+00,0.000000E+00
18:50:00,7.502470E-02,1.437484E+03,3.653261E-01,4.609991E+03,6.253065E+03,7.502470E-02,4.244413E+03,7.502470E-02,0.000000E+00,0.000000E+00,5.687358E-02,1.089706E+03,3.321747E-01,4.111365E+03,5.418520E+03,1.201428E-01,5.054316E+03,5.687358E-02,0.000000E+00,0.000000E+00,3.373814E-02,6.464275E+02,2.121878E-01,2.607931E+03,3.392502E+03,7.493333E-02,3.104632E+03,3.373814E-02,0.000000E+00,0.000000E+00,5.687358E-02,1.089706E+03,3.417055E-01,4.217775E+03,5.531299E+03,1.208918E-01,5.076063E+03,5.687358E-02,0.000000E+00,0.000000E+00,3.373814E-02,6.464275E+02,2.931390E-01,3.511783E+03,4.324557E+03,7.546933E-02,3.120193E+03,3.373814E-02,0.000000E+00,0.000000E+00
19:00:00,7.502470E-02,1.455389E+03,3.650946E-01,4.589501E+03,6.231999E+03,7.502470E-02,4.244413E+03,7.502470E-02,0.000000E+00,0.000000E+00,5.687358E-02,1.103279E+03,3.293757E-01,4.066540E+03,5.372107E+03,1.226112E-01,5.125985E+03,5.687358E-02,0.000000E+00,0.000000E+00,3.373814E-02,6.544793E+02,2.103420E-01,2.579271E+03,3.362907E+03,7.657887E-02,3.152410E+03,3.373814E-02,0.000000E+00,0.000000E+00,5.687358E-02,1.103279E+03,3.401198E-01,4.186498E+03,5.499194E+03,1.234742E-01,5.151042E+03,5.687358E-02,0.000000E+00,0.000000E+00,3.373814E-02,6.544793E+02,2.884985E-01,3.451919E+03,4.263618E+03,7.711488E-02,3.167971E+03,3.373814E-02,0.000000E+00,0.000000E+00
19:10:00,7.502470E-02,1.468519E+03,3.647627E-01,4.572665E+03,6.214642E+03,7.502470E-02,4.244413E+03,7.502470E-02,0.000000E+00,0.000000E+00,5.687358E-02,1.113233E+03,3.274636E-01,4.035236E+03,5.346432E+03,1.226182E-01,5.126198E+03,5.687358E-02,0.000000E+00,0.000000E+00,3.373814E-02,6.603839E+02,2.091305E-01,2.559838E+03,3.347663E+03,7.658347E-02,3.152551E+03,3.373814E-02,0.000000E+00,0.000000E+00,5.687358E-02,1.113233E+03,3.389477E-01,4.163457E+03,5.482734E+03,1.234815E-01,5.151264E+03,5.687358E-02,0.000000E+00,0.000000E+00,3.373814E-02,6.603839E+02,2.836393E-01,3.391760E+03,4.208599E+03,7.711950E-02,3.168112E+03,3.373814E-02,0.000000E+00,0.000000E+00
19:20:00,7.502470E-02,1.481649E+03,3.643126E-01,4.554510E+03,6.195892E+03,7.502470E-02,4.244413E+03,7.502470E-02,0.000000E+00,0.000000E+00,5.687358E-02,1.123186E+03,3.253782E-01,4.001995E+03,5.338652E+03,1.226253E-01,5.126413E+03,5.687358E-02,0.000000E+00,0.000000E+00,3.373814E-02,6.662885E+02,2.078401E-01,2.539523E+03,3.345853E+03,7.658807E-02,3.152691E+03,3.373814E-02,0.000000E+00,0.000000E+00,5.687358E-02,1.123186E+03,3.368767E-01,4.130377E+03,5.477184E+03,1.234888E-01,5.151486E+03,5.687358E-02,0.000000E+00,0.000000E+00,3.373814E-02,6.662885E+02,2.776653E-01,3.319150E+03,4.159611E+03,7.712412E-02,3.168254E+03,3.373814E-02,0.000000E+00,0.000000E+00
19:30:00,7.502470E-02,1.494780E+03,3.637325E-01,4.534903E+03,6.175609E+03,7.502470E-02,4.244413E+03,7.502470E-02,0.000000E+00,0.000000E+00,5.687358E-02,1.133140E+03,3.231389E-01,3.967032E+03,5.329688E+03,1.226321E-01,5.126620E+03,5.687358E-02,0.000000E+00,0.000000E+00,3.373814E-02,6.721931E+02,2.064757E-01,2.518379E+03,3.343234E+03,7.659252E-02,3.152827E+03,3.373814E-02,0.000000E+00,0.000000E+00,5.687358E-02,1.133140E+03,3.339689E-01,4.087950E+03,5.462232E+03,1.234959E-01,5.151701E+03,5.687358E-02,0.000000E+00,0.000000E+00,3.373814E-02,6.721931E+02,2.707926E-01,3.236502E+03,4.097761E+03,7.712858E-02,3.168390E+03,3.373814E-02,0.000000E+00,0.000000E+00
19:40:00,7.502470E-02,1.507910E+03,3.630219E-01,4.513839E+03,6.153792E+03,7.502470E-02,4.244413E+03,7.502470E-02,0.000000E+00,0.000000E+00,5.687358E-02,1.143093E+03,3.208350E-01,3.931347E+03,5.310513E+03,1.226381E-01,5.126803E+03,5.687358E-02,0.000000E+00,0.000000E+00,3.373814E-02,6.780977E+02,2.050781E-01,2.496863E+03,3.333127E+03,7.659641E-02,3.152946E+03,3.373814E-02,0.000000E+00,0.000000E+00,5.687358E-02,1.143093E+03,3.307342E-01,4.041872E+03,5.433342E+03,1.235021E-01,5.151890E+03,5.687358E-02,0.000000E+00,0.000000E+00,3.373814E-02,6.780977E+02,2.638346E-01,3.152901E+03,4.024357E+03,7.713248E-02,3.168509E+03,3.373814E-02,0.000000E+00,0.000000E+00
19:50:00,7.502470E-02,1.521040E+03,3.621965E-01,4.491492E+03,6.130633E+03,7.502470E-02,4.244413E+03,7.502470E-02,0.000000E+00,0.000000E+00,5.687358E-02,1.153047E+03,3.184898E-01,3.895199E+03,5.284552E+03,1.226435E-01,5.126965E+03,5.687358E-02,0.000000E+00,0.000000E+00,3.373814E-02,6.840023E+02,2.036521E-01,2.475031E+03,3.318138E+03,7.659987E-02,3.153051E+03,3.373814E-02,0.000000E+00,0.000000E+00,5.687358E-02,1.153047E+03,3.273454E-01,3.994073E+03,5.395783E+03,1.235076E-01,5.152057E+03,5.687358E-02,0.000000E+00,0.000000E+00,3.373814E-02,6.840023E+02,2.569802E-01,3.070456E+03,3.945879E+03,7.713595E-02,3.168614E+03,3.373814E-02,0.000000E+00,0.000000E+00
20:00:00,7.502470E-02,1.534171E+03,3.612824E-01,4.468156E+03,6.106443E+03,7.502470E-02,4.244413E+03,7.502470E-02,0.000000E+00,0.000000E+00,5.687358E-02,1.163001E+03,3.161936E-01,3.859599E+03,5.255541E+03,1.226483E-01,5.127110E+03,5.687358E-02,0.000000E+00,0.000000E+00,3.373814E-02,6.899069E+02,2.022410E-01,2.453364E+03,3.300797E+03,7.660296E-02,3.153144E+03,3.373814E-02,0.000000E+00,0.000000E+00,5.687358E-02,1.163001E+03,3.239648E-01,3.946363E+03,5.354059E+03,1.235126E-01,5.152207E+03,5.687358E-02,0.000000E+00,0.000000E+00,3.373814E-02,6.899069E+02,2.504602E-01,2.991745E+03,3.867797E+03,7.713904E-02,3.168708E+03,3.373814E-02,0.000000E+00,0.000000E+00
20:10:00,7.502470E-02,1.544914E+03,3.603103E-01,4.446560E+03,6.084025E+03,7.502470E-02,4.244413E+03,7.502470E-02,0.000000E+00,0.000000E+00,5.687358E-02,1.171144E+03,3.129585E-01,3.815325E+03,5.213487E+03,1.226526E-01,5.127240E+03,5.687358E-02,0.000000E+00,0.000000E+00,3.373814E-02,6.947380E+02,2.001768E-01,2.425479E+03,3.274331E+03,7.660573E-02,3.153228E+03,3.373814E-02,0.000000E+00,0.000000E+00,5.687358E-02,1.171144E+03,3.196461E-01,3.889991E+03,5.298812E+03,1.235170E-01,5.152340E+03,5.687358E-02,0.000000E+00,0.000000E+00,3.373814E-02,6.947380E+02,2.437556E-01,2.912047E+03,3.785858E+03,7.714182E-02,3.168792E+03,3.373814E-02,0.000000E+00,0.000000E+00
20:20:00,7.502470E-02,1.555656E+03,3.593110E-01,4.424659E+03,6.061292E+03,7.502470E-02,4.244413E+03,7.502470E-02,0.000000E+00,0.000000E+00,5.687358E-02,1.179288E+03,3.098885E-01,3.772897E+03,5.171797E+03,1.226565E-01,5.127356E+03,5.687358E-02,0.000000E+00,0.000000E+00,3.373814E-02,6.995690E+02,1.981895E-01,2.398454E+03,3.247731E+03,7.660821E-02,3.153302E+03,3.373814E-02,0.000000E+00,0.000000E+00,5.687358E-02,1.179288E+03,3.157802E-01,3.838676E+03,5.247388E+03,1.235210E-01,5.152460E+03,5.687358E-02,0.000000E+00,0.000000E+00,3.373814E-02,6.995690E+02,2.379475E-01,2.842361E+03,3.713734E+03,7.714429E-02,3.168866E+03,3.373814E-02,0.000000E+00,0.000000E+00
20:30:00,7.502470E-02,1.566399E+03,3.583143E-01,4.402787E+03,6.038600E+03,7.502470E-02,4.244413E+03,7.502470E-02,0.000000E+00,0.000000E+00,5.687358E-02,1.187432E+03,3.070063E-01,3.732568E+03,5.131346E+03,1.226599E-01,5.127459E+03,5.687358E-02,0.000000E+00,0.000000E+00,3.373814E-02,7.044001E+02,1.962920E-01,2.372434E+03,3.221560E+03,7.661043E-02,3.153369E+03,3.373814E-02,0.000000E+00,0.000000E+00,5.687358E-02,1.187432E+03,3.124569E-01,3.793422E+03,5.201703E+03,1.235246E-01,5.152566E+03,5.687358E-02,0.000000E+00,0.000000E+00,3.373814E-02,7.044001E+02,2.330040E-01,2.782331E+03,3.651648E+03,7.714651E-02,3.168933E+03,3.373814E-02,0.000000E+00,0.000000E+00
20:40:00,7.502470E-02,1.577142E+03,3.573445E-01,4.381215E+03,6.016242E+03,7.502470E-02,4.244413E+03,7.502470E-02,0.000000E+00,0.000000E+00,5.687358E-02,1.195576E+03,3.043079E-01,3.694294E+03,5.092474E+03,1.226631E-01,5.127552E+03,5.687358E-02,0.000000E+00,0.000000E+00,3.373814E-02,7.092311E+02,1.944861E-01,2.347439E+03,3.196094E+03,7.661241E-02,3.153428E+03,3.373814E-02,0.000000E+00,0.000000E+00,5.687358E-02,1.195576E+03,3.094894E-01,3.752143E+03,5.159771E+03,1.235277E-01,5.152662E+03,5.687358E-02,0.000000E+00,0.000000E+00,3.373814E-02,7.092311E+02,2.286019E-01,2.728348E+03,3.595800E+03,7.714849E-02,3.168992E+03,3.373814E-02,0.000000E+00,0.000000E+00
20:50:00,7.502470E-02,1.587885E+03,3.564383E-01,4.360355E+03,5.994540E+03,7.502470E-02,4.244413E+03,7.502470E-02,0.000000E+00,0.000000E+00,5.687358E-02,1.203720E+03,3.018018E-01,3.658167E+03,5.054982E+03,1.226659E-01,5.127636E+03,5.687358E-02,0.000000E+00,0.000000E+00,3.373814E-02,7.140622E+02,1.927823E-01,2.323583E+03,3.171260E+03,7.661419E-02,3.153481E+03,3.373814E-02,0.000000E+00,0.000000E+00,5.687358E-02,1.203720E+03,3.067399E-01,3.713298E+03,5.119444E+03,1.235306E-01,5.152747E+03,5.687358E-02,0.000000E+00,0.000000E+00,3.373814E-02,7.140622E+02,2.245302E-01,2.678054E+03,3.542947E+03,7.715026E-02,3.169045E+03,3.373814E-02,0.000000E+00,0.000000E+00
21:00:00,7.502470E-02,1.598628E+03,3.555592E-01,4.339775E+03,5.972994E+03,7.502470E-02,4.244413E+03,7.502470E-02,0.000000E+00,0.000000E+00,5.687358E-02,1.211864E+03,2.993925E-01,3.623098E+03,5.017839E+03,1.226684E-01,5.127710E+03,5.687358E-02,0.000000E+00,0.000000E+00,3.373814E-02,7.188932E+02,1.911303E-01,2.300291E+03,3.146542E+03,7.661577E-02,3.153528E+03,3.373814E-02,0.000000E+00,0.000000E+00,5.687358E-02,1.211864E+03,3.040902E-01,3.675545E+03,5.079425E+03,1.235332E-01,5.152823E+03,5.687358E-02,0.000000E+00,0.000000E+00,3.373814E-02,7.188932E+02,2.206978E-01,2.630417E+03,3.492207E+03,7.715185E-02,3.169092E+03,3.373814E-02,0.000000E+00,0.000000E+00
21:10:00,7.502470E-02,1.609371E+03,3.547304E-01,4.319755E+03,5.952327E+03,7.502470E-02,4.244413E+03,7.502470E-02,0.000000E+00,0.000000E+00,5.687358E-02,1.220008E+03,2.970780E-01,3.589087E+03,4.982715E+03,1.226706E-01,5.127778E+03,5.687358E-02,0.000000E+00,0.000000E+00,3.373814E-02,7.237242E+02,1.895314E-01,2.277592E+03,3.123044E+03,7.661720E-02,3.153571E+03,3.373814E-02,0.000000E+00,0.000000E+00,5.687358E-02,1.220008E+03,3.015375E-01,3.638873E+03,5.041528E+03,1.235355E-01,5.152892E+03,5.687358E-02,0.000000E+00,0.000000E+00,3.373814E-02,7.237242E+02,2.170940E-01,2.585331E+03,3.445350E+03,7.715327E-02,3.169134E+03,3.373814E-02,0.000000E+00,0.000000E+00
21:20:00,7.502470E-02,1.620114E+03,3.539390E-01,4.300153E+03,5.932104E+03,7.502470E-02,4.244413E+03,7.502470E-02,0.000000E+00,0.000000E+00,5.687358E-02,1.228152E+03,2.948447E-01,3.555982E+03,4.948393E+03,1.226727E-01,5.127838E+03,5.687358E-02,0.000000E+00,0.000000E+00,3.373814E-02,7.285553E+02,1.879797E-01,2.255420E+03,3.100016E+03,7.661848E-02,3.153608E+03,3.373814E-02,0.000000E+00,0.000000E+00,5.687358E-02,1.228152E+03,2.990712E-01,3.603166E+03,5.004477E+03,1.235376E-01,5.152953E+03,5.687358E-02,0.000000E+00,0.000000E+00,3.373814E-02,7.285553E+02,2.137052E-01,2.542646E+03,3.400931E+03,7.715454E-02,3.169172E+03,3.373814E-02,0.000000E+00,0.000000E+00
21:30:00,7.502470E-02,1.630857E+03,3.531835E-01,4.280951E+03,5.912309E+03,7.502470E-02,4.244413E+03,7.502470E-02,0.000000E+00,0.000000E+00,5.687358E-02,1.236295E+03,2.926893E-01,3.523747E+03,4.914890E+03,1.226745E-01,5.127892E+03,5.687358E-02,0.000000E+00,0.000000E+00,3.373814E-02,7.333863E+02,1.864749E-01,2.233771E+03,3.077488E+03,7.661963E-02,3.153643E+03,3.373814E-02,0.000000E+00,0.000000E+00,5.687358E-02,1.236295E+03,2.966915E-01,3.568427E+03,4.968341E+03,1.235394E-01,5.153009E+03,5.687358E-02,0.000000E+00,0.000000E+00,3.373814E-02,7.333863E+02,2.105217E-01,2.502254E+03,3.358867E+03,7.715569E-02,3.169206E+03,3.373814E-02,0.000000E+00,0.000000E+00
21:40:00,7.502470E-02,1.641600E+03,3.524610E-01,4.262118E+03,5.892907E+03,7.502470E-02,4.244413E+03,7.502470E-02,0.000000E+00,0.000000E+00,5.687358E-02,1.244439E+03,2.906071E-01,3.492331E+03,4.882183E+03,1.226762E-01,5.127942E+03,5.687358E-02,0.000000E+00,0.000000E+00,3.373814E-02,7.382174E+02,1.850152E-01,2.212627E+03,3.055458E+03,7.662067E-02,3.153673E+03,3.373814E-02,0.000000E+00,0.000000E+00,5.687358E-02,1.244439E+03,2.943963E-01,3.534633E+03,4.933130E+03,1.235411E-01,5.153059E+03,5.687358E-02,0.000000E+00,0.000000E+00,3.373814E-02,7.382174E+02,2.075315E-01,2.464020E+03,3.319031E+03,7.715673E-02,3.169237E+03,3.373814E-02,0.000000E+00,0.000000E+00
21:50:00,7.502470E-02,1.652343E+03,3.517449E-01,4.243357E+03,5.873556E+03,7.502470E-02,4.244413E+03,7.502470E-02,0.000000E+00,0.000000E+00,5.687358E-02,1.252583E+03,2.885686E-01,3.461402E+03,4.849905E+03,1.226777E-01,5.127986E+03,5.687358E-02,0.000000E+00,0.000000E+00,3.373814E-02,7.430484E+02,1.835837E-01,2.191797E+03,3.033711E+03,7.662161E-02,3.153701E+03,3.373814E-02,0.000000E+00,0.000000E+00,5.687358E-02,1.252583E+03,2.921574E-01,3.501465E+03,4.898490E+03,1.235427E-01,5.153105E+03,5.687358E-02,0.000000E+00,0.000000E+00,3.373814E-02,7.430484E+02,2.047069E-01,2.427635E+03,3.281086E+03,7.715767E-02,3.169264E+03,3.373814E-02,0.000000E+00,0.000000E+00
22:00:00,7.502470E-02,1.663086E+03,3.510728E-01,4.225107E+03,5.854759E+03,7.502470E-02,4.244413E+03,7.502470E-02,0.000000E+00,0.000000E+00,5.687358E-02,1.260727E+03,2.866091E-01,3.431379E+03,4.818566E+03,1.226791E-01,5.128027E+03,5.687358E-02,0.000000E+00,0.000000E+00,3.373814E-02,7.478795E+02,1.822017E-01,2.171536E+03,3.012556E+03,7.662247E-02,3.153726E+03,3.373814E-02,0.000000E+00,0.000000E+00,5.687358E-02,1.260727E+03,2.900109E-01,3.469354E+03,4.864951E+03,1.235441E-01,5.153146E+03,5.687358E-02,0.000000E+00,0.000000E+00,3.373814E-02,7.478795E+02,2.020567E-01,2.393214E+03,3.245189E+03,7.715852E-02,3.169289E+03,3.373814E-02,0.000000E+00,0.000000E+00
22:10:00,7.502470E-02,1.671442E+03,3.504172E-01,4.209432E+03,5.838591E+03,7.502470E-02,4.244413E+03,7.502470E-02,0.000000E+00,0.000000E+00,5.687358E-02,1.267061E+03,2.847160E-01,3.403908E+03,4.789849E+03,1.226803E-01,5.128064E+03,5.687358E-02,0.000000E+00,0.000000E+00,3.373814E-02,7.516369E+02,1.808629E-01,2.152830E+03,2.992999E+03,7.662325E-02,3.153749E+03,3.373814E-02,0.000000E+00,0.000000E+00,5.687358E-02,1.267061E+03,2.879443E-01,3.439947E+03,4.834190E+03,1.235454E-01,5.153184E+03,5.687358E-02,0.000000E+00,0.000000E+00,3.373814E-02,7.516369E+02,1.995652E-01,2.361639E+03,3.212236E+03,7.715930E-02,3.169312E+03,3.373814E-02,0.000000E+00,0.000000E+00
22:20:00,7.502470E-02,1.679797E+03,3.497861E-01,4.194029E+03,5.822707E+03,7.502470E-02,4.244413E+03,7.502470E-02,0.000000E+00,0.000000E+00,5.687358E-02,1.273395E+03,2.828942E-01,3.377234E+03,4.761947E+03,1.226815E-01,5.128099E+03,5.687358E-02,0.000000E+00,0.000000E+00,3.373814E-02,7.553944E+02,1.795700E-01,2.134638E+03,2.973969E+03,7.662396E-02,3.153770E+03,3.373814E-02,0.000000E+00,0.000000E+00,5.687358E-02,1.273395E+03,2.859628E-01,3.411489E+03,4.804408E+03,1.235466E-01,5.153219E+03,5.687358E-02,0.000000E+00,0.000000E+00,3.373814E-02,7.553944E+02,1.972241E-01,2.331744E+03,3.181027E+03,7.716001E-02,3.169333E+03,3.373814E-02,0.000000E+00,0.000000E+00
22:30:00,7.502470E-02,1.688153E+03,3.491760E-01,4.178862E+03,5.807069E+03,7.502470E-02,4.244413E+03,7.502470E-02,0.000000E+00,0.000000E+00,5.687358E-02,1.279729E+03,2.811385E-01,3.351298E+03,4.734796E+03,1.226826E-01,5.128130E+03,5.687358E-02,0.000000E+00,0.000000E+00,3.373814E-02,7.591519E+02,1.783203E-01,2.116927E+03,2.955430E+03,7.662462E-02,3.153790E+03,3.373814E-02,0.000000E+00,0.000000E+00,5.687358E-02,1.279729E+03,2.840606E-01,3.383918E+03,4.775533E+03,1.235476E-01,5.153251E+03,5.687358E-02,0.000000E+00,0.000000E+00,3.373814E-02,7.591519E+02,1.950210E-01,2.303389E+03,3.151409E+03,7.716067E-02,3.169352E+03,3.373814E-02,0.000000E+00,0.000000E+00
22:40:00,7.502470E-02,1.696509E+03,3.485849E-01,4.163907E+03,5.791650E+03,7.502470E-02,4.244413E+03,7.502470E-02,0.000000E+00,0.000000E+00,5.687358E-02,1.286063E+03,2.794451E-01,3.326058E+03,4.708358E+03,1.226836E-01,5.128159E+03,5.687358E-02,0.000000E+00,0.000000E+00,3.373814E-02,7.629094E+02,1.771115E-01,2.099674E+03,2.937358E+03,7.662523E-02,3.153807E+03,3.373814E-02,0.000000E+00,0.000000E+00,5.687358E-02,1.286063E+03,2.822336E-01,3.357186E+03,4.747522E+03,1.235486E-01,5.153280E+03,5.687358E-02,0.000000E+00,0.000000E+00,3.373814E-02,7.629094E+02,1.929446E-01,2.276449E+03,3.123258E+03,7.716127E-02,3.169370E+03,3.373814E-02,0.000000E+00,0.000000E+00
22:50:00,7.502470E-02,1.704864E+03,3.480113E-01,4.149146E+03,5.776431E+03,7.502470E-02,4.244413E+03,7.502470E-02,0.000000E+00,0.000000E+00,5.687358E-02,1.292398E+03,2.778108E-01,3.301477E+03,4.682608E+03,1.226845E-01,5.128186E+03,5.687358E-02,0.000000E+00,0.000000E+00,3.373814E-02,7.666668E+02,1.759418E-01,2.082857E+03,2.919741E+03,7.662579E-02,3.153824E+03,3.373814E-02,0.000000E+00,0.000000E+00,5.687358E-02,1.292398E+03,2.804778E-01,3.331248E+03,4.720341E+03,1.235496E-01,5.153308E+03,5.687358E-02,0.000000E+00,0.000000E+00,3.373814E-02,7.666668E+02,1.909847E-01,2.250809E+03,3.096462E+03,7.716183E-02,3.169387E+03,3.373814E-02,0.000000E+00,0.000000E+00
23:00:00,7.502470E-02,1.713220E+03,3.474535E-01,4.134563E+03,5.761395E+03,7.502470E-02,4.244413E+03,7.502470E-02,0.000000E+00,0.000000E+00,5.687358E-02,1.298732E+03,2.762327E-01,3.277524E+03,4.657520E+03,1.226853E-01,5.128212E+03,5.687358E-02,0.000000E+00,0.000000E+00,3.373814E-02,7.704243E+02,1.748094E-01,2.066457E+03,2.902564E+03,7.662632E-02,3.153839E+03,3.373814E-02,0.000000E+00,0.000000E+00,5.687358E-02,1.298732E+03,2.787893E-01,3.306063E+03,4.693956E+03,1.235505E-01,5.153333E+03,5.687358E-02,0.000000E+00,0.000000E+00,3.373814E-02,7.704243E+02,1.891318E-01,2.226364E+03,3.070918E+03,7.716236E-02,3.169402E+03,3.373814E-02,0.000000E+00,0.000000E+00
23:10:00,7.502470E-02,1.721576E+03,3.469102E-01,4.120142E+03,5.746526E+03,7.502470E-02,4.244413E+03,7.502470E-02,0.000000E+00,0.000000E+00,5.687358E-02,1.305066E+03,2.746924E-01,3.253993E+03,4.632860E+03,1.226862E-01,5.128235E+03,5.687358E-02,0.000000E+00,0.000000E+00,3.373814E-02,7.741818E+02,1.737033E-01,2.050350E+03,2.885684E+03,7.662681E-02,3.153854E+03,3.373814E-02,0.000000E+00,0.000000E+00,5.687358E-02,1.305066E+03,2.771494E-01,3.281420E+03,4.668124E+03,1.235513E-01,5.153357E+03,5.687358E-02,0.000000E+00,0.000000E+00,3.373814E-02,7.741818E+02,1.873680E-01,2.202914E+03,3.046402E+03,7.716284E-02,3.169416E+03,3.373814E-02,0.000000E+00,0.000000E+00
23:20:00,7.502470E-02,1.729931E+03,3.463802E-01,4.105868E+03,5.731809E+03,7.502470E-02,4.244413E+03,7.502470E-02,0.000000E+00,0.000000E+00,5.687358E-02,1.311400E+03,2.731879E-01,3.230861E+03,4.608607E+03,1.226869E-01,5.128258E+03,5.687358E-02,0.000000E+00,0.000000E+00,3.373814E-02,7.779393E+02,1.726222E-01,2.034522E+03,2.869090E+03,7.662727E-02,3.153867E+03,3.373814E-02,0.000000E+00,0.000000E+00,5.687358E-02,1.311400E+03,2.755546E-01,3.257279E+03,4.642809E+03,1.235521E-01,5.153380E+03,5.687358E-02,0.000000E+00,0.000000E+00,3.373814E-02,7.779393E+02,1.856856E-01,2.180373E+03,3.022829E+03,7.716330E-02,3.169430E+03,3.373814E-02,0.000000E+00,0.000000E+00
23:30:00,7.502470E-02,1.738287E+03,3.458620E-01,4.091727E+03,5.717227E+03,7.502470E-02,4.244413E+03,7.502470E-02,0.000000E+00,0.000000E+00,5.687358E-02,1.317734E+03,2.717165E-01,3.208099E+03,4.584732E+03,1.226876E-01,5.128279E+03,5.687358E-02,0.000000E+00,0.000000E+00,3.373814E-02,7.816968E+02,1.715644E-01,2.018956E+03,2.852764E+03,7.662770E-02,3.153880E+03,3.373814E-02,0.000000E+00,0.000000E+00,5.687358E-02,1.317734E+03,2.740013E-01,3.233603E+03,4.617970E+03,1.235528E-01,5.153401E+03,5.687358E-02,0.000000E+00,0.000000E+00,3.373814E-02,7.816968E+02,1.840774E-01,2.158660E+03,3.000114E+03,7.716374E-02,3.169442E+03,3.373814E-02,0.000000E+00,0.000000E+00
23:40:00,7.502470E-02,1.746642E+03,3.453546E-01,4.077706E+03,5.702769E+03,7.502470E-02,4.244413E+03,7.502470E-02,0.000000E+00,0.000000E+00,5.687358E-02,1.324068E+03,2.702758E-01,3.185680E+03,4.561208E+03,1.226883E-01,5.128299E+03,5.687358E-02,0.000000E+00,0.000000E+00,3.373814E-02,7.854542E+02,1.705286E-01,2.003634E+03,2.836688E+03,7.662812E-02,3.153892E+03,3.373814E-02,0.000000E+00,0.000000E+00,5.687358E-02,1.324068E+03,2.724863E-01,3.210354E+03,4.593573E+03,1.235535E-01,5.153422E+03,5.687358E-02,0.000000E+00,0.000000E+00,3.373814E-02,7.854542E+02,1.825367E-01,2.137701E+03,2.978181E+03,7.716415E-02,3.169454E+03,3.373814E-02,0.000000E+00,0.000000E+00
23:50:00,7.502470E-02,1.754998E+03,3.448569E-01,4.063793E+03,5.688421E+03,7.502470E-02,4.244413E+03,7.502470E-02,0.000000E+00,0.000000E+00,5.687358E-02,1.330402E+03,2.688636E-01,3.163580E+03,4.538011E+03,1.226890E-01,5.128318E+03,5.687358E-02,0.000000E+00,0.000000E+00,3.373814E-02,7.892117E+02,1.695133E-01,1.988540E+03,2.820847E+03,7.662851E-02,3.153903E+03,3.373814E-02,0.000000E+00,0.000000E+00,5.687358E-02,1.330402E+03,2.710066E-01,3.187500E+03,4.569580E+03,1.235541E-01,5.153441E+03,5.687358E-02,0.000000E+00,0.000000E+00,3.373814E-02,7.892117E+02,1.810574E-01,2.117428E+03,2.956958E+03,7.716454E-02,3.169466E+03,3.373814E-02,0.000000E+00,0.000000E+00
24:00:00,7.502470E-02,1.763354E+03,3.443679E-01,4.049978E+03,5.674173E+03,7.502470E-02,4.244413E+03,7.502470E-02,0.000000E+00,0.000000E+00,5.687358E-02,1.336736E+03,2.674780E-01,3.141775E+03,4.515116E+03,1.226896E-01,5.128336E+03,5.687358E-02,0.000000E+00,0.000000E+00,3.373814E-02,7.929692E+02,1.685172E-01,1.973661E+03,2.805225E+03,7.662888E-02,3.153914E+03,3.373814E-02,0.000000E+00,0.000000E+00,5.687358E-02,1.336736E+03,2.695594E-01,3.165009E+03,4.545962E+03,1.235548E-01,5.153459E+03,5.687358E-02,0.000000E+00,0.000000E+00,3.373814E-02,7.929692E+02,1.796342E-01,2.097780E+03,2.936383E+03,7.716491E-02,3.169476E+03,3.373814E-02,0.000000E+00,0.000000E+00
Coinc Peak   ,7.502470E-02,3.658788E-01,4.244413E+03,4.813767E+03,1.226896E-01,3.519514E-01,5.128336E+03,4.501508E+03,7.662888E-02,2.688073E-01,3.153914E+03,3.261963E+03,1.235548E-01,3.476065E-01,5.153459E+03,4.449929E+03,7.716491E-02,3.026501E-01,3.169476E+03,3.660378E+03
NonCoinc Peak,7.502470E-02,3.658788E-01,4.244413E+03,4.813767E+03,1.226896E-01,3.519514E-01,5.128336E+03,4.501508E+03,7.662888E-02,2.688073E-01,3.153914E+03,3.261963E+03,1.235548E-01,3.476065E-01,5.153459E+03,4.449929E+03,7.716491E-02,3.026501E-01,3.169476E+03,3.660378E+03
