Time,CORE_ZN ZN:ATLANTA-HARTSFIELD.JACKSON.INTL.AP_GA_USA ANN HTG 99.6% CONDNS DB:Des Heat Load [W],CORE_ZN ZN:ATLANTA-HARTSFIELD.JACKSON.INTL.AP_GA_USA ANN CLG .4% CONDNS DB=>MWB:Des Sens Cool Load [W],CORE_ZN ZN:ATLANTA-HARTSFIELD.JACKSON.INTL.AP_GA_USA ANN HTG 99.6% CONDNS DB:Des Heat Mass Flow [kg/s],CORE_ZN ZN:ATLANTA-HARTSFIELD.JACKSON.INTL.AP_GA_USA ANN CLG .4% CONDNS DB=>MWB:Des Cool Mass Flow [kg/s],PERIMETER_ZN_1 ZN:ATLANTA-HARTSFIELD.JACKSON.INTL.AP_GA_USA ANN HTG 99.6% CONDNS DB:Des Heat Load [W],PERIMETER_ZN_1 ZN:ATLANTA-HARTSFIELD.JACKSON.INTL.AP_GA_USA ANN CLG .4% CONDNS DB=>MWB:Des Sens Cool Load [W],PERIMETER_ZN_1 ZN:ATLANTA-HARTSFIELD.JACKSON.INTL.AP_GA_USA ANN HTG 99.6% CONDNS DB:Des Heat Mass Flow [kg/s],PERIMETER_ZN_1 ZN:ATLANTA-HARTSFIELD.JACKSON.INTL.AP_GA_USA ANN CLG .4% CONDNS DB=>MWB:Des Cool Mass Flow [kg/s],PERIMETER_ZN_2 ZN:ATLANTA-HARTSFIELD.JACKSON.INTL.AP_GA_USA ANN HTG 99.6% CONDNS DB:Des Heat Load [W],PERIMETER_ZN_2 ZN:ATLANTA-HARTSFIELD.JACKSON.INTL.AP_GA_USA ANN CLG .4% CONDNS DB=>MWB:Des Sens Cool Load [W],PERIMETER_ZN_2 ZN:ATLANTA-HARTSFIELD.JACKSON.INTL.AP_GA_USA ANN HTG 99.6% CONDNS DB:Des Heat Mass Flow [kg/s],PERIMETER_ZN_2 ZN:ATLANTA-HARTSFIELD.JACKSON.INTL.AP_GA_USA ANN CLG .4% CONDNS DB=>MWB:Des Cool Mass Flow [kg/s],PERIMETER_ZN_3 ZN:ATLANTA-HARTSFIELD.JACKSON.INTL.AP_GA_USA ANN HTG 99.6% CONDNS DB:Des Heat Load [W],PERIMETER_ZN_3 ZN:ATLANTA-HARTSFIELD.JACKSON.INTL.AP_GA_USA ANN CLG .4% CONDNS DB=>MWB:Des Sens Cool Load [W],PERIMETER_ZN_3 ZN:ATLANTA-HARTSFIELD.JACKSON.INTL.AP_GA_USA ANN HTG 99.6% CONDNS DB:Des Heat Mass Flow [kg/s],PERIMETER_ZN_3 ZN:ATLANTA-HARTSFIELD.JACKSON.INTL.AP_GA_USA ANN CLG .4% CONDNS DB=>MWB:Des Cool Mass Flow [kg/s],PERIMETER_ZN_4 ZN:ATLANTA-HARTSFIELD.JACKSON.INTL.AP_GA_USA ANN HTG 99.6% CONDNS DB:Des Heat Load [W],PERIMETER_ZN_4 ZN:ATLANTA-HARTSFIELD.JACKSON.INTL.AP_GA_USA ANN CLG .4% CONDNS DB=>MWB:Des Sens Cool Load [W],PERIMETER_ZN_4 ZN:ATLANTA-HARTSFIELD.JACKSON.INTL.AP_GA_USA ANN HTG 99.6% CONDNS DB:Des Heat Mass Flow [kg/s],PERIMETER_ZN_4 ZN:ATLANTA-HARTSFIELD.JACKSON.INTL.AP_GA_USA ANN CLG .4% CONDNS DB=>MWB:Des Cool Mass Flow [kg/s]
00:10:00,9.796226E+02,3.249636E+03,3.325323E-02,2.865587E-01,3.011915E+03,2.514744E+03,1.022322E-01,2.217643E-01,1.881206E+03,1.583212E+03,6.385260E-02,1.396167E-01,3.033165E+03,2.533879E+03,1.029532E-01,2.234521E-01,1.894367E+03,1.684543E+03,6.429931E-02,1.485523E-01
00:20:00,9.788216E+02,3.245004E+03,3.322604E-02,2.861502E-01,3.011647E+03,2.502171E+03,1.022231E-01,2.206556E-01,1.881066E+03,1.574180E+03,6.384783E-02,1.388202E-01,3.032897E+03,2.520824E+03,1.029441E-01,2.223009E-01,1.894227E+03,1.672066E+03,6.429455E-02,1.474520E-01
00:30:00,9.780260E+02,3.240434E+03,3.319904E-02,2.857473E-01,3.011381E+03,2.489873E+03,1.022140E-01,2.195711E-01,1.880926E+03,1.565341E+03,6.384309E-02,1.380408E-01,3.032631E+03,2.508088E+03,1.029351E-01,2.211778E-01,1.894088E+03,1.660033E+03,6.428982E-02,1.463910E-01
00:40:00,9.772360E+02,3.235923E+03,3.317222E-02,2.853495E-01,3.011116E+03,2.477837E+03,1.022051E-01,2.185097E-01,1.880787E+03,1.556688E+03,6.383838E-02,1.372778E-01,3.032367E+03,2.495653E+03,1.029261E-01,2.200813E-01,1.893949E+03,1.648413E+03,6.428513E-02,1.453663E-01
00:50:00,9.764513E+02,3.231465E+03,3.314559E-02,2.849563E-01,3.010853E+03,2.466054E+03,1.021961E-01,2.174707E-01,1.880649E+03,1.548213E+03,6.383370E-02,1.365305E-01,3.032105E+03,2.483507E+03,1.029172E-01,2.190102E-01,1.893812E+03,1.637175E+03,6.428046E-02,1.443753E-01
01:00:00,9.756721E+02,3.227056E+03,3.311913E-02,2.845676E-01,3.010592E+03,2.454515E+03,1.021873E-01,2.164531E-01,1.880512E+03,1.539911E+03,6.382905E-02,1.357984E-01,3.031844E+03,2.471637E+03,1.029083E-01,2.179635E-01,1.893675E+03,1.626292E+03,6.427583E-02,1.434156E-01
01:10:00,9.757272E+02,3.222848E+03,3.312101E-02,2.841966E-01,3.010618E+03,2.443349E+03,1.021881E-01,2.154685E-01,1.880527E+03,1.531850E+03,6.382954E-02,1.350875E-01,3.031870E+03,2.460168E+03,1.029092E-01,2.169521E-01,1.893690E+03,1.615819E+03,6.427631E-02,1.424920E-01
01:20:00,9.757820E+02,3.218684E+03,3.312286E-02,2.838293E-01,3.010643E+03,2.432478E+03,1.021890E-01,2.145099E-01,1.880541E+03,1.523992E+03,6.383001E-02,1.343945E-01,3.031895E+03,2.449024E+03,1.029100E-01,2.159694E-01,1.893704E+03,1.605699E+03,6.427679E-02,1.415997E-01
01:30:00,9.758363E+02,3.214560E+03,3.312471E-02,2.834657E-01,3.010667E+03,2.421899E+03,1.021898E-01,2.135770E-01,1.880555E+03,1.516333E+03,6.383048E-02,1.337191E-01,3.031919E+03,2.438198E+03,1.029109E-01,2.150148E-01,1.893717E+03,1.595916E+03,6.427725E-02,1.407370E-01
01:40:00,9.758902E+02,3.210476E+03,3.312654E-02,2.831056E-01,3.010692E+03,2.411609E+03,1.021906E-01,2.126696E-01,1.880568E+03,1.508871E+03,6.383094E-02,1.330611E-01,3.031944E+03,2.427686E+03,1.029117E-01,2.140877E-01,1.893731E+03,1.586456E+03,6.427771E-02,1.399028E-01
01:50:00,9.759436E+02,3.206432E+03,3.312835E-02,2.827490E-01,3.010716E+03,2.401605E+03,1.021914E-01,2.117874E-01,1.880582E+03,1.501605E+03,6.383140E-02,1.324204E-01,3.031968E+03,2.417482E+03,1.029125E-01,2.131879E-01,1.893744E+03,1.577306E+03,6.427817E-02,1.390959E-01
02:00:00,9.759967E+02,3.202426E+03,3.313015E-02,2.823958E-01,3.010739E+03,2.391887E+03,1.021922E-01,2.109304E-01,1.880595E+03,1.494532E+03,6.383185E-02,1.317967E-01,3.031992E+03,2.407584E+03,1.029133E-01,2.123151E-01,1.893757E+03,1.568456E+03,6.427862E-02,1.383155E-01
02:10:00,9.760494E+02,3.198459E+03,3.313194E-02,2.820460E-01,3.010762E+03,2.382381E+03,1.021930E-01,2.100922E-01,1.880608E+03,1.487611E+03,6.383229E-02,1.311863E-01,3.032015E+03,2.397919E+03,1.029141E-01,2.114628E-01,1.893770E+03,1.559852E+03,6.427906E-02,1.375568E-01
02:20:00,9.761017E+02,3.194530E+03,3.313372E-02,2.816995E-01,3.010785E+03,2.373088E+03,1.021938E-01,2.092727E-01,1.880621E+03,1.480839E+03,6.383273E-02,1.305892E-01,3.032038E+03,2.388483E+03,1.029149E-01,2.106307E-01,1.893783E+03,1.551488E+03,6.427949E-02,1.368192E-01
02:30:00,9.761536E+02,3.190638E+03,3.313548E-02,2.813563E-01,3.010808E+03,2.364005E+03,1.021946E-01,2.084717E-01,1.880633E+03,1.474215E+03,6.383316E-02,1.300051E-01,3.032061E+03,2.379271E+03,1.029157E-01,2.098184E-01,1.893796E+03,1.543353E+03,6.427992E-02,1.361018E-01
02:40:00,9.762051E+02,3.186783E+03,3.313723E-02,2.810164E-01,3.010831E+03,2.355129E+03,1.021954E-01,2.076891E-01,1.880646E+03,1.467737E+03,6.383358E-02,1.294338E-01,3.032084E+03,2.370281E+03,1.029165E-01,2.090256E-01,1.893808E+03,1.535440E+03,6.428035E-02,1.354041E-01
02:50:00,9.762562E+02,3.182964E+03,3.313896E-02,2.806796E-01,3.010853E+03,2.346458E+03,1.021961E-01,2.069244E-01,1.880658E+03,1.461403E+03,6.383400E-02,1.288753E-01,3.032106E+03,2.361507E+03,1.029172E-01,2.082520E-01,1.893821E+03,1.527742E+03,6.428077E-02,1.347252E-01
03:00:00,9.763070E+02,3.179179E+03,3.314069E-02,2.803459E-01,3.010875E+03,2.337988E+03,1.021969E-01,2.061775E-01,1.880671E+03,1.455211E+03,6.383442E-02,1.283293E-01,3.032128E+03,2.352947E+03,1.029180E-01,2.074971E-01,1.893833E+03,1.520250E+03,6.428118E-02,1.340646E-01
03:10:00,9.763574E+02,3.175430E+03,3.314240E-02,2.800153E-01,3.010897E+03,2.329649E+03,1.021976E-01,2.054422E-01,1.880683E+03,1.449118E+03,6.383483E-02,1.277919E-01,3.032150E+03,2.344528E+03,1.029187E-01,2.067547E-01,1.893845E+03,1.512917E+03,6.428159E-02,1.334179E-01
03:20:00,9.764074E+02,3.171714E+03,3.314410E-02,2.796876E-01,3.010918E+03,2.321438E+03,1.021983E-01,2.047181E-01,1.880695E+03,1.443121E+03,6.383524E-02,1.272631E-01,3.032172E+03,2.336245E+03,1.029194E-01,2.060242E-01,1.893857E+03,1.505735E+03,6.428200E-02,1.327846E-01
03:30:00,9.764571E+02,3.168031E+03,3.314578E-02,2.793629E-01,3.010940E+03,2.313350E+03,1.021990E-01,2.040049E-01,1.880707E+03,1.437218E+03,6.383564E-02,1.267426E-01,3.032193E+03,2.328092E+03,1.029202E-01,2.053053E-01,1.893869E+03,1.498698E+03,6.428240E-02,1.321640E-01
03:40:00,9.765064E+02,3.164380E+03,3.314746E-02,2.790408E-01,3.010961E+03,2.305381E+03,1.021998E-01,2.033022E-01,1.880718E+03,1.431405E+03,6.383604E-02,1.262299E-01,3.032214E+03,2.320062E+03,1.029209E-01,2.045972E-01,1.893881E+03,1.491798E+03,6.428280E-02,1.315556E-01
03:50:00,9.765554E+02,3.160758E+03,3.314912E-02,2.787215E-01,3.010982E+03,2.297525E+03,1.022005E-01,2.026094E-01,1.880730E+03,1.425678E+03,6.383643E-02,1.257249E-01,3.032235E+03,2.312152E+03,1.029216E-01,2.038996E-01,1.893892E+03,1.485028E+03,6.428319E-02,1.309586E-01
04:00:00,9.766040E+02,3.157165E+03,3.315077E-02,2.784046E-01,3.011002E+03,2.289777E+03,1.022012E-01,2.019261E-01,1.880741E+03,1.420034E+03,6.383682E-02,1.252273E-01,3.032256E+03,2.304353E+03,1.029223E-01,2.032119E-01,1.893904E+03,1.478382E+03,6.428358E-02,1.303725E-01
04:10:00,9.766522E+02,3.153599E+03,3.315241E-02,2.780902E-01,3.011023E+03,2.282198E+03,1.022019E-01,2.012578E-01,1.880753E+03,1.414510E+03,6.383721E-02,1.247401E-01,3.032277E+03,2.296725E+03,1.029230E-01,2.025393E-01,1.893915E+03,1.471894E+03,6.428396E-02,1.298004E-01
04:20:00,9.767002E+02,3.150061E+03,3.315403E-02,2.777782E-01,3.011043E+03,2.274784E+03,1.022026E-01,2.006040E-01,1.880764E+03,1.409102E+03,6.383759E-02,1.242632E-01,3.032297E+03,2.289260E+03,1.029237E-01,2.018810E-01,1.893926E+03,1.465560E+03,6.428435E-02,1.292418E-01
04:30:00,9.767477E+02,3.146550E+03,3.315565E-02,2.774686E-01,3.011063E+03,2.267532E+03,1.022032E-01,1.999646E-01,1.880775E+03,1.403808E+03,6.383797E-02,1.237964E-01,3.032317E+03,2.281959E+03,1.029244E-01,2.012371E-01,1.893937E+03,1.459374E+03,6.428472E-02,1.286963E-01
04:40:00,9.767950E+02,3.143065E+03,3.315725E-02,2.771613E-01,3.011083E+03,2.260442E+03,1.022039E-01,1.993393E-01,1.880786E+03,1.398627E+03,6.383834E-02,1.233396E-01,3.032337E+03,2.274821E+03,1.029251E-01,2.006078E-01,1.893948E+03,1.453332E+03,6.428510E-02,1.281636E-01
04:50:00,9.768419E+02,3.139607E+03,3.315884E-02,2.768564E-01,3.011103E+03,2.253511E+03,1.022046E-01,1.987281E-01,1.880797E+03,1.393559E+03,6.383871E-02,1.228926E-01,3.032357E+03,2.267846E+03,1.029257E-01,1.999927E-01,1.893959E+03,1.447433E+03,6.428546E-02,1.276434E-01
05:00:00,9.768885E+02,3.136176E+03,3.316042E-02,2.765539E-01,3.011122E+03,2.246739E+03,1.022052E-01,1.981310E-01,1.880808E+03,1.388601E+03,6.383908E-02,1.224554E-01,3.032377E+03,2.261033E+03,1.029264E-01,1.993919E-01,1.893970E+03,1.441673E+03,6.428583E-02,1.271354E-01
05:10:00,9.769347E+02,3.132773E+03,3.316199E-02,2.762538E-01,3.011141E+03,2.240331E+03,1.022059E-01,1.975658E-01,1.880819E+03,1.383877E+03,6.383944E-02,1.220388E-01,3.032396E+03,2.254585E+03,1.029271E-01,1.988233E-01,1.893981E+03,1.436174E+03,6.428619E-02,1.266506E-01
05:20:00,9.769806E+02,3.129401E+03,3.316355E-02,2.759564E-01,3.011161E+03,2.234288E+03,1.022065E-01,1.970330E-01,1.880829E+03,1.379389E+03,6.383980E-02,1.216431E-01,3.032415E+03,2.248527E+03,1.029277E-01,1.982890E-01,1.893991E+03,1.430941E+03,6.428655E-02,1.261891E-01
05:30:00,9.770262E+02,3.126062E+03,3.316510E-02,2.756620E-01,3.011179E+03,2.228613E+03,1.022072E-01,1.965325E-01,1.880840E+03,1.375138E+03,6.384016E-02,1.212682E-01,3.032435E+03,2.242852E+03,1.029284E-01,1.977887E-01,1.894002E+03,1.425973E+03,6.428691E-02,1.257510E-01
05:40:00,9.770715E+02,3.122761E+03,3.316664E-02,2.753709E-01,3.011198E+03,2.223313E+03,1.022078E-01,1.960652E-01,1.880850E+03,1.371128E+03,6.384051E-02,1.209146E-01,3.032453E+03,2.237568E+03,1.029290E-01,1.973227E-01,1.894012E+03,1.421273E+03,6.428726E-02,1.253365E-01
05:50:00,9.771164E+02,3.119507E+03,3.316816E-02,2.750840E-01,3.011217E+03,2.218965E+03,1.022085E-01,1.956818E-01,1.880860E+03,1.367849E+03,6.384086E-02,1.206254E-01,3.032472E+03,2.233335E+03,1.029296E-01,1.969494E-01,1.894022E+03,1.417157E+03,6.428761E-02,1.249735E-01
06:00:00,9.771611E+02,3.116345E+03,3.316968E-02,2.748052E-01,3.011235E+03,2.215946E+03,1.022091E-01,1.954156E-01,1.880871E+03,1.367605E+03,6.384121E-02,1.206039E-01,3.032491E+03,2.231915E+03,1.029303E-01,1.968242E-01,1.894033E+03,1.413828E+03,6.428795E-02,1.246801E-01
06:10:00,9.772054E+02,3.113393E+03,3.317118E-02,2.745449E-01,3.011254E+03,2.214752E+03,1.022097E-01,1.953103E-01,1.880881E+03,1.374792E+03,6.384155E-02,1.212378E-01,3.032509E+03,2.236059E+03,1.029309E-01,1.971898E-01,1.894043E+03,1.411581E+03,6.428829E-02,1.244819E-01
06:20:00,9.772494E+02,3.110847E+03,3.317268E-02,2.743203E-01,3.011272E+03,2.215862E+03,1.022103E-01,1.954083E-01,1.880891E+03,1.392242E+03,6.384189E-02,1.227768E-01,3.032527E+03,2.247054E+03,1.029315E-01,1.981595E-01,1.894053E+03,1.410660E+03,6.428863E-02,1.244008E-01
06:30:00,9.772931E+02,3.108919E+03,3.317416E-02,2.741504E-01,3.011290E+03,2.219533E+03,1.022109E-01,1.957321E-01,1.880901E+03,1.419483E+03,6.384222E-02,1.251794E-01,3.032545E+03,2.263882E+03,1.029321E-01,1.996436E-01,1.894062E+03,1.411189E+03,6.428897E-02,1.244474E-01
06:40:00,9.773365E+02,3.107796E+03,3.317563E-02,2.740513E-01,3.011307E+03,2.226051E+03,1.022115E-01,1.963070E-01,1.880910E+03,1.457081E+03,6.384256E-02,1.284953E-01,3.032563E+03,2.286237E+03,1.029327E-01,2.016153E-01,1.894072E+03,1.413296E+03,6.428930E-02,1.246333E-01
06:50:00,9.773795E+02,3.107622E+03,3.317709E-02,2.740360E-01,3.011325E+03,2.235106E+03,1.022121E-01,1.971057E-01,1.880920E+03,1.504971E+03,6.384289E-02,1.327191E-01,3.032581E+03,2.313158E+03,1.029333E-01,2.039896E-01,1.894082E+03,1.416775E+03,6.428963E-02,1.249402E-01
07:00:00,9.774223E+02,3.108474E+03,3.317855E-02,2.741112E-01,3.011342E+03,2.246925E+03,1.022127E-01,1.981480E-01,1.880930E+03,1.563780E+03,6.384321E-02,1.379057E-01,3.032598E+03,2.343984E+03,1.029339E-01,2.067083E-01,1.894092E+03,1.421723E+03,6.428995E-02,1.253766E-01
07:10:00,9.774648E+02,3.110170E+03,3.317999E-02,2.742598E-01,2.950908E+03,2.258032E+03,1.001614E-01,1.991265E-01,1.840638E+03,1.625142E+03,6.247562E-02,1.433166E-01,2.969371E+03,2.370797E+03,1.007878E-01,2.090719E-01,1.853800E+03,1.425808E+03,6.292236E-02,1.257362E-01
07:20:00,9.775070E+02,3.112730E+03,3.318142E-02,2.744835E-01,2.890405E+03,2.271122E+03,9.810792E-02,2.002788E-01,1.800300E+03,1.687956E+03,6.110653E-02,1.488544E-01,2.906070E+03,2.394276E+03,9.863937E-02,2.111401E-01,1.813462E+03,1.430875E+03,6.155328E-02,1.261817E-01
07:30:00,9.775487E+02,3.115937E+03,3.318284E-02,2.747641E-01,2.829907E+03,2.286120E+03,9.605462E-02,2.015988E-01,1.759966E+03,1.752456E+03,5.973760E-02,1.545403E-01,2.842776E+03,2.414764E+03,9.649116E-02,2.129440E-01,1.773128E+03,1.436893E+03,6.018435E-02,1.267108E-01
07:40:00,9.775898E+02,3.119542E+03,3.318423E-02,2.750799E-01,2.769371E+03,2.302859E+03,9.400011E-02,2.030724E-01,1.719606E+03,1.817701E+03,5.836788E-02,1.602915E-01,2.779442E+03,2.432063E+03,9.434171E-02,2.144666E-01,1.732768E+03,1.443801E+03,5.881463E-02,1.273183E-01
07:50:00,9.776300E+02,3.123327E+03,3.318560E-02,2.754115E-01,2.708807E+03,2.321221E+03,9.194472E-02,2.046888E-01,1.679229E+03,1.882831E+03,5.699758E-02,1.660324E-01,2.716079E+03,2.446229E+03,9.219134E-02,2.157127E-01,1.692390E+03,1.451581E+03,5.744432E-02,1.280027E-01
08:00:00,9.776692E+02,3.127114E+03,3.318693E-02,2.757434E-01,2.648218E+03,2.340722E+03,8.988852E-02,2.064057E-01,1.638834E+03,1.944580E+03,5.562675E-02,1.714748E-01,2.652690E+03,2.456126E+03,9.004015E-02,2.165823E-01,1.651995E+03,1.460022E+03,5.607348E-02,1.287452E-01
08:10:00,9.777072E+02,3.130980E+03,3.318822E-02,2.760832E-01,2.648058E+03,2.364276E+03,8.988350E-02,2.084808E-01,1.638726E+03,2.006587E+03,5.562337E-02,1.769406E-01,2.652523E+03,2.468337E+03,9.003489E-02,2.176569E-01,1.651887E+03,1.471138E+03,5.607008E-02,1.297242E-01
08:20:00,9.777438E+02,3.134723E+03,3.318946E-02,2.764125E-01,2.647944E+03,2.388713E+03,8.987999E-02,2.106345E-01,1.638650E+03,2.066712E+03,5.562104E-02,1.822411E-01,2.652406E+03,2.481338E+03,9.003131E-02,2.188020E-01,1.651810E+03,1.482883E+03,5.606773E-02,1.307592E-01
08:30:00,9.777792E+02,3.138560E+03,3.319066E-02,2.767499E-01,2.647807E+03,2.414021E+03,8.987568E-02,2.128649E-01,1.638558E+03,2.124770E+03,5.561815E-02,1.873593E-01,2.652264E+03,2.496274E+03,9.002684E-02,2.201177E-01,1.651718E+03,1.495307E+03,5.606482E-02,1.318539E-01
08:40:00,9.778135E+02,3.142637E+03,3.319183E-02,2.771084E-01,2.647690E+03,2.440757E+03,8.987201E-02,2.152212E-01,1.638480E+03,2.182017E+03,5.561568E-02,1.924062E-01,2.652143E+03,2.514371E+03,9.002304E-02,2.217122E-01,1.651639E+03,1.508756E+03,5.606234E-02,1.330392E-01
08:50:00,9.778469E+02,3.147121E+03,3.319296E-02,2.775028E-01,2.647585E+03,2.468249E+03,8.986872E-02,2.176444E-01,1.638409E+03,2.237180E+03,5.561347E-02,1.972693E-01,2.652035E+03,2.535422E+03,9.001964E-02,2.235674E-01,1.651568E+03,1.522911E+03,5.606012E-02,1.342866E-01
09:00:00,9.778794E+02,3.152149E+03,3.319406E-02,2.779452E-01,2.647491E+03,2.496306E+03,8.986576E-02,2.201174E-01,1.638346E+03,2.289699E+03,5.561147E-02,2.018993E-01,2.651938E+03,2.559378E+03,9.001658E-02,2.256788E-01,1.651504E+03,1.537697E+03,5.605811E-02,1.355898E-01
09:10:00,9.779114E+02,3.157769E+03,3.319515E-02,2.784398E-01,2.647407E+03,2.524676E+03,8.986309E-02,2.226181E-01,1.638290E+03,2.339057E+03,5.560967E-02,2.062506E-01,2.651851E+03,2.584501E+03,9.001382E-02,2.278931E-01,1.651447E+03,1.552989E+03,5.605631E-02,1.369376E-01
09:20:00,9.779429E+02,3.164014E+03,3.319622E-02,2.789901E-01,2.647332E+03,2.553279E+03,8.986071E-02,2.251398E-01,1.638239E+03,2.384940E+03,5.560805E-02,2.102960E-01,2.651774E+03,2.610190E+03,9.001136E-02,2.301579E-01,1.651396E+03,1.568693E+03,5.605468E-02,1.383222E-01
09:30:00,9.779740E+02,3.170701E+03,3.319727E-02,2.795798E-01,2.647265E+03,2.581926E+03,8.985858E-02,2.276657E-01,1.638193E+03,2.427069E+03,5.560661E-02,2.140106E-01,2.651704E+03,2.636061E+03,9.000915E-02,2.324391E-01,1.651351E+03,1.584755E+03,5.605323E-02,1.397384E-01
09:40:00,9.780050E+02,3.177773E+03,3.319832E-02,2.802034E-01,2.647206E+03,2.609916E+03,8.985669E-02,2.301337E-01,1.638153E+03,2.462684E+03,5.560531E-02,2.171509E-01,2.651643E+03,2.661251E+03,9.000720E-02,2.346602E-01,1.651310E+03,1.600689E+03,5.605194E-02,1.411434E-01
09:50:00,9.780358E+02,3.185141E+03,3.319937E-02,2.808530E-01,2.647153E+03,2.637768E+03,8.985501E-02,2.325895E-01,1.638117E+03,2.491851E+03,5.560416E-02,2.197227E-01,2.651588E+03,2.686285E+03,9.000546E-02,2.368675E-01,1.651274E+03,1.616797E+03,5.605079E-02,1.425637E-01
10:00:00,9.780665E+02,3.192728E+03,3.320041E-02,2.815220E-01,2.647107E+03,2.665516E+03,8.985353E-02,2.350362E-01,1.638085E+03,2.514463E+03,5.560314E-02,2.217164E-01,2.651540E+03,2.711098E+03,9.000393E-02,2.390554E-01,1.651243E+03,1.632981E+03,5.604977E-02,1.439908E-01
10:10:00,9.780971E+02,3.200543E+03,3.320145E-02,2.822116E-01,2.647066E+03,2.693129E+03,8.985223E-02,2.374714E-01,1.638057E+03,2.530247E+03,5.560224E-02,2.231084E-01,2.651498E+03,2.735760E+03,9.000258E-02,2.412305E-01,1.651215E+03,1.649250E+03,5.604887E-02,1.454255E-01
10:20:00,9.781277E+02,3.208369E+03,3.320249E-02,2.829020E-01,2.647031E+03,2.720502E+03,8.985109E-02,2.398854E-01,1.638032E+03,2.538944E+03,5.560145E-02,2.238755E-01,2.651461E+03,2.760175E+03,9.000139E-02,2.433836E-01,1.651190E+03,1.665512E+03,5.604807E-02,1.468596E-01
10:30:00,9.781583E+02,3.216264E+03,3.320353E-02,2.835981E-01,2.647000E+03,2.747705E+03,8.985010E-02,2.422840E-01,1.638011E+03,2.540426E+03,5.560075E-02,2.240061E-01,2.651429E+03,2.784286E+03,9.000036E-02,2.455096E-01,1.651168E+03,1.681693E+03,5.604738E-02,1.482864E-01
10:40:00,9.781889E+02,3.224175E+03,3.320457E-02,2.842957E-01,2.646973E+03,2.774678E+03,8.984923E-02,2.446624E-01,1.637992E+03,2.535718E+03,5.560013E-02,2.235908E-01,2.651401E+03,2.808163E+03,8.999946E-02,2.476150E-01,1.651149E+03,1.697812E+03,5.604676E-02,1.497077E-01
10:50:00,9.782196E+02,3.232142E+03,3.320561E-02,2.849987E-01,2.646949E+03,2.801411E+03,8.984849E-02,2.470201E-01,1.637975E+03,2.525686E+03,5.559960E-02,2.227066E-01,2.651376E+03,2.831730E+03,8.999868E-02,2.496935E-01,1.651133E+03,1.713786E+03,5.604623E-02,1.511165E-01
11:00:00,9.782502E+02,3.239975E+03,3.320665E-02,2.856897E-01,2.646929E+03,2.827709E+03,8.984785E-02,2.493393E-01,1.637960E+03,2.510484E+03,5.559913E-02,2.213663E-01,2.651355E+03,2.854931E+03,8.999801E-02,2.517396E-01,1.651118E+03,1.729559E+03,5.604576E-02,1.525076E-01
11:10:00,9.782809E+02,3.247690E+03,3.320769E-02,2.863696E-01,2.646912E+03,2.853464E+03,8.984730E-02,2.516099E-01,1.637948E+03,2.490257E+03,5.559873E-02,2.195823E-01,2.651338E+03,2.877494E+03,8.999744E-02,2.537287E-01,1.651106E+03,1.744939E+03,5.604536E-02,1.538635E-01
11:20:00,9.783116E+02,3.255485E+03,3.320873E-02,2.870570E-01,2.646897E+03,2.878903E+03,8.984683E-02,2.538531E-01,1.637937E+03,2.465392E+03,5.559837E-02,2.173898E-01,2.651322E+03,2.899619E+03,8.999695E-02,2.556797E-01,1.651095E+03,1.760039E+03,5.604501E-02,1.551950E-01
11:30:00,9.783422E+02,3.263167E+03,3.320977E-02,2.877353E-01,2.646885E+03,2.903837E+03,8.984644E-02,2.560526E-01,1.637928E+03,2.436229E+03,5.559807E-02,2.148189E-01,2.651309E+03,2.921115E+03,8.999654E-02,2.575761E-01,1.651085E+03,1.774736E+03,5.604471E-02,1.564915E-01
11:40:00,9.783729E+02,3.270724E+03,3.321081E-02,2.884027E-01,2.646875E+03,2.928218E+03,8.984612E-02,2.582034E-01,1.637920E+03,2.404244E+03,5.559781E-02,2.119992E-01,2.651298E+03,2.941943E+03,8.999619E-02,2.594136E-01,1.651078E+03,1.789002E+03,5.604445E-02,1.577500E-01
11:50:00,9.784036E+02,3.278091E+03,3.321185E-02,2.890529E-01,2.646867E+03,2.951975E+03,8.984585E-02,2.602987E-01,1.637913E+03,2.374175E+03,5.559759E-02,2.093482E-01,2.651290E+03,2.962015E+03,8.999591E-02,2.611840E-01,1.651071E+03,1.802778E+03,5.604423E-02,1.589650E-01
12:00:00,9.784342E+02,3.285446E+03,3.321289E-02,2.897020E-01,2.646860E+03,2.975265E+03,8.984564E-02,2.623529E-01,1.637907E+03,2.347240E+03,5.559741E-02,2.069736E-01,2.651282E+03,2.981463E+03,8.999568E-02,2.628994E-01,1.651065E+03,1.816130E+03,5.604405E-02,1.601427E-01
12:10:00,9.784648E+02,3.292700E+03,3.321393E-02,2.903427E-01,2.646854E+03,2.998097E+03,8.984547E-02,2.643672E-01,1.637902E+03,2.324256E+03,5.559725E-02,2.049476E-01,2.651276E+03,3.000360E+03,8.999549E-02,2.645667E-01,1.651060E+03,1.829091E+03,5.604389E-02,1.612861E-01
12:20:00,9.784953E+02,3.299818E+03,3.321497E-02,2.909709E-01,2.646850E+03,3.020363E+03,8.984534E-02,2.663310E-01,1.637898E+03,2.305834E+03,5.559712E-02,2.033237E-01,2.651272E+03,3.018680E+03,8.999535E-02,2.661826E-01,1.651056E+03,1.841623E+03,5.604376E-02,1.623915E-01
12:30:00,9.785257E+02,3.306888E+03,3.321600E-02,2.915943E-01,2.646847E+03,3.042145E+03,8.984525E-02,2.682516E-01,1.637895E+03,2.292477E+03,5.559701E-02,2.021460E-01,2.651268E+03,3.036523E+03,8.999525E-02,2.677559E-01,1.651053E+03,1.853774E+03,5.604366E-02,1.634628E-01
12:40:00,9.785561E+02,3.313931E+03,3.321703E-02,2.922153E-01,2.646845E+03,3.063504E+03,8.984519E-02,2.701349E-01,1.637892E+03,2.283604E+03,5.559693E-02,2.013636E-01,2.651266E+03,3.053944E+03,8.999518E-02,2.692920E-01,1.651050E+03,1.865564E+03,5.604358E-02,1.645024E-01
12:50:00,9.785864E+02,3.320941E+03,3.321806E-02,2.928334E-01,2.646844E+03,3.084466E+03,8.984516E-02,2.719833E-01,1.637890E+03,2.275325E+03,5.559686E-02,2.006337E-01,2.651265E+03,3.070986E+03,8.999513E-02,2.707947E-01,1.651048E+03,1.877013E+03,5.604351E-02,1.655120E-01
13:00:00,9.786166E+02,3.327904E+03,3.321909E-02,2.934474E-01,2.646844E+03,3.105035E+03,8.984516E-02,2.737970E-01,1.637888E+03,2.267388E+03,5.559681E-02,1.999338E-01,2.651264E+03,3.087684E+03,8.999512E-02,2.722670E-01,1.651047E+03,1.888147E+03,5.604346E-02,1.664937E-01
13:10:00,9.786467E+02,3.335031E+03,3.322011E-02,2.940758E-01,2.646844E+03,3.125319E+03,8.984518E-02,2.755855E-01,1.637887E+03,2.259905E+03,5.559678E-02,1.992740E-01,2.651264E+03,3.104191E+03,8.999512E-02,2.737225E-01,1.651046E+03,1.899062E+03,5.604343E-02,1.674562E-01
13:20:00,9.786767E+02,3.341891E+03,3.322113E-02,2.946828E-01,2.646845E+03,3.144961E+03,8.984521E-02,2.773195E-01,1.637886E+03,2.252805E+03,5.559675E-02,1.986491E-01,2.651264E+03,3.120189E+03,8.999515E-02,2.751352E-01,1.651045E+03,1.909585E+03,5.604340E-02,1.683852E-01
13:30:00,9.787066E+02,3.348724E+03,3.322214E-02,2.952875E-01,2.646846E+03,3.164081E+03,8.984526E-02,2.790076E-01,1.637886E+03,2.246284E+03,5.559674E-02,1.980755E-01,2.651266E+03,3.135858E+03,8.999519E-02,2.765189E-01,1.651044E+03,1.919824E+03,5.604339E-02,1.692893E-01
13:40:00,9.787364E+02,3.355419E+03,3.322315E-02,2.958801E-01,2.646848E+03,3.182518E+03,8.984533E-02,2.806355E-01,1.637886E+03,2.240364E+03,5.559674E-02,1.975549E-01,2.651267E+03,3.151096E+03,8.999525E-02,2.778647E-01,1.651044E+03,1.929730E+03,5.604339E-02,1.701641E-01
13:50:00,9.787660E+02,3.361975E+03,3.322416E-02,2.964605E-01,2.646851E+03,3.200156E+03,8.984541E-02,2.821930E-01,1.637886E+03,2.235061E+03,5.559675E-02,1.970886E-01,2.651269E+03,3.165865E+03,8.999532E-02,2.791693E-01,1.651044E+03,1.939634E+03,5.604340E-02,1.710387E-01
14:00:00,9.787954E+02,3.368387E+03,3.322516E-02,2.970282E-01,2.646853E+03,3.216900E+03,8.984550E-02,2.836716E-01,1.637886E+03,2.230346E+03,5.559676E-02,1.966743E-01,2.651272E+03,3.180114E+03,8.999541E-02,2.804279E-01,1.651045E+03,1.953962E+03,5.604341E-02,1.723034E-01
14:10:00,9.788248E+02,3.374433E+03,3.322615E-02,2.975636E-01,2.646856E+03,3.232346E+03,8.984561E-02,2.850359E-01,1.637887E+03,2.225997E+03,5.559678E-02,1.962921E-01,2.651274E+03,3.193496E+03,8.999550E-02,2.816101E-01,1.651045E+03,1.973704E+03,5.604343E-02,1.740456E-01
14:20:00,9.788540E+02,3.380537E+03,3.322714E-02,2.981020E-01,2.646859E+03,3.246729E+03,8.984572E-02,2.863043E-01,1.637888E+03,2.222115E+03,5.559681E-02,1.959500E-01,2.651277E+03,3.206290E+03,8.999561E-02,2.827384E-01,1.651046E+03,1.999855E+03,5.604346E-02,1.763519E-01
14:30:00,9.788830E+02,3.386457E+03,3.322813E-02,2.986241E-01,2.646863E+03,3.259938E+03,8.984584E-02,2.874691E-01,1.637889E+03,2.218524E+03,5.559684E-02,1.956334E-01,2.651280E+03,3.218265E+03,8.999572E-02,2.837944E-01,1.651047E+03,2.033049E+03,5.604349E-02,1.792792E-01
14:40:00,9.789119E+02,3.392300E+03,3.322911E-02,2.991393E-01,2.646866E+03,3.272069E+03,8.984596E-02,2.885387E-01,1.637890E+03,2.215171E+03,5.559688E-02,1.953377E-01,2.651284E+03,3.229451E+03,8.999584E-02,2.847808E-01,1.651048E+03,2.073669E+03,5.604353E-02,1.828613E-01
14:50:00,9.789406E+02,3.398060E+03,3.323008E-02,2.996472E-01,2.646870E+03,3.283104E+03,8.984610E-02,2.895118E-01,1.637891E+03,2.211961E+03,5.559692E-02,1.950547E-01,2.651288E+03,3.239796E+03,8.999596E-02,2.856930E-01,1.651049E+03,2.121801E+03,5.604357E-02,1.871059E-01
15:00:00,9.789691E+02,3.403736E+03,3.323105E-02,3.001477E-01,2.646874E+03,3.293015E+03,8.984623E-02,2.903857E-01,1.637892E+03,2.208806E+03,5.559696E-02,1.947765E-01,2.651291E+03,3.249254E+03,8.999609E-02,2.865270E-01,1.651051E+03,2.173271E+03,5.604362E-02,1.916447E-01
15:10:00,9.789975E+02,3.409308E+03,3.323202E-02,3.006391E-01,2.646878E+03,3.301712E+03,8.984638E-02,2.911526E-01,1.637894E+03,2.205569E+03,5.559701E-02,1.944911E-01,2.651295E+03,3.257691E+03,8.999623E-02,2.872709E-01,1.651052E+03,2.227067E+03,5.604366E-02,1.963887E-01
15:20:00,9.790257E+02,3.414749E+03,3.323297E-02,3.011188E-01,2.646883E+03,3.309212E+03,8.984652E-02,2.918139E-01,1.637895E+03,2.202185E+03,5.559706E-02,1.941926E-01,2.651299E+03,3.265071E+03,8.999637E-02,2.879216E-01,1.651053E+03,2.282530E+03,5.604371E-02,2.012796E-01
15:30:00,9.790538E+02,3.420024E+03,3.323393E-02,3.015839E-01,2.646887E+03,3.315363E+03,8.984667E-02,2.923562E-01,1.637897E+03,2.198569E+03,5.559712E-02,1.938738E-01,2.651304E+03,3.271335E+03,8.999651E-02,2.884739E-01,1.651055E+03,2.338985E+03,5.604377E-02,2.062580E-01
15:40:00,9.790817E+02,3.425101E+03,3.323487E-02,3.020316E-01,2.646892E+03,3.320089E+03,8.984682E-02,2.927729E-01,1.637898E+03,2.194643E+03,5.559717E-02,1.935276E-01,2.651308E+03,3.276430E+03,8.999666E-02,2.889232E-01,1.651057E+03,2.396101E+03,5.604382E-02,2.112946E-01
15:50:00,9.791094E+02,3.429945E+03,3.323581E-02,3.024588E-01,2.646896E+03,3.323388E+03,8.984698E-02,2.930637E-01,1.637900E+03,2.190332E+03,5.559723E-02,1.931474E-01,2.651312E+03,3.280312E+03,8.999680E-02,2.892654E-01,1.651058E+03,2.453391E+03,5.604388E-02,2.163465E-01
16:00:00,9.791369E+02,3.434524E+03,3.323675E-02,3.028625E-01,2.646901E+03,3.325268E+03,8.984714E-02,2.932294E-01,1.637902E+03,2.185564E+03,5.559729E-02,1.927270E-01,2.651317E+03,3.282934E+03,8.999696E-02,2.894966E-01,1.651060E+03,2.509427E+03,5.604394E-02,2.212877E-01
16:10:00,9.791643E+02,3.438801E+03,3.323768E-02,3.032396E-01,2.646905E+03,3.325988E+03,8.984729E-02,2.932929E-01,1.637904E+03,2.180423E+03,5.559735E-02,1.922736E-01,2.651321E+03,3.284496E+03,8.999711E-02,2.896343E-01,1.651062E+03,2.562988E+03,5.604400E-02,2.260108E-01
16:20:00,9.791915E+02,3.442740E+03,3.323860E-02,3.035870E-01,2.646910E+03,3.325519E+03,8.984746E-02,2.932515E-01,1.637905E+03,2.174829E+03,5.559741E-02,1.917804E-01,2.651326E+03,3.284925E+03,8.999726E-02,2.896721E-01,1.651064E+03,2.613393E+03,5.604406E-02,2.304554E-01
16:30:00,9.792185E+02,3.446306E+03,3.323952E-02,3.039015E-01,2.646915E+03,3.323863E+03,8.984762E-02,2.931054E-01,1.637907E+03,2.168732E+03,5.559748E-02,1.912428E-01,2.651330E+03,3.284170E+03,8.999742E-02,2.896054E-01,1.651066E+03,2.660055E+03,5.604412E-02,2.345700E-01
16:40:00,9.792454E+02,3.449312E+03,3.324043E-02,3.041654E-01,2.646920E+03,3.320891E+03,8.984778E-02,2.928423E-01,1.637909E+03,2.162010E+03,5.559754E-02,1.906493E-01,2.651335E+03,3.282060E+03,8.999758E-02,2.894183E-01,1.651067E+03,2.702322E+03,5.604419E-02,2.382961E-01
16:50:00,9.792720E+02,3.451906E+03,3.324133E-02,3.043919E-01,2.646925E+03,3.316741E+03,8.984795E-02,2.924741E-01,1.637911E+03,2.154709E+03,5.559760E-02,1.900043E-01,2.651340E+03,3.278718E+03,8.999774E-02,2.891215E-01,1.651069E+03,2.739706E+03,5.604425E-02,2.415908E-01
17:00:00,9.792985E+02,3.454064E+03,3.324223E-02,3.045799E-01,2.646929E+03,3.310598E+03,8.984811E-02,2.919303E-01,1.637913E+03,2.146366E+03,5.559767E-02,1.892672E-01,2.651344E+03,3.273415E+03,8.999790E-02,2.886516E-01,1.651071E+03,2.771207E+03,5.604432E-02,2.443666E-01
17:10:00,9.793249E+02,3.455727E+03,3.324313E-02,3.047242E-01,2.646934E+03,3.302954E+03,8.984828E-02,2.912540E-01,1.637915E+03,2.137242E+03,5.559774E-02,1.884613E-01,2.651349E+03,3.266622E+03,8.999806E-02,2.880505E-01,1.651073E+03,2.798309E+03,5.604439E-02,2.467545E-01
17:20:00,9.793510E+02,3.456874E+03,3.324402E-02,3.048230E-01,2.646939E+03,3.293813E+03,8.984844E-02,2.904458E-01,1.637917E+03,2.127342E+03,5.559781E-02,1.875870E-01,2.651354E+03,3.258731E+03,8.999822E-02,2.873525E-01,1.651075E+03,2.820796E+03,5.604445E-02,2.487355E-01
17:30:00,9.793770E+02,3.457497E+03,3.324490E-02,3.048757E-01,2.646944E+03,3.283118E+03,8.984861E-02,2.895006E-01,1.637919E+03,2.116646E+03,5.559787E-02,1.866425E-01,2.651359E+03,3.250511E+03,8.999838E-02,2.866255E-01,1.651077E+03,2.838253E+03,5.604452E-02,2.502729E-01
17:40:00,9.794028E+02,3.457775E+03,3.324577E-02,3.048990E-01,2.646949E+03,3.270927E+03,8.984878E-02,2.884243E-01,1.637921E+03,2.105221E+03,5.559794E-02,1.856344E-01,2.651363E+03,3.244016E+03,8.999854E-02,2.860515E-01,1.651079E+03,2.850563E+03,5.604459E-02,2.513573E-01
17:50:00,9.794285E+02,3.457629E+03,3.324665E-02,3.048860E-01,2.646954E+03,3.257013E+03,8.984894E-02,2.871974E-01,1.637923E+03,2.092976E+03,5.559801E-02,1.845546E-01,2.651368E+03,3.239539E+03,8.999870E-02,2.856567E-01,1.651081E+03,2.857492E+03,5.604466E-02,2.519681E-01
18:00:00,9.794540E+02,3.457187E+03,3.324751E-02,3.048471E-01,2.646959E+03,3.242089E+03,8.984911E-02,2.858814E-01,1.637925E+03,2.080346E+03,5.559808E-02,1.834409E-01,2.651373E+03,3.237964E+03,8.999887E-02,2.855179E-01,1.651083E+03,2.860219E+03,5.604473E-02,2.522084E-01
18:10:00,9.794793E+02,3.456591E+03,3.324837E-02,3.047944E-01,2.707416E+03,3.225408E+03,9.190127E-02,2.844105E-01,1.678228E+03,2.066952E+03,5.696614E-02,1.822598E-01,2.714623E+03,3.238553E+03,9.214583E-02,2.855699E-01,1.691386E+03,2.857185E+03,5.741279E-02,2.519409E-01
18:20:00,9.795044E+02,3.455889E+03,3.324922E-02,3.047325E-01,2.767895E+03,3.206876E+03,9.395415E-02,2.827764E-01,1.718547E+03,2.052783E+03,5.833470E-02,1.810104E-01,2.777896E+03,3.240513E+03,9.429356E-02,2.857427E-01,1.731705E+03,2.847801E+03,5.878134E-02,2.511133E-01
18:30:00,9.795294E+02,3.455068E+03,3.325007E-02,3.046602E-01,2.828401E+03,3.186485E+03,9.600788E-02,2.809783E-01,1.758884E+03,2.037861E+03,5.970381E-02,1.796946E-01,2.841198E+03,3.241978E+03,9.644216E-02,2.858719E-01,1.772042E+03,2.831675E+03,6.015046E-02,2.496913E-01
18:40:00,9.795544E+02,3.454031E+03,3.325092E-02,3.045687E-01,2.888948E+03,3.163828E+03,9.806289E-02,2.789804E-01,1.799247E+03,2.021972E+03,6.107377E-02,1.782936E-01,2.904542E+03,3.238311E+03,9.859210E-02,2.855486E-01,1.812406E+03,2.805346E+03,6.152043E-02,2.473696E-01
18:50:00,9.795797E+02,3.452553E+03,3.325178E-02,3.044384E-01,2.949530E+03,3.139240E+03,1.001190E-01,2.768123E-01,1.839634E+03,2.005297E+03,6.244444E-02,1.768232E-01,2.967922E+03,3.229307E+03,1.007431E-01,2.847546E-01,1.852793E+03,2.770337E+03,6.289111E-02,2.442825E-01
19:00:00,9.796055E+02,3.450365E+03,3.325265E-02,3.042455E-01,3.010142E+03,3.112788E+03,1.021760E-01,2.744797E-01,1.880041E+03,1.987853E+03,6.381573E-02,1.752850E-01,3.031334E+03,3.214322E+03,1.028952E-01,2.834332E-01,1.893201E+03,2.726483E+03,6.426240E-02,2.404154E-01
19:10:00,9.796319E+02,3.447229E+03,3.325355E-02,3.039689E-01,3.010329E+03,3.094716E+03,1.021818E-01,2.728863E-01,1.880164E+03,1.976402E+03,6.381956E-02,1.742754E-01,3.031529E+03,3.203244E+03,1.029013E-01,2.824564E-01,1.893324E+03,2.680560E+03,6.426625E-02,2.363661E-01
19:20:00,9.796593E+02,3.442976E+03,3.325448E-02,3.035938E-01,3.010518E+03,3.075004E+03,1.021877E-01,2.711485E-01,1.880288E+03,1.964205E+03,6.382339E-02,1.732001E-01,3.031724E+03,3.183669E+03,1.029073E-01,2.807306E-01,1.893448E+03,2.624099E+03,6.427010E-02,2.313877E-01
19:30:00,9.796878E+02,3.437494E+03,3.325545E-02,3.031104E-01,3.010700E+03,3.053835E+03,1.021934E-01,2.692824E-01,1.880407E+03,1.951305E+03,6.382710E-02,1.720631E-01,3.031913E+03,3.156182E+03,1.029132E-01,2.783074E-01,1.893568E+03,2.559142E+03,6.427381E-02,2.256605E-01
19:40:00,9.797171E+02,3.430778E+03,3.325644E-02,3.025183E-01,3.010860E+03,3.032053E+03,1.021984E-01,2.673625E-01,1.880511E+03,1.938091E+03,6.383034E-02,1.708984E-01,3.032078E+03,3.125604E+03,1.029184E-01,2.756118E-01,1.893672E+03,2.493377E+03,6.427707E-02,2.198621E-01
19:50:00,9.797473E+02,3.422978E+03,3.325747E-02,3.018304E-01,3.011002E+03,3.009880E+03,1.022029E-01,2.654081E-01,1.880603E+03,1.924608E+03,6.383322E-02,1.697101E-01,3.032225E+03,3.093569E+03,1.029230E-01,2.727879E-01,1.893765E+03,2.428590E+03,6.427996E-02,2.141501E-01
20:00:00,9.797781E+02,3.414339E+03,3.325851E-02,3.010687E-01,3.011129E+03,2.988171E+03,1.022069E-01,2.634947E-01,1.880685E+03,1.911265E+03,6.383580E-02,1.685342E-01,3.032356E+03,3.061610E+03,1.029272E-01,2.699707E-01,1.893847E+03,2.366964E+03,6.428254E-02,2.087169E-01
20:10:00,9.798091E+02,3.405153E+03,3.325957E-02,3.002586E-01,3.011242E+03,2.957588E+03,1.022105E-01,2.607988E-01,1.880758E+03,1.891750E+03,6.383811E-02,1.668140E-01,3.032472E+03,3.020786E+03,1.029308E-01,2.663718E-01,1.893919E+03,2.303593E+03,6.428485E-02,2.031297E-01
20:20:00,9.798403E+02,3.395708E+03,3.326062E-02,2.994258E-01,3.011343E+03,2.928567E+03,1.022137E-01,2.582404E-01,1.880822E+03,1.872964E+03,6.384018E-02,1.651579E-01,3.032575E+03,2.984244E+03,1.029342E-01,2.631501E-01,1.893984E+03,2.248698E+03,6.428691E-02,1.982896E-01
20:30:00,9.798713E+02,3.386289E+03,3.326168E-02,2.985953E-01,3.011433E+03,2.901325E+03,1.022166E-01,2.558386E-01,1.880880E+03,1.855029E+03,6.384202E-02,1.635767E-01,3.032668E+03,2.952832E+03,1.029371E-01,2.603807E-01,1.894042E+03,2.201976E+03,6.428876E-02,1.941700E-01
20:40:00,9.799021E+02,3.377123E+03,3.326272E-02,2.977870E-01,3.011513E+03,2.875821E+03,1.022192E-01,2.535899E-01,1.880931E+03,1.837961E+03,6.384368E-02,1.620718E-01,3.032750E+03,2.924785E+03,1.029398E-01,2.579079E-01,1.894093E+03,2.160372E+03,6.429041E-02,1.905016E-01
20:50:00,9.799326E+02,3.368560E+03,3.326376E-02,2.970319E-01,3.011585E+03,2.852135E+03,1.022215E-01,2.515015E-01,1.880977E+03,1.821858E+03,6.384516E-02,1.606519E-01,3.032824E+03,2.898799E+03,1.029422E-01,2.556166E-01,1.894138E+03,2.121891E+03,6.429189E-02,1.871085E-01
21:00:00,9.799627E+02,3.360229E+03,3.326478E-02,2.962993E-01,3.011650E+03,2.829341E+03,1.022236E-01,2.494938E-01,1.881018E+03,1.806229E+03,6.384648E-02,1.592752E-01,3.032890E+03,2.873732E+03,1.029443E-01,2.534085E-01,1.894179E+03,2.085657E+03,6.429321E-02,1.839148E-01
21:10:00,9.799924E+02,3.352371E+03,3.326579E-02,2.956086E-01,3.011708E+03,2.807441E+03,1.022255E-01,2.475650E-01,1.881054E+03,1.791102E+03,6.384767E-02,1.579428E-01,3.032949E+03,2.849580E+03,1.029462E-01,2.512812E-01,1.894215E+03,2.051582E+03,6.429439E-02,1.809117E-01
21:20:00,9.800216E+02,3.344867E+03,3.326678E-02,2.949492E-01,3.011760E+03,2.786308E+03,1.022272E-01,2.457039E-01,1.881087E+03,1.776422E+03,6.384873E-02,1.566498E-01,3.033002E+03,2.826245E+03,1.029480E-01,2.492260E-01,1.894248E+03,2.019538E+03,6.429545E-02,1.780877E-01
21:30:00,9.800503E+02,3.337702E+03,3.326775E-02,2.943196E-01,3.011806E+03,2.765912E+03,1.022287E-01,2.439077E-01,1.881116E+03,1.762184E+03,6.384969E-02,1.553957E-01,3.033050E+03,2.803729E+03,1.029495E-01,2.472429E-01,1.894277E+03,1.989435E+03,6.429641E-02,1.754347E-01
21:40:00,9.800786E+02,3.330849E+03,3.326871E-02,2.937175E-01,3.011849E+03,2.746208E+03,1.022301E-01,2.421726E-01,1.881142E+03,1.748373E+03,6.385056E-02,1.541794E-01,3.033093E+03,2.782012E+03,1.029509E-01,2.453303E-01,1.894303E+03,1.961160E+03,6.429728E-02,1.729429E-01
21:50:00,9.801063E+02,3.324057E+03,3.326965E-02,2.931208E-01,3.011887E+03,2.726917E+03,1.022314E-01,2.404738E-01,1.881166E+03,1.734828E+03,6.385134E-02,1.529864E-01,3.033132E+03,2.760826E+03,1.029522E-01,2.434645E-01,1.894327E+03,1.934448E+03,6.429806E-02,1.705890E-01
22:00:00,9.801336E+02,3.317702E+03,3.327058E-02,2.925606E-01,3.011922E+03,2.708396E+03,1.022326E-01,2.388409E-01,1.881188E+03,1.721766E+03,6.385206E-02,1.518348E-01,3.033168E+03,2.740539E+03,1.029534E-01,2.416758E-01,1.894349E+03,1.909402E+03,6.429877E-02,1.683806E-01
22:10:00,9.801604E+02,3.311507E+03,3.327149E-02,2.920143E-01,3.011954E+03,2.690506E+03,1.022336E-01,2.372633E-01,1.881207E+03,1.709114E+03,6.385271E-02,1.507190E-01,3.033200E+03,2.721009E+03,1.029545E-01,2.399536E-01,1.894368E+03,1.885856E+03,6.429942E-02,1.663043E-01
22:20:00,9.801867E+02,3.305542E+03,3.327238E-02,2.914884E-01,3.011983E+03,2.673290E+03,1.022346E-01,2.357452E-01,1.881225E+03,1.696896E+03,6.385330E-02,1.496417E-01,3.033230E+03,2.702283E+03,1.029555E-01,2.383023E-01,1.894386E+03,1.863732E+03,6.430001E-02,1.643535E-01
22:30:00,9.802126E+02,3.299776E+03,3.327326E-02,2.909800E-01,3.012010E+03,2.656697E+03,1.022355E-01,2.342820E-01,1.881242E+03,1.685086E+03,6.385385E-02,1.486002E-01,3.033257E+03,2.684307E+03,1.029564E-01,2.367172E-01,1.894402E+03,1.842913E+03,6.430056E-02,1.625175E-01
22:40:00,9.802381E+02,3.294191E+03,3.327413E-02,2.904874E-01,3.012035E+03,2.640695E+03,1.022363E-01,2.328709E-01,1.881257E+03,1.673663E+03,6.385436E-02,1.475929E-01,3.033282E+03,2.667042E+03,1.029572E-01,2.351947E-01,1.894418E+03,1.823290E+03,6.430106E-02,1.607872E-01
22:50:00,9.802632E+02,3.288769E+03,3.327498E-02,2.900094E-01,3.012058E+03,2.625251E+03,1.022371E-01,2.315090E-01,1.881271E+03,1.662609E+03,6.385483E-02,1.466182E-01,3.033306E+03,2.650448E+03,1.029580E-01,2.337315E-01,1.894432E+03,1.804768E+03,6.430153E-02,1.591539E-01
23:00:00,9.802879E+02,3.283498E+03,3.327582E-02,2.895446E-01,3.012079E+03,2.610337E+03,1.022378E-01,2.301939E-01,1.881284E+03,1.651907E+03,6.385526E-02,1.456745E-01,3.033327E+03,2.634492E+03,1.029587E-01,2.323244E-01,1.894445E+03,1.787258E+03,6.430196E-02,1.576098E-01
23:10:00,9.803122E+02,3.278364E+03,3.327664E-02,2.890919E-01,3.012099E+03,2.595781E+03,1.022385E-01,2.289103E-01,1.881296E+03,1.641454E+03,6.385567E-02,1.447527E-01,3.033348E+03,2.618995E+03,1.029594E-01,2.309579E-01,1.894457E+03,1.770589E+03,6.430237E-02,1.561400E-01
23:20:00,9.803362E+02,3.273354E+03,3.327746E-02,2.886501E-01,3.012118E+03,2.581563E+03,1.022391E-01,2.276565E-01,1.881308E+03,1.631238E+03,6.385606E-02,1.438518E-01,3.033367E+03,2.603923E+03,1.029600E-01,2.296288E-01,1.894468E+03,1.754690E+03,6.430275E-02,1.547380E-01
23:30:00,9.803599E+02,3.268457E+03,3.327826E-02,2.882183E-01,3.012136E+03,2.567658E+03,1.022397E-01,2.264304E-01,1.881318E+03,1.621242E+03,6.385642E-02,1.429704E-01,3.033385E+03,2.589244E+03,1.029607E-01,2.283344E-01,1.894479E+03,1.739492E+03,6.430311E-02,1.533978E-01
23:40:00,9.803833E+02,3.263662E+03,3.327905E-02,2.877955E-01,3.012153E+03,2.554043E+03,1.022403E-01,2.252298E-01,1.881329E+03,1.611454E+03,6.385676E-02,1.421072E-01,3.033402E+03,2.574927E+03,1.029612E-01,2.270719E-01,1.894489E+03,1.724932E+03,6.430346E-02,1.521139E-01
23:50:00,9.804063E+02,3.258959E+03,3.327984E-02,2.873807E-01,3.012170E+03,2.540698E+03,1.022408E-01,2.240530E-01,1.881338E+03,1.601859E+03,6.385709E-02,1.412611E-01,3.033419E+03,2.560944E+03,1.029618E-01,2.258388E-01,1.894499E+03,1.710953E+03,6.430378E-02,1.508812E-01
24:00:00,9.804291E+02,3.254337E+03,3.328061E-02,2.869733E-01,3.012185E+03,2.527604E+03,1.022413E-01,2.228983E-01,1.881347E+03,1.592445E+03,6.385740E-02,1.404310E-01,3.033435E+03,2.547269E+03,1.029623E-01,2.246329E-01,1.894508E+03,1.697503E+03,6.430409E-02,1.496951E-01
Peak,9.804291E+02,3.457775E+03,3.328061E-02,3.048990E-01,3.012185E+03,3.325988E+03,1.022413E-01,2.932929E-01,1.881347E+03,2.540426E+03,6.385740E-02,2.240061E-01,3.033435E+03,3.284925E+03,1.029623E-01,2.896721E-01,1.894508E+03,2.860219E+03,6.430409E-02,2.522084E-01

Peak Vol Flow (m3/s),,,2.866605E-02,2.626229E-01,,,8.806495E-02,2.526260E-01,,,5.500318E-02,1.929463E-01,,,8.868596E-02,2.495072E-01,,,5.538793E-02,2.172382E-01
