{
    "Building": {
        "BrickType": "Building"
    },
    "Zone": {
        "BrickType": "Zone"
    },
    "ZoneControl:Thermostat": {
        "BrickType": "Thermostat"
    },
    "ThermostatSetpoint:SingleHeating": {
        "BrickType": "Zone_Air_Heating_Temperature_Setpoint"
    },
    "ThermostatSetpoint:SingleCooling": {
        "BrickType": "Zone_Air_Cooling_Temperature_Setpoint"
    },
    "ThermostatSetpoint:DualSetpoint": {
        "BrickType": ""
    },
    "ZoneHVAC:FourPipeFanCoil": {
        "BrickType": "Fan_Coil_Unit"
    },
    "ZoneHVAC:WindowAirConditioner": {
        "BrickType": "AHU"
    },
    "ZoneHVAC:PackagedTerminalAirConditioner": {
        "BrickType": "AHU"
    },
    "ZoneHVAC:PackagedTerminalHeatPump": {
        "BrickType": "AHU"
    },
    "ZoneHVAC:WaterToAirHeatPump": {
        "BrickType": "Equipment"
    },
    "ZoneHVAC:UnitVentilator": {
        "BrickType": "AHU"
    },
    "ZoneHVAC:UnitHeater": {
        "BrickType": "Space_Heater"
    },
    "ZoneHVAC:EvaporativeCoolerUnit": {
        "BrickType": "Evaporative_Heat_Exchanger"
    },
    "ZoneHVAC:OutdoorAirUnit": {
        "BrickType": "DOAS"
    },
    "AirTerminal:SingleDuct:ConstantVolume:Reheat": {
        "BrickType": "CAV"
    },
    "AirTerminal:SingleDuct:ConstantVolume:NoReheat": {
        "BrickType": "CAV"
    },
    "AirTerminal:SingleDuct:VAV:NoReheat": {
        "BrickType": "VAV"
    },
    "AirTerminal:SingleDuct:VAV:Reheat": {
        "BrickType": "RVAV"
    },
    "AirTerminal:SingleDuct:VAV:Reheat:VariableSpeedFan": {
        "BrickType": "RVAV"
    },
    "AirTerminal:SingleDuct:VAV:HeatAndCool:NoReheat": {
        "BrickType": "VAV"
    },
    "AirTerminal:SingleDuct:VAV:HeatAndCool:Reheat": {
        "BrickType": "Terminal_Unit"
    },
    "ZoneHVAC:AirDistributionUnit": {
        "BrickType": "Terminal_Unit"
    },
    "ZoneHVAC:EquipmentList": {
        "BrickType": ""
    },
    "Fan:ConstantVolume": {
        "BrickType": "Fan"
    },
    "Fan:VariableVolume": {
        "BrickType": "Fan"
    },
    "Fan:OnOff": {
        "BrickType": "Fan"
    },
    "Fan:ZoneExhaust": {
        "BrickType": "Exhaust_Fan"
    },
    "Coil:Cooling:Water": {
        "BrickType": "Chilled_Water_Coil"
    },
    "Coil:Cooling:Water:DetailedGeometry": {
        "BrickType": "Chilled_Water_Coil"
    },
    "CoilSystem:Cooling:Water": {
        "BrickType": "Cooling_Coil"
    },
    "Coil:Cooling:DX": {
        "BrickType": "Cooling_Coil"
    },
    "Coil:Cooling:DX:SingleSpeed": {
        "BrickType": "Cooling_Coil"
    },
    "Coil:Cooling:DX:TwoSpeed": {
        "BrickType": "Cooling_Coil"
    },
    "Coil:Cooling:DX:MultiSpeed": {
        "BrickType": "Cooling_Coil"
    },
    "Coil:Cooling:DX:VariableSpeed": {
        "BrickType": "Cooling_Coil"
    },
    "Coil:Cooling:DX:VariableRefrigerantFlow": {
        "BrickType": "Cooling_Coil"
    },
    "Coil:Cooling:DX:VariableRefrigerantFlow:FluidTemperatureControl": {
        "BrickType": "Cooling_Coil"
    },
    "Coil:Heating:DX:VariableRefrigerantFlow ": {
        "BrickType": "Heating_Coil"
    },
    "Coil:Heating:Electric": {
        "BrickType": "Heating_Coil"
    },
    "Coil:Heating:Electric:MultiStage": {
        "BrickType": "Heating_Coil"
    },
    "Coil:Heating:Fuel": {
        "BrickType": "Heating_Coil"
    },
    "Coil:Heating:Gas:MultiStage": {
        "BrickType": "Heating_Coil"
    },
    "Coil:Heating:DX:SingleSpeed": {
        "BrickType": "Heating_Coil"
    },
    "Coil:Heating:DX:MultiSpeed": {
        "BrickType": "Heating_Coil"
    },
    "Coil:Heating:DX:VariableSpeed": {
        "BrickType": "Heating_Coil"
    },
    "Coil:Heating:Water": {
        "BrickType": "Hot_Water_coil"
    },
    "Coil:Heating:Steam": {
        "BrickType": "Heating_Coil"
    },
    "Coil:WaterHeating:AirToWaterHeatPump:Pumped": {
        "BrickType": "Water_Heater"
    },
    "Coil:WaterHeating:AirToWaterHeatPump:Wrapped": {
        "BrickType": "Water_Heater"
    },
    "Coil:WaterHeating:AirToWaterHeatPump:VariableSpeed": {
        "BrickType": "Water_Heater"
    },
    "Coil:WaterHeating:Desuperheater": {
        "BrickType": "Water_Heater"
    },
    "CoilSystem:Cooling:DX": {
        "BrickType": "Cooling_Coil"
    },
    "CoilSystem:Heating:DX": {
        "BrickType": "Heating_Coil"
    },
    "CoilSystem:Cooling:Water:HeatExchangerAssisted": {
        "BrickType": "Chilled_Water_Coil"
    },
    "CoilSystem:Cooling:DX:HeatExchangerAssisted": {
        "BrickType": "Cooling_Coil"
    },
    "CoilSystem:IntegratedHeatPump:AirSource": {
        "BrickType": "HVAC_Equipment"
    },
    "Coil:Cooling:DX:SingleSpeed:ThermalStorage": {
        "BrickType": "HVAC_Equipment"
    },
    "Humidifier:Steam:Electric": {
        "BrickType": "Humidifier"
    },
    "Humidifier:Steam:Gas": {
        "BrickType": "Humidifier"
    },
    "Dehumidifier:Desiccant:NoFans": {
        "BrickType": "Heat_Wheel"
    },
    "Dehumidifier:Desiccant:System": {
        "BrickType": "Heat_Wheel"
    },
    "HeatExchanger:AirToAir:FlatPlate": {
        "BrickType": "Heat_Exchanger"
    },
    "AirLoopHVAC:UnitarySystem": {
        "BrickType": "AHU"
    },
    "AirLoopHVAC:Unitary:Furnace:HeatOnly": {
        "BrickType": "AHU"
    },
    "AirLoopHVAC:Unitary:Furnace:HeatCool": {
        "BrickType": "AHU"
    },
    "AirLoopHVAC:UnitaryHeatOnly": {
        "BrickType": "AHU"
    },
    "AirLoopHVAC:UnitaryHeatCool": {
        "BrickType": "AHU"
    },
    "AirLoopHVAC:UnitaryHeatPump:AirToAir": {
        "BrickType": "AHU"
    },
    "AirLoopHVAC:UnitaryHeatPump:WaterToAir": {
        "BrickType": "AHU"
    },
    "AirLoopHVAC:UnitaryHeatCool:VAVChangeoverBypass": {
        "BrickType": "AHU"
    },
    "AirLoopHVAC:UnitaryHeatPump:AirToAir:MultiSpeed": {
        "BrickType": "AHU"
    },
    "AirLoopHVAC": {
        "BrickType": "AHU"
    },
    "AirLoopHVAC:OutdoorAirSystem": {
        "BrickType": ""
    },
    "AirLoopHVAC:OutdoorAirSystem:EquipmentList": {
        "BrickType": ""
    },
    "OutdoorAir:Mixer": {
        "BrickType": "HVAC_Equipment"
    },
    "HeatExchanger:AirToAir:SensibleAndLatent": {
        "BrickType": "Heat_Exchanger"
    },
    "ZoneTerminalUnitList": {
        "BrickType": ""
    },
    "AirLoopHVAC:ZoneSplitter": {
        "BrickType": "Air_Loop"
    },
    "AirLoopHVAC:SupplyPlenum": {
        "BrickType": "Supply_Air_Plenum"
    },
    "AirLoopHVAC:SupplyPath": {
        "BrickType": ""
    },
    "AirLoopHVAC:ZoneMixer": {
        "BrickType": "Air_Loop"
    },
    "AirLoopHVAC:ReturnPlenum": {
        "BrickType": "Return_Air_Plenum"
    },
    "AirLoopHVAC:ReturnPath": {
        "BrickType": ""
    },
    "AirLoopHVAC:DedicatedOutdoorAirSystem": {
        "BrickType": "DOAS"
    },
    "AirLoopHVAC:Mixer": {
        "BrickType": ""
    },
    "AirLoopHVAC:Splitter": {
        "BrickType": "Air_Loop"
    },
    "Connector:Splitter": {
        "BrickType": "Water_Loop"
    },
    "Connector:Mixer": {
        "BrickType": "Water_Loop"
    },
    "ConnectorList": {
        "BrickType": ""
    },
    "NodeList": {
        "BrickType": ""
    },
    "OutdoorAir:Node": {
        "BrickType": ""
    },
    "Pipe:Adiabatic": {
        "BrickType": "Water_Distribution"
    },
    "Pipe:Adiabatic:Steam": {
        "BrickType": "Water_Distribution"
    },
    "Pipe:Indoor": {
        "BrickType": "Water_Distribution"
    },
    "Pipe:Outdoor": {
        "BrickType": "Water_Distribution"
    },
    "Pipe:Underground": {
        "BrickType": "Water_Distribution"
    },
    "Pump:VariableSpeed": {
        "BrickType": "Pump"
    },
    "Pump:ConstantSpeed": {
        "BrickType": "Pump"
    },
    "Pump:VariableSpeed:Condensate": {
        "BrickType": "Pump"
    },
    "HeaderedPumps:ConstantSpeed": {
        "BrickType": "Pump"
    },
    "HeaderedPumps:VariableSpeed": {
        "BrickType": "Pump"
    },
    "SolarCollector:FlatPlate:Water": {
        "BrickType": "Solar_Thermal_Collector"
    },
    "SolarCollector:FlatPlate:PhotovoltaicThermal": {
        "BrickType": "PVT_Panel"
    },
    "SolarCollectorPerformance:PhotovoltaicThermal:Simple": {
        "BrickType": "PVT_Panel"
    },
    "SolarCollector:IntegralCollectorStorage": {
        "BrickType": "Solar_Thermal_Collector"
    },
    "SolarCollector:UnglazedTranspired": {
        "BrickType": "Solar_Thermal_Collector"
    },
    "SolarCollector:UnglazedTranspired:Multisystem": {
        "BrickType": "Solar_Thermal_Collector"
    },
    "Boiler:HotWater": {
        "BrickType": "Boiler"
    },
    "Boiler:Steam": {
        "BrickType": "Boiler"
    },
    "Chiller:Electric:EIR": {
        "BrickType": "Chiller"
    },
    "Chiller:Electric:ReformulatedEIR": {
        "BrickType": "Chiller"
    },
    "Chiller:Electric": {
        "BrickType": "Chiller"
    },
    "Chiller:Absorption:Indirect": {
        "BrickType": "Absorption_Chiller"
    },
    "Chiller:Absorption": {
        "BrickType": "Absorption_Chiller"
    },
    "Chiller:ConstantCOP": {
        "BrickType": "Chiller"
    },
    "Chiller:EngineDriven": {
        "BrickType": "Chiller"
    },
    "Chiller:CombustionTurbine": {
        "BrickType": "Chiller"
    },
    "ChillerHeater:Absorption:DirectFired": {
        "BrickType": "Absorption_Chiller"
    },
    "ChillerHeater:Absorption:DoubleEffect": {
        "BrickType": "Absorption_Chiller"
    },
    "HeatPump:PlantLoop:EIR:Cooling": {
        "BrickType": "HVAC_Equipment"
    },
    "HeatPump:PlantLoop:EIR:Heating": {
        "BrickType": "HVAC_Equipment"
    },
    "HeatPump:WaterToWater:EquationFit:Heating": {
        "BrickType": "HVAC_Equipment"
    },
    "HeatPump:WaterToWater:EquationFit:Cooling": {
        "BrickType": "HVAC_Equipment"
    },
    "HeatPump:WaterToWater:ParameterEstimation:Cooling": {
        "BrickType": "HVAC_Equipment"
    },
    "HeatPump:WaterToWater:ParameterEstimation:Heating": {
        "BrickType": "HVAC_Equipment"
    },
    "DistrictCooling": {
        "BrickType": "Water_Distribution"
    },
    "DistrictHeating": {
        "BrickType": "Water_Distribution"
    },
    "PlantComponent:TemperatureSource": {
        "BrickType": ""
    },
    "CentralHeatPumpSystem": {
        "BrickType": "HVAC_Equipment"
    },
    "ChillerHeaterPerformance:Electric:EIR": {
        "BrickType": "HVAC_Equipment"
    },
    "CoolingTower:SingleSpeed": {
        "BrickType": "Cooling_Tower"
    },
    "CoolingTower:TwoSpeed": {
        "BrickType": "Cooling_Tower"
    },
    "CoolingTower:VariableSpeed:Merkel": {
        "BrickType": "Cooling_Tower"
    },
    "CoolingTower:VariableSpeed": {
        "BrickType": "Cooling_Tower"
    },
    "EvaporativeFluidCooler:SingleSpeed": {
        "BrickType": "Evaporative_Heat_Exchanger"
    },
    "EvaporativeFluidCooler:TwoSpeed": {
        "BrickType": "Evaporative_Heat_Exchanger"
    },
    "FluidCooler:SingleSpeed": {
        "BrickType": "Evaporative_Heat_Exchanger"
    },
    "FluidCooler:TwoSpeed": {
        "BrickType": "Evaporative_Heat_Exchanger"
    },
    "GroundHeatExchanger:System": {
        "BrickType": "Heat_Exchanger"
    },
    "GroundHeatExchanger:Vertical:Properties": {
        "BrickType": "Heat_Exchanger"
    },
    "GroundHeatExchanger:Vertical:Array": {
        "BrickType": "Heat_Exchanger"
    },
    "GroundHeatExchanger:Vertical:Single": {
        "BrickType": "Heat_Exchanger"
    },
    "GroundHeatExchanger:ResponseFactors": {
        "BrickType": "Heat_Exchanger"
    },
    "GroundHeatExchanger:Pond": {
        "BrickType": "Heat_Exchanger"
    },
    "GroundHeatExchanger:Surface": {
        "BrickType": "Heat_Exchanger"
    },
    "GroundHeatExchanger:HorizontalTrench": {
        "BrickType": "Heat_Exchanger"
    },
    "GroundHeatExchanger:Slinky": {
        "BrickType": "Heat_Exchanger"
    },
    "HeatExchanger:FluidToFluid": {
        "BrickType": "Heat_Exchanger"
    },
    "WaterHeater:Mixed": {
        "BrickType": "Water_Heater"
    },
    "WaterHeater:Stratified": {
        "BrickType": "Water_Heater"
    },
    "WaterHeater:HeatPump:PumpedCondenser": {
        "BrickType": "Water_Heater"
    },
    "WaterHeater:HeatPump:WrappedCondenser": {
        "BrickType": "Water_Heater"
    },
    "ThermalStorage:Ice:Simple": {
        "BrickType": "Energy_Storage"
    },
    "ThermalStorage:Ice:Detailed": {
        "BrickType": "Energy_Storage"
    },
    "ThermalStorage:ChilledWater:Mixed": {
        "BrickType": "Energy_Storage"
    },
    "ThermalStorage:ChilledWater:Stratified": {
        "BrickType": "Energy_Storage"
    },
    "PlantLoop": {
        "BrickType": "Equipment"
    },
    "CondenserLoop": {
        "BrickType": "Condenser_Water_System"
    },
    "PlantEquipmentList": {
        "BrickType": ""
    },
    "CondenserEquipmentList": {
        "BrickType": ""
    },
    "ZoneHVAC:ForcedAir:UserDefined": {
        "BrickType": "HVAC_Equipment"
    },
    "AirTerminal:SingleDuct:UserDefined": {
        "BrickType": "Terminal_Unit"
    },
    "Coil:UserDefined": {
        "BrickType": "Coil"
    },
    "PlantComponent:UserDefined": {
        "BrickType": "Equipment"
    },
    "Refrigeration:Case": {
        "BrickType": "Equipment"
    },
    "Refrigeration:CompressorRack": {
        "BrickType": "Equipment"
    },
    "Refrigeration:CaseAndWalkInList": {
        "BrickType": ""
    },
    "Refrigeration:Condenser:AirCooled": {
        "BrickType": "Condenser"
    },
    "Refrigeration:Condenser:EvaporativeCooled": {
        "BrickType": "Condenser"
    },
    "Refrigeration:Condenser:WaterCooled": {
        "BrickType": "Condenser"
    },
    "Refrigeration:Condenser:Cascade": {
        "BrickType": "Condenser"
    },
    "Refrigeration:GasCooler:AirCooled": {
        "BrickType": "Equipment"
    },
    "Refrigeration:TransferLoadList": {
        "BrickType": ""
    },
    "Refrigeration:Subcooler": {
        "BrickType": "Heat_Exchanger"
    },
    "Refrigeration:Compressor": {
        "BrickType": "Compressor"
    },
    "Refrigeration:CompressorList": {
        "BrickType": ""
    },
    "Refrigeration:System": {
        "BrickType": "Equipment"
    },
    "Refrigeration:TranscriticalSystem": {
        "BrickType": "Equipment"
    },
    "Refrigeration:SecondarySystem": {
        "BrickType": "Equipment"
    },
    "Refrigeration:WalkIn": {
        "BrickType": "Equipment"
    },
    "Refrigeration:AirChiller": {
        "BrickType": "Chiller"
    },
    "ZoneHVAC:RefrigerationChillerSet": {
        "BrickType": "Chiller"
    },
    "Generator:InternalCombustionEngine": {
        "BrickType": "Energy_Generation_System"
    },
    "Generator:CombustionTurbine": {
        "BrickType": "Energy_Generation_System"
    },
    "Generator:MicroTurbine": {
        "BrickType": "Energy_Generation_System"
    },
    "Generator:Photovoltaic": {
        "BrickType": "PV_Generation_System"
    },
    "Generator:PVWatts": {
        "BrickType": "PV_Generation_System"
    },
    "ElectricLoadCenter:Inverter:PVWatts": {
        "BrickType": "Inverter"
    },
    "Generator:FuelCell": {
        "BrickType": "Energy_Generation_System"
    },
    "Generator:FuelCell:PowerModule": {
        "BrickType": "Electrical_Equipment"
    },
    "Generator:FuelCell:AirSupply": {
        "BrickType": "Equipment"
    },
    "Generator:FuelCell:WaterSupply": {
        "BrickType": "Water_Distribution"
    },
    "Generator:FuelCell:AuxiliaryHeater": {
        "BrickType": "Equipment"
    },
    "Generator:FuelCell:ExhaustGasToWaterHeatExchanger": {
        "BrickType": "Heat_Exchanger"
    },
    "Generator:FuelCell:ElectricalStorage": {
        "BrickType": "Battery"
    },
    "Generator:FuelCell:Inverter": {
        "BrickType": "Inverter"
    },
    "Generator:FuelCell:StackCooler": {
        "BrickType": "Cooling_Coil"
    },
    "Generator:MicroCHP": {
        "BrickType": "Energy_Generation_System"
    },
    "Generator:FuelSupply": {
        "BrickType": "Gas_Distribution"
    },
    "Generator:WindTurbine": {
        "BrickType": "Energy_Generation_System"
    },
    "ElectricLoadCenter:Generators": {
        "BrickType": "Energy_Generation_System"
    },
    "ElectricLoadCenter:Inverter:Simple": {
        "BrickType": "Inverter"
    },
    "ElectricLoadCenter:Inverter:FunctionOfPower": {
        "BrickType": "Inverter"
    },
    "ElectricLoadCenter:Inverter:LookUpTable": {
        "BrickType": "Inverter"
    },
    "ElectricLoadCenter:Storage:Simple": {
        "BrickType": "Energy_Storage"
    },
    "ElectricLoadCenter:Storage:Battery": {
        "BrickType": "Battery"
    },
    "ElectricLoadCenter:Storage:LiIonNMCBattery": {
        "BrickType": "Battery"
    },
    "ElectricLoadCenter:Transformer": {
        "BrickType": "Transformer"
    },
    "ElectricLoadCenter:Distribution": {
        "BrickType": "Energy_System"
    },
    "ElectricLoadCenter:Storage:Converter": {
        "BrickType": "Electrical_Equipment"
    },
    "WaterUse:Storage": {
        "BrickType": "Water_Tank"
    },
    "WaterUse:Connections": {
        "BrickType": ""
    },
    "WaterUse:Equipment": {
        "BrickType": "Equipment"
    },
    "WaterUse:Well": {
        "BrickType": "Water_Distribution"
    },
    "WaterUse:RainCollector": {
        "BrickType": "Water_Distribution"
    },
    "AirConditioner:VariableRefrigerantFlow": {
        "BrickType": "AHU"
    },
    "AirConditioner:VariableRefrigerantFlow:FluidTemperatureControl": {
        "BrickType": "Equipment"
    },
    "AirConditioner:VariableRefrigerantFlow:FluidTemperatureControl:HR": {
        "BrickType": "Equipment"
    },
    "EvaporativeCooler:Direct:CelDekPad": {
        "BrickType": "Evaporative_Heat_Exchanger"
    },
    "EvaporativeCooler:Indirect:CelDekPad": {
        "BrickType": "Evaporative_Heat_Exchanger"
    },
    "EvaporativeCooler:Indirect:WetCoil": {
        "BrickType": "Evaporative_Heat_Exchanger"
    },
    "EvaporativeCooler:Indirect:ResearchSpecial": {
        "BrickType": "Evaporative_Heat_Exchanger"
    },
    "EvaporativeCooler:Direct:ResearchSpecial": {
        "BrickType": "Evaporative_Heat_Exchanger"
    },
    "Coil:Heating:Desuperheater": {
        "BrickType": "Heating_Coil"
    },
    "Coil:Heating:DX:VariableRefrigerantFlow:FluidTemperatureControl": {
        "BrickType": "Heating_Coil"
    },
    "Coil:Cooling:DX:TwoStageWithHumidityControlMode": {
        "BrickType": "Cooling_Coil"
    },
    "Fan:ComponentModel": {
        "BrickType": "Fan"
    },
    "Fan:SystemModel": {
        "BrickType": "Fan"
    },
    "ZoneHVAC:EquipmentConnections": {
        "BrickType": ""
    },
    "ZoneHVAC:IdealLoadsAirSystem": {
        "BrickType": "AHU"
    },
    "ZoneHVAC:Dehumidifier:DX": {
        "BrickType": "HVAC_Equipment"
    },
    "ZoneHVAC:EnergyRecoveryVentilator": {
        "BrickType": "HVAC_Equipment"
    },
    "ZoneHVAC:HybridUnitaryHVAC": {
        "BrickType": "AHU"
    },
    "ZoneHVAC:OutdoorAirUnit:EquipmentList": {
        "BrickType": ""
    },
    "ZoneHVAC:TerminalUnit:VariableRefrigerantFlow": {
        "BrickType": "Terminal_Unit"
    },
    "ZoneHVAC:Baseboard:RadiantConvective:Water": {
        "BrickType": "Hot_Water_Baseboard_Radiator"
    },
    "ZoneHVAC:Baseboard:RadiantConvective:Steam": {
        "BrickType": "Steam_Baseboard_Radiator"
    },
    "ZoneHVAC:Baseboard:RadiantConvective:Electric": {
        "BrickType": "Electric_Baseboard_Radiator"
    },
    "ZoneHVAC:CoolingPanel:RadiantConvective:Water": {
        "BrickType": "Radiant_Panel"
    },
    "ZoneHVAC:Baseboard:Convective:Water": {
        "BrickType": "Hot_Water_Baseboard_Radiator"
    },
    "ZoneHVAC:Baseboard:Convective:Electric": {
        "BrickType": "Electric_Baseboard_Radiator"
    },
    "ZoneHVAC:LowTemperatureRadiant:VariableFlow": {
        "BrickType": "Radiant_Panel"
    },
    "ZoneHVAC:LowTemperatureRadiant:ConstantFlow": {
        "BrickType": "Radiant_Panel"
    },
    "ZoneHVAC:LowTemperatureRadiant:Electric": {
        "BrickType": "Radiant_Panel"
    },
    "ZoneHVAC:HighTemperatureRadiant": {
        "BrickType": "Radiant_Panel"
    },
    "ZoneHVAC:VentilatedSlab": {
        "BrickType": "Thermally_Activated_Building_System_Panel"
    },
    "ZoneHVAC:VentilatedSlab:SlabGroup": {
        "BrickType": "Thermally_Activated_Building_System_Panel"
    },
    "AirTerminal:SingleDuct:SeriesPIU:Reheat": {
        "BrickType": "Terminal_Unit"
    },
    "AirTerminal:SingleDuct:ParallelPIU:Reheat": {
        "BrickType": "Terminal_Unit"
    },
    "AirTerminal:SingleDuct:ConstantVolume:FourPipeInduction": {
        "BrickType": "CAV"
    },
    "AirTerminal:SingleDuct:ConstantVolume:FourPipeBeam": {
        "BrickType": "CAV"
    },
    "AirTerminal:SingleDuct:ConstantVolume:CooledBeam": {
        "BrickType": "CAV"
    },
    "AirTerminal:SingleDuct:Mixer": {
        "BrickType": "Mixed_Damper"
    },
    "AirTerminal:DualDuct:ConstantVolume": {
        "BrickType": "CAV"
    },
    "AirTerminal:DualDuct:VAV": {
        "BrickType": "VAV"
    },
    "AirTerminal:DualDuct:VAV:OutdoorAir": {
        "BrickType": "VAV"
    },
    "ZoneHVAC:LowTemperatureRadiant:SurfaceGroup": {
        "BrickType": "Radiant_Panel"
    },
    "Space": {
        "BrickType": "Space"
    },
    "SpaceList": {
        "BrickType": ""
    },
    "ZoneList": {
        "BrickType": ""
    },
    "ZoneGroup": {
        "BrickType": ""
    },
    "ZoneBaseboard:OutdoorTemperatureControlled": {
        "BrickType": "Thermally_Activated_Building_System_Panel"
    },
    "ElectricEquipment:ITE:AirCooled": {
        "BrickType": "Electrical_Equipment"
    },
    "SwimmingPool:Indoor": {
        "BrickType": "Water_Tank"
    },
    "ElectricEquipment": {
        "BrickType": "Electrical_Equipment"
    },
    "Lights": {
        "BrickType": "Lighting"
    },
    "GasEquipment": {
        "BrickType": "Equipment"
    },
    "HotWaterEquipment": {
        "BrickType": "Equipment"
    },
    "SteamEquipment": {
        "BrickType": "Equipment"
    },
    "OtherEquipment": {
        "BrickType": "Equipment"
    },
    "Exterior:Lights": {
        "BrickType": "Lighting"
    },
    "Exterior:FuelEquipment": {
        "BrickType": "Equipment"
    },
    "Exterior:WaterEquipment": {
        "BrickType": "Water_System"
    },
    "OutdoorAir:NodeList": {
        "BrickType": ""
    },
    "Branch": {
        "BrickType": ""
    },
    "BranchList": {
        "BrickType": ""
    }
}