<?xml version="1.0"?>
<measure>
  <schema_version>3.0</schema_version>
  <name>openstudio_results</name>
  <uid>a25386cd-60e4-46bc-8b11-c755f379d916</uid>
  <version_id>1e0f1704-70fc-426f-8b79-52f67580b080</version_id>
  <version_modified>20220622T165902Z</version_modified>
  <xml_checksum>557BF06F</xml_checksum>
  <class_name>OpenStudioResults</class_name>
  <display_name>OpenStudio Results</display_name>
  <description>This measure creates high level tables and charts pulling both from model inputs and EnergyPlus results. It has building level information as well as detail on space types, thermal zones, HVAC systems, envelope characteristics, and economics. Click the heading above a chart to view a table of the chart data.</description>
  <modeler_description>For the most part consumption data comes from the tabular EnergyPlus results, however there are a few requests added for time series results. Space type and loop details come from the OpenStudio model. The code for this is modular, making it easy to use as a template for your own custom reports. The structure of the report uses bootstrap, and the graphs use dimple js. The new measure warning section will show warnings generated by upstream measures. It will not show forward translation warnings, EnergyPlus warnings, or warnings that might be reported by this measure.</modeler_description>
  <arguments>
    <argument>
      <name>units</name>
      <display_name>Which Unit System do you want to use?</display_name>
      <type>Choice</type>
      <required>true</required>
      <model_dependent>false</model_dependent>
      <default_value>IP</default_value>
      <choices>
        <choice>
          <value>IP</value>
          <display_name>IP</display_name>
        </choice>
        <choice>
          <value>SI</value>
          <display_name>SI</display_name>
        </choice>
      </choices>
    </argument>
    <argument>
      <name>building_summary_section</name>
      <display_name>Model Summary</display_name>
      <type>Boolean</type>
      <required>true</required>
      <model_dependent>false</model_dependent>
      <default_value>true</default_value>
      <choices>
        <choice>
          <value>true</value>
          <display_name>true</display_name>
        </choice>
        <choice>
          <value>false</value>
          <display_name>false</display_name>
        </choice>
      </choices>
    </argument>
    <argument>
      <name>annual_overview_section</name>
      <display_name>Annual Overview</display_name>
      <type>Boolean</type>
      <required>true</required>
      <model_dependent>false</model_dependent>
      <default_value>true</default_value>
      <choices>
        <choice>
          <value>true</value>
          <display_name>true</display_name>
        </choice>
        <choice>
          <value>false</value>
          <display_name>false</display_name>
        </choice>
      </choices>
    </argument>
    <argument>
      <name>monthly_overview_section</name>
      <display_name>Monthly Overview</display_name>
      <type>Boolean</type>
      <required>true</required>
      <model_dependent>false</model_dependent>
      <default_value>true</default_value>
      <choices>
        <choice>
          <value>true</value>
          <display_name>true</display_name>
        </choice>
        <choice>
          <value>false</value>
          <display_name>false</display_name>
        </choice>
      </choices>
    </argument>
    <argument>
      <name>utility_bills_rates_section</name>
      <display_name>Utility Bills/Rates</display_name>
      <type>Boolean</type>
      <required>true</required>
      <model_dependent>false</model_dependent>
      <default_value>true</default_value>
      <choices>
        <choice>
          <value>true</value>
          <display_name>true</display_name>
        </choice>
        <choice>
          <value>false</value>
          <display_name>false</display_name>
        </choice>
      </choices>
    </argument>
    <argument>
      <name>envelope_section_section</name>
      <display_name>Envelope Summary</display_name>
      <type>Boolean</type>
      <required>true</required>
      <model_dependent>false</model_dependent>
      <default_value>true</default_value>
      <choices>
        <choice>
          <value>true</value>
          <display_name>true</display_name>
        </choice>
        <choice>
          <value>false</value>
          <display_name>false</display_name>
        </choice>
      </choices>
    </argument>
    <argument>
      <name>space_type_breakdown_section</name>
      <display_name>Space Type Breakdown</display_name>
      <type>Boolean</type>
      <required>true</required>
      <model_dependent>false</model_dependent>
      <default_value>true</default_value>
      <choices>
        <choice>
          <value>true</value>
          <display_name>true</display_name>
        </choice>
        <choice>
          <value>false</value>
          <display_name>false</display_name>
        </choice>
      </choices>
    </argument>
    <argument>
      <name>space_type_details_section</name>
      <display_name>Space Type Summary</display_name>
      <type>Boolean</type>
      <required>true</required>
      <model_dependent>false</model_dependent>
      <default_value>true</default_value>
      <choices>
        <choice>
          <value>true</value>
          <display_name>true</display_name>
        </choice>
        <choice>
          <value>false</value>
          <display_name>false</display_name>
        </choice>
      </choices>
    </argument>
    <argument>
      <name>interior_lighting_section</name>
      <display_name>Interior Lighting Summary</display_name>
      <type>Boolean</type>
      <required>true</required>
      <model_dependent>false</model_dependent>
      <default_value>true</default_value>
      <choices>
        <choice>
          <value>true</value>
          <display_name>true</display_name>
        </choice>
        <choice>
          <value>false</value>
          <display_name>false</display_name>
        </choice>
      </choices>
    </argument>
    <argument>
      <name>plug_loads_section</name>
      <display_name>Plug Loads Summary</display_name>
      <type>Boolean</type>
      <required>true</required>
      <model_dependent>false</model_dependent>
      <default_value>true</default_value>
      <choices>
        <choice>
          <value>true</value>
          <display_name>true</display_name>
        </choice>
        <choice>
          <value>false</value>
          <display_name>false</display_name>
        </choice>
      </choices>
    </argument>
    <argument>
      <name>exterior_light_section</name>
      <display_name>Exterior Lighting</display_name>
      <type>Boolean</type>
      <required>true</required>
      <model_dependent>false</model_dependent>
      <default_value>true</default_value>
      <choices>
        <choice>
          <value>true</value>
          <display_name>true</display_name>
        </choice>
        <choice>
          <value>false</value>
          <display_name>false</display_name>
        </choice>
      </choices>
    </argument>
    <argument>
      <name>water_use_section</name>
      <display_name>Water Use Equipment</display_name>
      <type>Boolean</type>
      <required>true</required>
      <model_dependent>false</model_dependent>
      <default_value>true</default_value>
      <choices>
        <choice>
          <value>true</value>
          <display_name>true</display_name>
        </choice>
        <choice>
          <value>false</value>
          <display_name>false</display_name>
        </choice>
      </choices>
    </argument>
    <argument>
      <name>hvac_load_profile</name>
      <display_name>HVAC Load Profiles</display_name>
      <type>Boolean</type>
      <required>true</required>
      <model_dependent>false</model_dependent>
      <default_value>true</default_value>
      <choices>
        <choice>
          <value>true</value>
          <display_name>true</display_name>
        </choice>
        <choice>
          <value>false</value>
          <display_name>false</display_name>
        </choice>
      </choices>
    </argument>
    <argument>
      <name>zone_condition_section</name>
      <display_name>Zone Conditions</display_name>
      <type>Boolean</type>
      <required>true</required>
      <model_dependent>false</model_dependent>
      <default_value>true</default_value>
      <choices>
        <choice>
          <value>true</value>
          <display_name>true</display_name>
        </choice>
        <choice>
          <value>false</value>
          <display_name>false</display_name>
        </choice>
      </choices>
    </argument>
    <argument>
      <name>zone_summary_section</name>
      <display_name>Zone Overview</display_name>
      <type>Boolean</type>
      <required>true</required>
      <model_dependent>false</model_dependent>
      <default_value>true</default_value>
      <choices>
        <choice>
          <value>true</value>
          <display_name>true</display_name>
        </choice>
        <choice>
          <value>false</value>
          <display_name>false</display_name>
        </choice>
      </choices>
    </argument>
    <argument>
      <name>zone_equipment_detail_section</name>
      <display_name>Zone Equipment Detail</display_name>
      <type>Boolean</type>
      <required>true</required>
      <model_dependent>false</model_dependent>
      <default_value>true</default_value>
      <choices>
        <choice>
          <value>true</value>
          <display_name>true</display_name>
        </choice>
        <choice>
          <value>false</value>
          <display_name>false</display_name>
        </choice>
      </choices>
    </argument>
    <argument>
      <name>air_loops_detail_section</name>
      <display_name>Air Loops Detail</display_name>
      <type>Boolean</type>
      <required>true</required>
      <model_dependent>false</model_dependent>
      <default_value>true</default_value>
      <choices>
        <choice>
          <value>true</value>
          <display_name>true</display_name>
        </choice>
        <choice>
          <value>false</value>
          <display_name>false</display_name>
        </choice>
      </choices>
    </argument>
    <argument>
      <name>plant_loops_detail_section</name>
      <display_name>Plant Loops Detail</display_name>
      <type>Boolean</type>
      <required>true</required>
      <model_dependent>false</model_dependent>
      <default_value>true</default_value>
      <choices>
        <choice>
          <value>true</value>
          <display_name>true</display_name>
        </choice>
        <choice>
          <value>false</value>
          <display_name>false</display_name>
        </choice>
      </choices>
    </argument>
    <argument>
      <name>outdoor_air_section</name>
      <display_name>Outdoor Air</display_name>
      <type>Boolean</type>
      <required>true</required>
      <model_dependent>false</model_dependent>
      <default_value>true</default_value>
      <choices>
        <choice>
          <value>true</value>
          <display_name>true</display_name>
        </choice>
        <choice>
          <value>false</value>
          <display_name>false</display_name>
        </choice>
      </choices>
    </argument>
    <argument>
      <name>cost_summary_section</name>
      <display_name>Cash Flow</display_name>
      <type>Boolean</type>
      <required>true</required>
      <model_dependent>false</model_dependent>
      <default_value>true</default_value>
      <choices>
        <choice>
          <value>true</value>
          <display_name>true</display_name>
        </choice>
        <choice>
          <value>false</value>
          <display_name>false</display_name>
        </choice>
      </choices>
    </argument>
    <argument>
      <name>source_energy_section</name>
      <display_name>Site and Source Summary</display_name>
      <type>Boolean</type>
      <required>true</required>
      <model_dependent>false</model_dependent>
      <default_value>true</default_value>
      <choices>
        <choice>
          <value>true</value>
          <display_name>true</display_name>
        </choice>
        <choice>
          <value>false</value>
          <display_name>false</display_name>
        </choice>
      </choices>
    </argument>
    <argument>
      <name>schedules_overview_section</name>
      <display_name>Schedule Overview</display_name>
      <type>Boolean</type>
      <required>true</required>
      <model_dependent>false</model_dependent>
      <default_value>true</default_value>
      <choices>
        <choice>
          <value>true</value>
          <display_name>true</display_name>
        </choice>
        <choice>
          <value>false</value>
          <display_name>false</display_name>
        </choice>
      </choices>
    </argument>
    <argument>
      <name>measure_warning_section</name>
      <display_name>Measure Warnings</display_name>
      <type>Boolean</type>
      <required>true</required>
      <model_dependent>false</model_dependent>
      <default_value>true</default_value>
      <choices>
        <choice>
          <value>true</value>
          <display_name>true</display_name>
        </choice>
        <choice>
          <value>false</value>
          <display_name>false</display_name>
        </choice>
      </choices>
    </argument>
    <argument>
      <name>reg_monthly_details</name>
      <display_name>Report monthly fuel and enduse breakdown to registerValue</display_name>
      <description>This argument does not effect HTML file, instead it makes data from individal cells of monthly tables avaiable for machine readable values in the resulting OpenStudio Workflow file.</description>
      <type>Boolean</type>
      <required>true</required>
      <model_dependent>false</model_dependent>
      <default_value>false</default_value>
      <choices>
        <choice>
          <value>true</value>
          <display_name>true</display_name>
        </choice>
        <choice>
          <value>false</value>
          <display_name>false</display_name>
        </choice>
      </choices>
    </argument>
  </arguments>
  <outputs>
    <output>
      <name>electricity_ip</name>
      <display_name>electricity_ip</display_name>
      <short_name>electricity_ip</short_name>
      <type>Double</type>
      <model_dependent>false</model_dependent>
    </output>
    <output>
      <name>natural_gas_ip</name>
      <display_name>natural_gas_ip</display_name>
      <short_name>natural_gas_ip</short_name>
      <type>Double</type>
      <model_dependent>false</model_dependent>
    </output>
    <output>
      <name>additional_fuel_ip</name>
      <display_name>additional_fuel_ip</display_name>
      <short_name>additional_fuel_ip</short_name>
      <type>Double</type>
      <model_dependent>false</model_dependent>
    </output>
    <output>
      <name>district_heating_ip</name>
      <display_name>district_heating_ip</display_name>
      <short_name>district_heating_ip</short_name>
      <type>Double</type>
      <model_dependent>false</model_dependent>
    </output>
    <output>
      <name>district_cooling_ip</name>
      <display_name>district_cooling_ip</display_name>
      <short_name>district_cooling_ip</short_name>
      <type>Double</type>
      <model_dependent>false</model_dependent>
    </output>
    <output>
      <name>total_site_eui</name>
      <display_name>total_site_eui</display_name>
      <short_name>total_site_eui</short_name>
      <type>Double</type>
      <model_dependent>false</model_dependent>
    </output>
    <output>
      <name>eui</name>
      <display_name>eui</display_name>
      <short_name>eui</short_name>
      <type>Double</type>
      <model_dependent>false</model_dependent>
    </output>
    <output>
      <name>net_site_energy</name>
      <display_name>net_site_energy</display_name>
      <short_name>net_site_energy</short_name>
      <type>Double</type>
      <model_dependent>false</model_dependent>
    </output>
    <output>
      <name>annual_peak_electric_demand</name>
      <display_name>annual_peak_electric_demand</display_name>
      <short_name>annual_peak_electric_demand</short_name>
      <type>Double</type>
      <model_dependent>false</model_dependent>
    </output>
    <output>
      <name>unmet_hours_during_occupied_cooling</name>
      <display_name>unmet_hours_during_occupied_cooling</display_name>
      <short_name>unmet_hours_during_occupied_cooling</short_name>
      <type>Double</type>
      <model_dependent>false</model_dependent>
    </output>
    <output>
      <name>unmet_hours_during_occupied_heating</name>
      <display_name>unmet_hours_during_occupied_heating</display_name>
      <short_name>unmet_hours_during_occupied_heating</short_name>
      <type>Double</type>
      <model_dependent>false</model_dependent>
    </output>
    <output>
      <name>first_year_capital_cost</name>
      <display_name>first_year_capital_cost</display_name>
      <short_name>first_year_capital_cost</short_name>
      <type>Double</type>
      <model_dependent>false</model_dependent>
    </output>
    <output>
      <name>annual_utility_cost</name>
      <display_name>annual_utility_cost</display_name>
      <short_name>annual_utility_cost</short_name>
      <type>Double</type>
      <model_dependent>false</model_dependent>
    </output>
    <output>
      <name>total_lifecycle_cost</name>
      <display_name>total_lifecycle_cost</display_name>
      <short_name>total_lifecycle_cost</short_name>
      <type>Double</type>
      <model_dependent>false</model_dependent>
    </output>
    <output>
      <name>number_of_measures_with_warnings</name>
      <display_name>number_of_measures_with_warnings</display_name>
      <short_name>number_of_measures_with_warnings</short_name>
      <type>Double</type>
      <model_dependent>false</model_dependent>
    </output>
    <output>
      <name>number_warnings</name>
      <display_name>number_warnings</display_name>
      <short_name>number_warnings</short_name>
      <type>Double</type>
      <model_dependent>false</model_dependent>
    </output>
  </outputs>
  <provenances />
  <tags>
    <tag>Reporting.QAQC</tag>
  </tags>
  <attributes>
    <attribute>
      <name>Uses SketchUp API</name>
      <value>false</value>
      <datatype>boolean</datatype>
    </attribute>
    <attribute>
      <name>Measure Type</name>
      <value>ReportingMeasure</value>
      <datatype>string</datatype>
    </attribute>
    <attribute>
      <name>Intended Software Tool</name>
      <value>OpenStudio Application</value>
      <datatype>string</datatype>
    </attribute>
    <attribute>
      <name>Intended Software Tool</name>
      <value>Parametric Analysis Tool</value>
      <datatype>string</datatype>
    </attribute>
    <attribute>
      <name>Intended Software Tool</name>
      <value>Analysis Spreadsheet</value>
      <datatype>string</datatype>
    </attribute>
    <attribute>
      <name>Intended Use Case</name>
      <value>Automatic Report Generation</value>
      <datatype>string</datatype>
    </attribute>
  </attributes>
  <files>
    <file>
      <filename>USA_CO_Golden-NREL.724666_TMY3.epw</filename>
      <filetype>epw</filetype>
      <usage_type>test</usage_type>
      <checksum>BDF687C1</checksum>
    </file>
    <file>
      <filename>EmptyModel.osm</filename>
      <filetype>osm</filetype>
      <usage_type>test</usage_type>
      <checksum>A597C804</checksum>
    </file>
    <file>
      <filename>NoRunPeriod.osm</filename>
      <filetype>osm</filetype>
      <usage_type>test</usage_type>
      <checksum>32622D37</checksum>
    </file>
    <file>
      <filename>1004_SmallHotel_a.osm</filename>
      <filetype>osm</filetype>
      <usage_type>test</usage_type>
      <checksum>C62949E8</checksum>
    </file>
    <file>
      <filename>HeatingOnly.osm</filename>
      <filetype>osm</filetype>
      <usage_type>test</usage_type>
      <checksum>99A21A4F</checksum>
    </file>
    <file>
      <filename>EdgeCaseModel.osm</filename>
      <filetype>osm</filetype>
      <usage_type>test</usage_type>
      <checksum>4EEA709C</checksum>
    </file>
    <file>
      <filename>README.md.erb</filename>
      <filetype>erb</filetype>
      <usage_type>readmeerb</usage_type>
      <checksum>4F81E2EA</checksum>
    </file>
    <file>
      <filename>PeriodInConstName.osm</filename>
      <filetype>osm</filetype>
      <usage_type>test</usage_type>
      <checksum>E41FBCFF</checksum>
    </file>
    <file>
      <filename>add_tariff.osw</filename>
      <filetype>osw</filetype>
      <usage_type>test</usage_type>
      <checksum>BF680A60</checksum>
    </file>
    <file>
      <filename>os_results.osw</filename>
      <filetype>osw</filetype>
      <usage_type>test</usage_type>
      <checksum>8BE06CC3</checksum>
    </file>
    <file>
      <filename>ExampleModel.osm</filename>
      <filetype>osm</filetype>
      <usage_type>test</usage_type>
      <checksum>42C65747</checksum>
    </file>
    <file>
      <filename>LICENSE.md</filename>
      <filetype>md</filetype>
      <usage_type>license</usage_type>
      <checksum>A21A3ED2</checksum>
    </file>
    <file>
      <filename>Siz.AirConditionerVariableRefrigerantFlow.rb</filename>
      <filetype>rb</filetype>
      <usage_type>resource</usage_type>
      <checksum>03FE1A62</checksum>
    </file>
    <file>
      <filename>Siz.AirLoopHVACUnitaryHeatCoolVAVChangeoverBypass.rb</filename>
      <filetype>rb</filetype>
      <usage_type>resource</usage_type>
      <checksum>0719530C</checksum>
    </file>
    <file>
      <filename>Siz.AirLoopHVACUnitaryHeatPumpAirToAir.rb</filename>
      <filetype>rb</filetype>
      <usage_type>resource</usage_type>
      <checksum>5AAE53F8</checksum>
    </file>
    <file>
      <filename>Siz.AirLoopHVACUnitaryHeatPumpAirToAirMultiSpeed.rb</filename>
      <filetype>rb</filetype>
      <usage_type>resource</usage_type>
      <checksum>0CBB59B1</checksum>
    </file>
    <file>
      <filename>Siz.AirLoopHVACUnitarySystem.rb</filename>
      <filetype>rb</filetype>
      <usage_type>resource</usage_type>
      <checksum>D9C7B04F</checksum>
    </file>
    <file>
      <filename>Siz.AirTerminalSingleDuctConstantVolumeFourPipeInduction.rb</filename>
      <filetype>rb</filetype>
      <usage_type>resource</usage_type>
      <checksum>200ACCE3</checksum>
    </file>
    <file>
      <filename>Siz.AirTerminalSingleDuctConstantVolumeReheat.rb</filename>
      <filetype>rb</filetype>
      <usage_type>resource</usage_type>
      <checksum>5EC4CC00</checksum>
    </file>
    <file>
      <filename>Siz.AirTerminalSingleDuctParallelPIUReheat.rb</filename>
      <filetype>rb</filetype>
      <usage_type>resource</usage_type>
      <checksum>3AE78B81</checksum>
    </file>
    <file>
      <filename>Siz.AirTerminalSingleDuctSeriesPIUReheat.rb</filename>
      <filetype>rb</filetype>
      <usage_type>resource</usage_type>
      <checksum>928AD5C5</checksum>
    </file>
    <file>
      <filename>Siz.AirTerminalSingleDuctVAVHeatAndCoolReheat.rb</filename>
      <filetype>rb</filetype>
      <usage_type>resource</usage_type>
      <checksum>8181E136</checksum>
    </file>
    <file>
      <filename>Siz.AirTerminalSingleDuctVAVReheat.rb</filename>
      <filetype>rb</filetype>
      <usage_type>resource</usage_type>
      <checksum>A8974409</checksum>
    </file>
    <file>
      <filename>Siz.BoilerHotWater.rb</filename>
      <filetype>rb</filetype>
      <usage_type>resource</usage_type>
      <checksum>3EC387C3</checksum>
    </file>
    <file>
      <filename>Siz.BoilerSteam.rb</filename>
      <filetype>rb</filetype>
      <usage_type>resource</usage_type>
      <checksum>B5935D31</checksum>
    </file>
    <file>
      <filename>Siz.CoilCoolingDXMultiSpeedStageData.rb</filename>
      <filetype>rb</filetype>
      <usage_type>resource</usage_type>
      <checksum>F49B1290</checksum>
    </file>
    <file>
      <filename>Siz.CoilCoolingDXSingleSpeed.rb</filename>
      <filetype>rb</filetype>
      <usage_type>resource</usage_type>
      <checksum>BBF48848</checksum>
    </file>
    <file>
      <filename>Siz.CoilCoolingDXTwoSpeed.rb</filename>
      <filetype>rb</filetype>
      <usage_type>resource</usage_type>
      <checksum>7C8C613D</checksum>
    </file>
    <file>
      <filename>Siz.CoilCoolingDXVariableSpeedSpeedData.rb</filename>
      <filetype>rb</filetype>
      <usage_type>resource</usage_type>
      <checksum>13F4AE89</checksum>
    </file>
    <file>
      <filename>Siz.CoilCoolingWaterToAirHeatPumpVariableSpeedEquationFitSpeedData.rb</filename>
      <filetype>rb</filetype>
      <usage_type>resource</usage_type>
      <checksum>976B77E0</checksum>
    </file>
    <file>
      <filename>Siz.CoilHeatingDesuperheater.rb</filename>
      <filetype>rb</filetype>
      <usage_type>resource</usage_type>
      <checksum>8876D9E2</checksum>
    </file>
    <file>
      <filename>Siz.CoilHeatingDXMultiSpeedStageData.rb</filename>
      <filetype>rb</filetype>
      <usage_type>resource</usage_type>
      <checksum>0826996F</checksum>
    </file>
    <file>
      <filename>Siz.CoilHeatingDXSingleSpeed.rb</filename>
      <filetype>rb</filetype>
      <usage_type>resource</usage_type>
      <checksum>CFF6FD8E</checksum>
    </file>
    <file>
      <filename>Siz.CoilHeatingDXVariableSpeedSpeedData.rb</filename>
      <filetype>rb</filetype>
      <usage_type>resource</usage_type>
      <checksum>21C18242</checksum>
    </file>
    <file>
      <filename>Siz.CoilHeatingElectric.rb</filename>
      <filetype>rb</filetype>
      <usage_type>resource</usage_type>
      <checksum>9F851055</checksum>
    </file>
    <file>
      <filename>Siz.CoilHeatingGas.rb</filename>
      <filetype>rb</filetype>
      <usage_type>resource</usage_type>
      <checksum>D2EBEBE8</checksum>
    </file>
    <file>
      <filename>Siz.CoilHeatingGasMultiStageStageData.rb</filename>
      <filetype>rb</filetype>
      <usage_type>resource</usage_type>
      <checksum>2E31ED2C</checksum>
    </file>
    <file>
      <filename>Siz.CoilHeatingLowTempRadiantVarFlow.rb</filename>
      <filetype>rb</filetype>
      <usage_type>resource</usage_type>
      <checksum>6839F982</checksum>
    </file>
    <file>
      <filename>Siz.CoilHeatingWaterToAirHeatPumpVariableSpeedEquationFitSpeedData.rb</filename>
      <filetype>rb</filetype>
      <usage_type>resource</usage_type>
      <checksum>74DD319B</checksum>
    </file>
    <file>
      <filename>Siz.CoilPerformanceDXCooling.rb</filename>
      <filetype>rb</filetype>
      <usage_type>resource</usage_type>
      <checksum>E684D89F</checksum>
    </file>
    <file>
      <filename>Siz.CoilSystemCoolingDXHeatExchangerAssisted.rb</filename>
      <filetype>rb</filetype>
      <usage_type>resource</usage_type>
      <checksum>F7D9D3CA</checksum>
    </file>
    <file>
      <filename>Siz.CoilSystemCoolingWaterHeatExchangerAssisted.rb</filename>
      <filetype>rb</filetype>
      <usage_type>resource</usage_type>
      <checksum>A57F3EB5</checksum>
    </file>
    <file>
      <filename>Siz.CoilWaterHeatingAirToWaterHeatPump.rb</filename>
      <filetype>rb</filetype>
      <usage_type>resource</usage_type>
      <checksum>A098B515</checksum>
    </file>
    <file>
      <filename>Siz.CoilWaterHeatingAirToWaterHeatPumpWrapped.rb</filename>
      <filetype>rb</filetype>
      <usage_type>resource</usage_type>
      <checksum>07E8000E</checksum>
    </file>
    <file>
      <filename>Siz.CoilWaterHeatingDesuperheater.rb</filename>
      <filetype>rb</filetype>
      <usage_type>resource</usage_type>
      <checksum>7004AE6F</checksum>
    </file>
    <file>
      <filename>Siz.ElectricLoadCenterInverterLookUpTable.rb</filename>
      <filetype>rb</filetype>
      <usage_type>resource</usage_type>
      <checksum>18EBC96E</checksum>
    </file>
    <file>
      <filename>Siz.ElectricLoadCenterInverterSimple.rb</filename>
      <filetype>rb</filetype>
      <usage_type>resource</usage_type>
      <checksum>BC32B664</checksum>
    </file>
    <file>
      <filename>Siz.ElectricLoadCenterStorageConverter.rb</filename>
      <filetype>rb</filetype>
      <usage_type>resource</usage_type>
      <checksum>6DB2193E</checksum>
    </file>
    <file>
      <filename>Siz.ElectricLoadCenterStorageSimple.rb</filename>
      <filetype>rb</filetype>
      <usage_type>resource</usage_type>
      <checksum>09891066</checksum>
    </file>
    <file>
      <filename>Siz.EvaporativeCoolerDirectResearchSpecial.rb</filename>
      <filetype>rb</filetype>
      <usage_type>resource</usage_type>
      <checksum>1838A992</checksum>
    </file>
    <file>
      <filename>Siz.EvaporativeCoolerIndirectResearchSpecial.rb</filename>
      <filetype>rb</filetype>
      <usage_type>resource</usage_type>
      <checksum>70108C0E</checksum>
    </file>
    <file>
      <filename>Siz.FanConstantVolume.rb</filename>
      <filetype>rb</filetype>
      <usage_type>resource</usage_type>
      <checksum>0873B844</checksum>
    </file>
    <file>
      <filename>Siz.FanOnOff.rb</filename>
      <filetype>rb</filetype>
      <usage_type>resource</usage_type>
      <checksum>6A4D13D9</checksum>
    </file>
    <file>
      <filename>Siz.FanVariableVolume.rb</filename>
      <filetype>rb</filetype>
      <usage_type>resource</usage_type>
      <checksum>1C8795D0</checksum>
    </file>
    <file>
      <filename>Siz.FanZoneExhaust.rb</filename>
      <filetype>rb</filetype>
      <usage_type>resource</usage_type>
      <checksum>CCBA4A1C</checksum>
    </file>
    <file>
      <filename>Siz.GeneratorFuelCellElectricalStorage.rb</filename>
      <filetype>rb</filetype>
      <usage_type>resource</usage_type>
      <checksum>77624FA8</checksum>
    </file>
    <file>
      <filename>Siz.GeneratorFuelCellInverter.rb</filename>
      <filetype>rb</filetype>
      <usage_type>resource</usage_type>
      <checksum>942DB736</checksum>
    </file>
    <file>
      <filename>Siz.GeneratorFuelCellPowerModule.rb</filename>
      <filetype>rb</filetype>
      <usage_type>resource</usage_type>
      <checksum>C00B75A0</checksum>
    </file>
    <file>
      <filename>Siz.GeneratorMicroTurbine.rb</filename>
      <filetype>rb</filetype>
      <usage_type>resource</usage_type>
      <checksum>A70FD5A9</checksum>
    </file>
    <file>
      <filename>Siz.GeneratorMicroTurbineHeatRecovery.rb</filename>
      <filetype>rb</filetype>
      <usage_type>resource</usage_type>
      <checksum>F052DDD5</checksum>
    </file>
    <file>
      <filename>Siz.HeaderedPumpsConstantSpeed.rb</filename>
      <filetype>rb</filetype>
      <usage_type>resource</usage_type>
      <checksum>E67D43EF</checksum>
    </file>
    <file>
      <filename>Siz.HeaderedPumpsVariableSpeed.rb</filename>
      <filetype>rb</filetype>
      <usage_type>resource</usage_type>
      <checksum>AA7EF4D0</checksum>
    </file>
    <file>
      <filename>Siz.HeatExchangerAirToAirSensibleAndLatent.rb</filename>
      <filetype>rb</filetype>
      <usage_type>resource</usage_type>
      <checksum>15259274</checksum>
    </file>
    <file>
      <filename>Siz.PhotovoltaicPerformanceSimple.rb</filename>
      <filetype>rb</filetype>
      <usage_type>resource</usage_type>
      <checksum>7C36F0D5</checksum>
    </file>
    <file>
      <filename>Siz.PumpConstantSpeed.rb</filename>
      <filetype>rb</filetype>
      <usage_type>resource</usage_type>
      <checksum>6FDDBF0B</checksum>
    </file>
    <file>
      <filename>Siz.PumpVariableSpeed.rb</filename>
      <filetype>rb</filetype>
      <usage_type>resource</usage_type>
      <checksum>66080483</checksum>
    </file>
    <file>
      <filename>Siz.RefrigerationSecondarySystem.rb</filename>
      <filetype>rb</filetype>
      <usage_type>resource</usage_type>
      <checksum>A7D5CDB5</checksum>
    </file>
    <file>
      <filename>Siz.RefrigerationSystem.rb</filename>
      <filetype>rb</filetype>
      <usage_type>resource</usage_type>
      <checksum>7B65FD33</checksum>
    </file>
    <file>
      <filename>Siz.RefrigerationTranscriticalSystem.rb</filename>
      <filetype>rb</filetype>
      <usage_type>resource</usage_type>
      <checksum>CC501E0D</checksum>
    </file>
    <file>
      <filename>Siz.SolarCollectorPerformancePhotovoltaicThermalSimple.rb</filename>
      <filetype>rb</filetype>
      <usage_type>resource</usage_type>
      <checksum>DB6281A3</checksum>
    </file>
    <file>
      <filename>Siz.ThermalStorageChilledWaterStratified.rb</filename>
      <filetype>rb</filetype>
      <usage_type>resource</usage_type>
      <checksum>808CA73D</checksum>
    </file>
    <file>
      <filename>Siz.WaterHeaterHeatPump.rb</filename>
      <filetype>rb</filetype>
      <usage_type>resource</usage_type>
      <checksum>921564AA</checksum>
    </file>
    <file>
      <filename>Siz.WaterHeaterHeatPumpWrappedCondenser.rb</filename>
      <filetype>rb</filetype>
      <usage_type>resource</usage_type>
      <checksum>10D00F25</checksum>
    </file>
    <file>
      <filename>Siz.WaterHeaterMixed.rb</filename>
      <filetype>rb</filetype>
      <usage_type>resource</usage_type>
      <checksum>824AF62F</checksum>
    </file>
    <file>
      <filename>Siz.WaterHeaterStratified.rb</filename>
      <filetype>rb</filetype>
      <usage_type>resource</usage_type>
      <checksum>206E2617</checksum>
    </file>
    <file>
      <filename>Siz.ZoneHVACBaseboardConvectiveElectric.rb</filename>
      <filetype>rb</filetype>
      <usage_type>resource</usage_type>
      <checksum>B3867055</checksum>
    </file>
    <file>
      <filename>Siz.ZoneHVACBaseboardConvectiveWater.rb</filename>
      <filetype>rb</filetype>
      <usage_type>resource</usage_type>
      <checksum>A4FEA8BE</checksum>
    </file>
    <file>
      <filename>Siz.ZoneHVACBaseboardRadiantConvectiveElectric.rb</filename>
      <filetype>rb</filetype>
      <usage_type>resource</usage_type>
      <checksum>DAA1D219</checksum>
    </file>
    <file>
      <filename>Siz.ZoneHVACBaseboardRadiantConvectiveWater.rb</filename>
      <filetype>rb</filetype>
      <usage_type>resource</usage_type>
      <checksum>34B5F13F</checksum>
    </file>
    <file>
      <filename>Siz.ZoneHVACEnergyRecoveryVentilator.rb</filename>
      <filetype>rb</filetype>
      <usage_type>resource</usage_type>
      <checksum>C9C059C1</checksum>
    </file>
    <file>
      <filename>Siz.ZoneHVACFourPipeFanCoil.rb</filename>
      <filetype>rb</filetype>
      <usage_type>resource</usage_type>
      <checksum>FB013CF5</checksum>
    </file>
    <file>
      <filename>Siz.ZoneHVACHighTemperatureRadiant.rb</filename>
      <filetype>rb</filetype>
      <usage_type>resource</usage_type>
      <checksum>0DDCB938</checksum>
    </file>
    <file>
      <filename>Siz.ZoneHVACIdealLoadsAirSystem.rb</filename>
      <filetype>rb</filetype>
      <usage_type>resource</usage_type>
      <checksum>F6878281</checksum>
    </file>
    <file>
      <filename>Siz.ZoneHVACLowTempRadiantConstFlow.rb</filename>
      <filetype>rb</filetype>
      <usage_type>resource</usage_type>
      <checksum>724CB9BA</checksum>
    </file>
    <file>
      <filename>Siz.ZoneHVACLowTempRadiantVarFlow.rb</filename>
      <filetype>rb</filetype>
      <usage_type>resource</usage_type>
      <checksum>90C1D509</checksum>
    </file>
    <file>
      <filename>Siz.ZoneHVACPackagedTerminalAirConditioner.rb</filename>
      <filetype>rb</filetype>
      <usage_type>resource</usage_type>
      <checksum>EF631069</checksum>
    </file>
    <file>
      <filename>Siz.ZoneHVACPackagedTerminalHeatPump.rb</filename>
      <filetype>rb</filetype>
      <usage_type>resource</usage_type>
      <checksum>21463870</checksum>
    </file>
    <file>
      <filename>Siz.ZoneHVACUnitHeater.rb</filename>
      <filetype>rb</filetype>
      <usage_type>resource</usage_type>
      <checksum>A78CF8AD</checksum>
    </file>
    <file>
      <filename>Siz.ZoneHVACUnitVentilator.rb</filename>
      <filetype>rb</filetype>
      <usage_type>resource</usage_type>
      <checksum>88194DDA</checksum>
    </file>
    <file>
      <filename>Siz.ZoneHVACWaterToAirHeatPump.rb</filename>
      <filetype>rb</filetype>
      <usage_type>resource</usage_type>
      <checksum>B96A65AB</checksum>
    </file>
    <file>
      <filename>Siz.ZoneVentilationDesignFlowRate.rb</filename>
      <filetype>rb</filetype>
      <usage_type>resource</usage_type>
      <checksum>F64945EA</checksum>
    </file>
    <file>
      <filename>Siz.AirLoopHVAC.rb</filename>
      <filetype>rb</filetype>
      <usage_type>resource</usage_type>
      <checksum>CB3048EC</checksum>
    </file>
    <file>
      <filename>Siz.AirTerminalDualDuctVAV.rb</filename>
      <filetype>rb</filetype>
      <usage_type>resource</usage_type>
      <checksum>188A0336</checksum>
    </file>
    <file>
      <filename>Siz.AirTerminalSingleDuctConstantVolumeCooledBeam.rb</filename>
      <filetype>rb</filetype>
      <usage_type>resource</usage_type>
      <checksum>497B757F</checksum>
    </file>
    <file>
      <filename>Siz.AirTerminalSingleDuctUncontrolled.rb</filename>
      <filetype>rb</filetype>
      <usage_type>resource</usage_type>
      <checksum>56A45890</checksum>
    </file>
    <file>
      <filename>Siz.AirTerminalSingleDuctVAVHeatAndCoolNoReheat.rb</filename>
      <filetype>rb</filetype>
      <usage_type>resource</usage_type>
      <checksum>07C7D411</checksum>
    </file>
    <file>
      <filename>Siz.AirTerminalSingleDuctVAVNoReheat.rb</filename>
      <filetype>rb</filetype>
      <usage_type>resource</usage_type>
      <checksum>9C7E63CE</checksum>
    </file>
    <file>
      <filename>Siz.ChillerAbsorption.rb</filename>
      <filetype>rb</filetype>
      <usage_type>resource</usage_type>
      <checksum>24B7DEF3</checksum>
    </file>
    <file>
      <filename>Siz.ChillerAbsorptionIndirect.rb</filename>
      <filetype>rb</filetype>
      <usage_type>resource</usage_type>
      <checksum>76A2678F</checksum>
    </file>
    <file>
      <filename>Siz.CoilCoolingDXMultiSpeed.rb</filename>
      <filetype>rb</filetype>
      <usage_type>resource</usage_type>
      <checksum>5DC15ADB</checksum>
    </file>
    <file>
      <filename>Siz.CoilCoolingDXTwoStageWithHumidityControlMode.rb</filename>
      <filetype>rb</filetype>
      <usage_type>resource</usage_type>
      <checksum>71B9A940</checksum>
    </file>
    <file>
      <filename>Siz.CoilCoolingDXVariableRefrigerantFlow.rb</filename>
      <filetype>rb</filetype>
      <usage_type>resource</usage_type>
      <checksum>33A2EF90</checksum>
    </file>
    <file>
      <filename>Siz.CoilCoolingDXVariableSpeed.rb</filename>
      <filetype>rb</filetype>
      <usage_type>resource</usage_type>
      <checksum>BCD84FD5</checksum>
    </file>
    <file>
      <filename>Siz.CoilCoolingLowTempRadiantVarFlow.rb</filename>
      <filetype>rb</filetype>
      <usage_type>resource</usage_type>
      <checksum>91F9A6CC</checksum>
    </file>
    <file>
      <filename>Siz.CoilCoolingWater.rb</filename>
      <filetype>rb</filetype>
      <usage_type>resource</usage_type>
      <checksum>51BF281A</checksum>
    </file>
    <file>
      <filename>Siz.CoilCoolingWaterToAirHeatPumpEquationFit.rb</filename>
      <filetype>rb</filetype>
      <usage_type>resource</usage_type>
      <checksum>56012E9D</checksum>
    </file>
    <file>
      <filename>Siz.CoilCoolingWaterToAirHeatPumpVariableSpeedEquationFit.rb</filename>
      <filetype>rb</filetype>
      <usage_type>resource</usage_type>
      <checksum>D8AC4130</checksum>
    </file>
    <file>
      <filename>Siz.CoilHeatingDXMultiSpeed.rb</filename>
      <filetype>rb</filetype>
      <usage_type>resource</usage_type>
      <checksum>A556E71E</checksum>
    </file>
    <file>
      <filename>Siz.CoilHeatingDXVariableRefrigerantFlow.rb</filename>
      <filetype>rb</filetype>
      <usage_type>resource</usage_type>
      <checksum>FA85C75A</checksum>
    </file>
    <file>
      <filename>Siz.CoilHeatingDXVariableSpeed.rb</filename>
      <filetype>rb</filetype>
      <usage_type>resource</usage_type>
      <checksum>B0795A65</checksum>
    </file>
    <file>
      <filename>Siz.CoilHeatingGasMultiStage.rb</filename>
      <filetype>rb</filetype>
      <usage_type>resource</usage_type>
      <checksum>7400F394</checksum>
    </file>
    <file>
      <filename>Siz.CoilHeatingWater.rb</filename>
      <filetype>rb</filetype>
      <usage_type>resource</usage_type>
      <checksum>4FF2C33A</checksum>
    </file>
    <file>
      <filename>Siz.CoilHeatingWaterBaseboard.rb</filename>
      <filetype>rb</filetype>
      <usage_type>resource</usage_type>
      <checksum>6FB9C164</checksum>
    </file>
    <file>
      <filename>Siz.CoilHeatingWaterBaseboardRadiant.rb</filename>
      <filetype>rb</filetype>
      <usage_type>resource</usage_type>
      <checksum>934EE18F</checksum>
    </file>
    <file>
      <filename>Siz.CoilHeatingWaterToAirHeatPumpEquationFit.rb</filename>
      <filetype>rb</filetype>
      <usage_type>resource</usage_type>
      <checksum>657F7E78</checksum>
    </file>
    <file>
      <filename>Siz.CoilHeatingWaterToAirHeatPumpVariableSpeedEquationFit.rb</filename>
      <filetype>rb</filetype>
      <usage_type>resource</usage_type>
      <checksum>4D794434</checksum>
    </file>
    <file>
      <filename>Siz.ControllerOutdoorAir.rb</filename>
      <filetype>rb</filetype>
      <usage_type>resource</usage_type>
      <checksum>FD4BA89B</checksum>
    </file>
    <file>
      <filename>Siz.CoolingTowerSingleSpeed.rb</filename>
      <filetype>rb</filetype>
      <usage_type>resource</usage_type>
      <checksum>F862AD6A</checksum>
    </file>
    <file>
      <filename>Siz.CoolingTowerTwoSpeed.rb</filename>
      <filetype>rb</filetype>
      <usage_type>resource</usage_type>
      <checksum>C4A8B2F2</checksum>
    </file>
    <file>
      <filename>Siz.CoolingTowerVariableSpeed.rb</filename>
      <filetype>rb</filetype>
      <usage_type>resource</usage_type>
      <checksum>5293C877</checksum>
    </file>
    <file>
      <filename>Siz.DistrictCooling.rb</filename>
      <filetype>rb</filetype>
      <usage_type>resource</usage_type>
      <checksum>FD1A53D3</checksum>
    </file>
    <file>
      <filename>Siz.DistrictHeating.rb</filename>
      <filetype>rb</filetype>
      <usage_type>resource</usage_type>
      <checksum>B90561CA</checksum>
    </file>
    <file>
      <filename>Siz.EvaporativeFluidCoolerSingleSpeed.rb</filename>
      <filetype>rb</filetype>
      <usage_type>resource</usage_type>
      <checksum>5F4FDB5F</checksum>
    </file>
    <file>
      <filename>Siz.EvaporativeFluidCoolerTwoSpeed.rb</filename>
      <filetype>rb</filetype>
      <usage_type>resource</usage_type>
      <checksum>DDEA76F0</checksum>
    </file>
    <file>
      <filename>Siz.FluidCoolerSingleSpeed.rb</filename>
      <filetype>rb</filetype>
      <usage_type>resource</usage_type>
      <checksum>1F2AC7B2</checksum>
    </file>
    <file>
      <filename>Siz.FluidCoolerTwoSpeed.rb</filename>
      <filetype>rb</filetype>
      <usage_type>resource</usage_type>
      <checksum>F8DAFC01</checksum>
    </file>
    <file>
      <filename>Siz.HeatExchangerFluidToFluid.rb</filename>
      <filetype>rb</filetype>
      <usage_type>resource</usage_type>
      <checksum>691BA662</checksum>
    </file>
    <file>
      <filename>Siz.HeatPumpWaterToWaterEquationFitCooling.rb</filename>
      <filetype>rb</filetype>
      <usage_type>resource</usage_type>
      <checksum>048A7C4E</checksum>
    </file>
    <file>
      <filename>Siz.HeatPumpWaterToWaterEquationFitHeating.rb</filename>
      <filetype>rb</filetype>
      <usage_type>resource</usage_type>
      <checksum>F20B147D</checksum>
    </file>
    <file>
      <filename>Siz.ModelObject.rb</filename>
      <filetype>rb</filetype>
      <usage_type>resource</usage_type>
      <checksum>24E7D789</checksum>
    </file>
    <file>
      <filename>Siz.PlantComponentTemperatureSource.rb</filename>
      <filetype>rb</filetype>
      <usage_type>resource</usage_type>
      <checksum>D20A7270</checksum>
    </file>
    <file>
      <filename>Siz.PlantLoop.rb</filename>
      <filetype>rb</filetype>
      <usage_type>resource</usage_type>
      <checksum>C51E762E</checksum>
    </file>
    <file>
      <filename>Siz.SizingSystem.rb</filename>
      <filetype>rb</filetype>
      <usage_type>resource</usage_type>
      <checksum>851989B2</checksum>
    </file>
    <file>
      <filename>Siz.SolarCollectorFlatPlatePhotovoltaicThermal.rb</filename>
      <filetype>rb</filetype>
      <usage_type>resource</usage_type>
      <checksum>E40D5FC4</checksum>
    </file>
    <file>
      <filename>Siz.ZoneHVACTerminalUnitVariableRefrigerantFlow.rb</filename>
      <filetype>rb</filetype>
      <usage_type>resource</usage_type>
      <checksum>64E512F9</checksum>
    </file>
    <file>
      <filename>Siz.HumidifierSteamElectric.rb</filename>
      <filetype>rb</filetype>
      <usage_type>resource</usage_type>
      <checksum>7D2B13E3</checksum>
    </file>
    <file>
      <filename>Siz.HVACComponent.rb</filename>
      <filetype>rb</filetype>
      <usage_type>resource</usage_type>
      <checksum>A4A694D1</checksum>
    </file>
    <file>
      <filename>Siz.Model.rb</filename>
      <filetype>rb</filetype>
      <usage_type>resource</usage_type>
      <checksum>A42AF124</checksum>
    </file>
    <file>
      <filename>Siz.ChillerElectricEIR.rb</filename>
      <filetype>rb</filetype>
      <usage_type>resource</usage_type>
      <checksum>84A1845F</checksum>
    </file>
    <file>
      <filename>Siz.ChillerHeaterPerformanceElectricEIR.rb</filename>
      <filetype>rb</filetype>
      <usage_type>resource</usage_type>
      <checksum>E8A38029</checksum>
    </file>
    <file>
      <filename>PeriodInConstName.osm</filename>
      <filetype>osm</filetype>
      <usage_type>test</usage_type>
      <checksum>E41FBCFF</checksum>
    </file>
    <file>
      <filename>add_tariff.osw</filename>
      <filetype>osw</filetype>
      <usage_type>test</usage_type>
      <checksum>BF680A60</checksum>
    </file>
    <file>
      <filename>os_results.osw</filename>
      <filetype>osw</filetype>
      <usage_type>test</usage_type>
      <checksum>8BE06CC3</checksum>
    </file>
    <file>
      <filename>ExampleModel.osm</filename>
      <filetype>osm</filetype>
      <usage_type>test</usage_type>
      <checksum>42C65747</checksum>
    </file>
    <file>
      <filename>OpenStudioResults_Test.rb</filename>
      <filetype>rb</filetype>
      <usage_type>test</usage_type>
      <checksum>A3654A6C</checksum>
    </file>
    <file>
      <filename>os_lib_reporting.rb</filename>
      <filetype>rb</filetype>
      <usage_type>resource</usage_type>
      <checksum>3F113A2D</checksum>
    </file>
    <file>
      <filename>README.md</filename>
      <filetype>md</filetype>
      <usage_type>readme</usage_type>
      <checksum>42709140</checksum>
    </file>
    <file>
      <version>
        <software_program>OpenStudio</software_program>
        <identifier>2.0.0</identifier>
        <min_compatible>3.1.0</min_compatible>
      </version>
      <filename>measure.rb</filename>
      <filetype>rb</filetype>
      <usage_type>script</usage_type>
      <checksum>9C1DCE2E</checksum>
    </file>
    <file>
      <filename>report.html.erb</filename>
      <filetype>erb</filetype>
      <usage_type>resource</usage_type>
      <checksum>5F603ADE</checksum>
    </file>
  </files>
</measure>
